time,open,high,low,close,volume,intraday_ofi_mean,intraday_ofi_std,intraday_ofi_sum,intraday_vol_sum,intraday_tick_count,intraday_high,intraday_low,daily_vpin,split_factor,dividend,close_adj,open_adj,high_adj,low_adj,log_return,overnight_return,intraday_return,hl_log_range,local_volatility,target_label,target_barrier_return,barrier_touch_time
2018-06-04 07:00:00,9.0,9.56,9.0,9.37,1439470,0.0,0.0,0.0,0.0,0.0,0.0,0.0,0.0,1.0,0.0,9.37,9.0,9.56,9.0,,,0.04028851891411143,0.0603631497270905,0.007752577534319312,1.0,0.029882604055496476,2018-06-05 07:00:00
2018-06-05 07:00:00,9.23,9.65,9.23,9.65,1452440,0.0,0.0,0.0,0.0,0.0,0.0,0.0,0.0,1.0,0.0,9.65,9.23,9.65,9.23,0.029444819100563943,-0.015054047735569911,0.04449886683613384,0.04449886683613384,0.007752577534319312,1.0,0.01865284974093262,2018-06-06 07:00:00
2018-06-06 07:00:00,9.7,9.9,9.46,9.83,1273280,0.0,0.0,0.0,0.0,0.0,0.0,0.0,0.0,1.0,0.0,9.83,9.7,9.9,9.46,0.018481018808180604,0.005167970158442377,0.013313048649738217,0.0454623740767572,0.007752577534319312,-1.0,-0.03255340793489325,2018-06-07 07:00:00
2018-06-07 07:00:00,9.7,9.79,9.46,9.51,1276620,0.0,0.0,0.0,0.0,0.0,0.0,0.0,0.0,1.0,0.0,9.51,9.7,9.79,9.46,-0.03309505760177632,-0.013313048649738151,-0.01978200895203813,0.03428907347863195,0.03400223844747832,-1.0,-0.04311251314405895,2018-06-11 07:00:00
2018-06-08 07:00:00,9.51,9.51,9.3,9.37,675770,0.0,0.0,0.0,0.0,0.0,0.0,0.0,0.0,1.0,0.0,9.37,9.51,9.51,9.3,-0.014830780306968138,0.0,-0.014830780306968138,0.022329476398088577,0.028591132936520797,-1.0,-0.028815368196371316,2018-06-11 07:00:00
2018-06-11 07:00:00,9.14,9.35,8.77,9.1,1005130,0.0,0.0,0.0,0.0,0.0,0.0,0.0,0.0,1.0,0.0,9.1,9.14,9.35,8.77,-0.029238682727526378,-0.024852710784272033,-0.0043859719432544405,0.064039536916504,0.027369893629060723,-1.0,-0.038461538461538436,2018-06-12 07:00:00
2018-06-12 07:00:00,9.1,9.1,8.54,8.75,1071950,0.0,0.0,0.0,0.0,0.0,0.0,0.0,0.0,1.0,0.0,8.75,9.1,9.1,8.54,-0.03922071315328127,0.0,-0.03922071315328127,0.06351340572232593,0.027458705446127402,-1.0,-0.0822857142857144,2018-06-19 07:00:00
2018-06-13 07:00:00,8.75,8.96,8.75,8.8,300690,0.0,0.0,0.0,0.0,0.0,0.0,0.0,0.0,1.0,0.0,8.8,8.75,8.96,8.75,0.005698021114637796,0.0,0.005698021114637796,0.023716526617316065,0.02595431021179994,-1.0,-0.08750000000000013,2018-06-19 07:00:00
2018-06-14 07:00:00,8.75,9.0,8.75,8.82,398930,0.0,0.0,0.0,0.0,0.0,0.0,0.0,0.0,1.0,0.0,8.82,8.75,9.0,8.75,0.0022701485345390775,-0.005698021114637779,0.007968169649176881,0.028170876966696224,0.024007810907810078,-1.0,-0.026077097505669,2018-06-18 07:00:00
2018-06-15 07:00:00,8.93,8.98,8.75,8.98,521160,0.0,0.0,0.0,0.0,0.0,0.0,0.0,0.0,1.0,0.0,8.980000000000002,8.930000000000001,8.980000000000002,8.750000000000002,0.017978012295408612,0.012394524869707794,0.005583487425700686,0.025946181944585135,0.024233228279276722,-1.0,-0.04342984409799577,2018-06-18 07:00:00
2018-06-18 07:00:00,8.82,8.98,8.59,8.59,505400,0.0,0.0,0.0,0.0,0.0,0.0,0.0,0.0,1.0,0.0,8.59,8.82,8.98,8.59,-0.04440114631794447,-0.017978012295408543,-0.026423134022536,0.044401146317944375,0.02683679606048485,-1.0,-0.06519208381839359,2018-06-19 07:00:00
2018-06-19 07:00:00,8.33,8.36,7.99,8.03,3233760,0.0,0.0,0.0,0.0,0.0,0.0,0.0,0.0,1.0,0.0,8.03,8.33,8.36,7.99,-0.06741420803749382,-0.03073527981741267,-0.036678928220081064,0.045267667318426935,0.03241098156663027,1.0,0.1033623910336241,2018-06-25 07:00:00
2018-06-20 07:00:00,8.17,8.36,8.03,8.26,893590,0.0,0.0,0.0,0.0,0.0,0.0,0.0,0.0,1.0,0.0,8.26,8.17,8.36,8.03,0.028240059574216502,0.01728438091324128,0.010955678660975063,0.0402738991379399,0.034445474895297534,1.0,0.07263922518159815,2018-06-25 07:00:00
2018-06-21 07:00:00,8.36,8.36,8.06,8.13,302950,0.0,0.0,0.0,0.0,0.0,0.0,0.0,0.0,1.0,0.0,8.130000000000003,8.360000000000001,8.360000000000001,8.060000000000002,-0.01586366397316719,0.012033839563723683,-0.027897503536890807,0.03654487057807314,0.03203798296636535,1.0,0.08979089790897898,2018-06-25 07:00:00
2018-06-22 07:00:00,7.94,8.29,7.94,8.29,470630,0.0,0.0,0.0,0.0,0.0,0.0,0.0,0.0,1.0,0.0,8.290000000000001,7.940000000000002,8.290000000000001,7.940000000000002,0.01948904558748412,-0.023647648300674885,0.04313669388815919,0.04313669388815919,0.03189633825266554,1.0,0.06875753920386019,2018-06-25 07:00:00
2018-06-25 07:00:00,8.36,8.86,8.36,8.86,1994310,0.0,0.0,0.0,0.0,0.0,0.0,0.0,0.0,1.0,0.0,8.860000000000001,8.360000000000001,8.860000000000001,8.360000000000001,0.06649679546978608,0.0084084579494066,0.05808833752037925,0.05808833752037925,0.03935384291224698,-1.0,-0.04627539503386002,2018-06-28 07:00:00
2018-06-26 07:00:00,8.77,9.23,8.77,8.91,2070500,0.0,0.0,0.0,0.0,0.0,0.0,0.0,0.0,1.0,0.0,8.910000000000002,8.770000000000001,9.230000000000002,8.770000000000001,0.005627476865728389,-0.010209958232897868,0.015837435098626305,0.05112224213066926,0.03690390215603514,-1.0,-0.05162738496071839,2018-06-28 07:00:00
2018-06-27 07:00:00,9.0,9.05,8.68,8.82,1253710,0.0,0.0,0.0,0.0,0.0,0.0,0.0,0.0,1.0,0.0,8.820000000000002,9.000000000000002,9.050000000000002,8.680000000000001,-0.010152371464017962,0.010050335853501506,-0.020202707317519466,0.041743229039576064,0.03483607356438332,-1.0,-0.04195011337868493,2018-06-28 07:00:00
2018-06-28 07:00:00,8.73,8.73,8.45,8.45,1025400,0.0,0.0,0.0,0.0,0.0,0.0,0.0,0.0,1.0,0.0,8.450000000000001,8.730000000000002,8.730000000000002,8.450000000000001,-0.04285542864961758,-0.01025650016718911,-0.03259892848242847,0.032598928482428395,0.0356365948170504,-1.0,-0.09349112426035489,2018-07-02 07:00:00
2018-06-29 07:00:00,8.31,8.4,8.08,8.17,1523910,0.0,0.0,0.0,0.0,0.0,0.0,0.0,0.0,1.0,0.0,8.170000000000002,8.310000000000002,8.400000000000002,8.080000000000002,-0.03369753249717088,-0.01670683250172556,-0.016990699995445363,0.03883983331626396,0.03482229107208375,-1.0,-0.062423500611995086,2018-07-02 07:00:00
2018-07-02 07:00:00,8.17,8.17,7.62,7.66,1499550,0.0,0.0,0.0,0.0,0.0,0.0,0.0,0.0,1.0,0.0,7.660000000000002,8.170000000000002,8.170000000000002,7.620000000000002,-0.06445692511941156,0.0,-0.06445692511941156,0.06969253917335663,0.03752364723554116,-1.0,-0.06919060052219328,2018-07-03 07:00:00
2018-07-03 07:00:00,7.66,7.71,7.13,7.13,2429070,0.0,0.0,0.0,0.0,0.0,0.0,0.0,0.0,1.0,0.0,7.130000000000002,7.660000000000002,7.710000000000002,7.130000000000002,-0.07170074932629543,0.0,-0.07170074932629543,0.0782069531490336,0.039895985479148535,-1.0,-0.061711079943898905,2018-07-04 07:00:00
2018-07-04 07:00:00,6.9,7.16,6.65,6.69,3357080,0.0,0.0,0.0,0.0,0.0,0.0,0.0,0.0,1.0,0.0,6.690000000000002,6.900000000000002,7.160000000000002,6.650000000000002,-0.06369736028606737,-0.03278982282299084,-0.030907537463076548,0.07389312630479146,0.040098336841562866,-1.0,-0.050822122571001604,2018-07-05 07:00:00
2018-07-05 07:00:00,6.69,7.06,6.28,6.35,1886790,0.0,0.0,0.0,0.0,0.0,0.0,0.0,0.0,1.0,0.0,6.350000000000001,6.690000000000002,7.060000000000001,6.280000000000002,-0.052159061235536916,0.0,-0.052159061235536916,0.11707507102504328,0.038840452614522805,1.0,0.06141732283464574,2018-07-06 07:00:00
2018-07-06 07:00:00,6.42,6.76,6.23,6.74,1711810,0.0,0.0,0.0,0.0,0.0,0.0,0.0,0.0,1.0,0.0,6.740000000000002,6.420000000000002,6.760000000000002,6.230000000000002,0.05960511201961545,0.010963304797269594,0.048641807222345866,0.08164655725551087,0.04600378721203288,-1.0,-0.06083086053412434,2018-07-11 07:00:00
2018-07-09 07:00:00,6.74,6.88,6.46,6.51,987200,0.0,0.0,0.0,0.0,0.0,0.0,0.0,0.0,1.0,0.0,6.5100000000000025,6.740000000000003,6.880000000000003,6.460000000000003,-0.03472046870373769,2.2204460492503128e-16,-0.0347204687037378,0.06298933415074168,0.04381054609010232,0.0,0.021505376344086446,2018-07-16 07:00:00
2018-07-10 07:00:00,6.53,6.65,6.46,6.46,811500,0.0,0.0,0.0,0.0,0.0,0.0,0.0,0.0,1.0,0.0,6.4600000000000035,6.530000000000003,6.650000000000003,6.460000000000003,-0.00771013842596721,0.0030674870678618796,-0.010777625493829154,0.028987536873252406,0.04167074425665563,0.0,0.03250773993808065,2018-07-17 07:00:00
2018-07-11 07:00:00,6.3,6.33,6.02,6.33,3233510,0.0,0.0,0.0,0.0,0.0,0.0,0.0,0.0,1.0,0.0,6.330000000000004,6.300000000000004,6.3300000000000045,6.020000000000004,-0.020329081638425672,-0.025079684397023315,0.004750602758597799,0.05021297683535521,0.039470894139115274,1.0,0.056872037914691864,2018-07-13 07:00:00
2018-07-12 07:00:00,6.33,6.56,6.3,6.56,1780470,0.0,0.0,0.0,0.0,0.0,0.0,0.0,0.0,1.0,0.0,6.560000000000003,6.330000000000003,6.560000000000002,6.3000000000000025,0.035690366799912755,-1.1102230246251565e-16,0.03569036679991296,0.04044096955851053,0.04112775782178322,1.0,0.08689024390243927,2018-07-18 07:00:00
2018-07-13 07:00:00,6.6,6.72,6.58,6.69,1453550,0.0,0.0,0.0,0.0,0.0,0.0,0.0,0.0,1.0,0.0,6.690000000000004,6.600000000000002,6.720000000000002,6.580000000000003,0.01962327118413959,0.006079046076381972,0.013544225107757471,0.021053409197832263,0.040336562328726115,1.0,0.0657698056801197,2018-07-18 07:00:00
2018-07-16 07:00:00,6.79,6.79,6.56,6.65,1338790,0.0,0.0,0.0,0.0,0.0,0.0,0.0,0.0,1.0,0.0,6.650000000000005,6.7900000000000045,6.7900000000000045,6.560000000000004,-0.005997019472374179,0.014837067430467792,-0.020834086902841914,0.03446033861460717,0.038274538672817854,1.0,0.07218045112781946,2018-07-18 07:00:00
2018-07-17 07:00:00,6.53,6.67,6.53,6.67,1475310,0.0,0.0,0.0,0.0,0.0,0.0,0.0,0.0,1.0,0.0,6.670000000000005,6.5300000000000065,6.670000000000006,6.5300000000000065,0.003003005259769556,-0.01820991137942283,0.021212916639192544,0.021212916639192544,0.03652542022155108,1.0,0.06896551724137923,2018-07-18 07:00:00
2018-07-18 07:00:00,6.74,7.13,6.74,7.13,6290100,0.0,0.0,0.0,0.0,0.0,0.0,0.0,0.0,1.0,0.0,7.130000000000004,6.740000000000005,7.130000000000004,6.740000000000005,0.06669137449867214,0.010440064996683204,0.05625130950198885,0.05625130950198885,0.04169028632770259,1.0,0.06171107994389913,2018-07-19 07:00:00
2018-07-19 07:00:00,7.29,7.57,7.16,7.57,2343330,0.0,0.0,0.0,0.0,0.0,0.0,0.0,0.0,1.0,0.0,7.570000000000006,7.2900000000000045,7.570000000000006,7.160000000000005,0.05988183302315294,0.02219231159436221,0.03768952142879074,0.05568308647680322,0.043780947200785514,-1.0,-0.04887714663143983,2018-07-23 07:00:00
2018-07-20 07:00:00,7.39,7.55,7.27,7.53,1836380,0.0,0.0,0.0,0.0,0.0,0.0,0.0,0.0,1.0,0.0,7.530000000000006,7.390000000000005,7.550000000000005,7.270000000000004,-0.005298025637555161,-0.024065332489247058,0.01876730685169196,0.03779127171550553,0.041676223089275474,-1.0,-0.043824701195219085,2018-07-23 07:00:00
2018-07-23 07:00:00,7.39,7.53,7.16,7.2,2395280,0.0,0.0,0.0,0.0,0.0,0.0,0.0,0.0,1.0,0.0,7.2000000000000055,7.390000000000005,7.530000000000006,7.160000000000005,-0.04481401578979254,-0.0187673068516919,-0.026046708938100724,0.05038506083924798,0.04227577745006788,-1.0,-0.06666666666666665,2018-07-25 07:00:00
2018-07-24 07:00:00,7.2,7.2,6.74,7.2,3821450,0.0,0.0,0.0,0.0,0.0,0.0,0.0,0.0,1.0,0.0,7.2000000000000055,7.200000000000005,7.200000000000005,6.740000000000005,0.0,-1.1102230246251565e-16,2.2204460492503128e-16,0.06602110109779398,0.04014753485078166,-1.0,-0.06666666666666665,2018-07-25 07:00:00
2018-07-25 07:00:00,7.13,7.2,6.72,6.72,2108000,0.0,0.0,0.0,0.0,0.0,0.0,0.0,0.0,1.0,0.0,6.720000000000005,7.130000000000006,7.200000000000006,6.720000000000006,-0.06899287148695143,-0.00976979159580491,-0.059223079891146536,0.06899287148695142,0.04342773767624902,1.0,0.0848214285714286,2018-07-27 07:00:00
2018-07-26 07:00:00,6.9,6.99,6.74,6.93,1475540,0.0,0.0,0.0,0.0,0.0,0.0,0.0,0.0,1.0,0.0,6.930000000000006,6.900000000000007,6.990000000000006,6.740000000000006,0.030771658666753687,0.026433257068155646,0.004338401598598141,0.03642063132150323,0.042867916624757155,1.0,0.05194805194805174,2018-07-27 07:00:00
2018-07-27 07:00:00,6.93,7.39,6.93,7.29,1853350,0.0,0.0,0.0,0.0,0.0,0.0,0.0,0.0,1.0,0.0,7.290000000000005,6.930000000000004,7.390000000000005,6.930000000000004,0.05064373281875472,-2.2204460492503136e-16,0.050643732818755144,0.06426792175829858,0.043962577853915004,0.0,0.013717421124828322,2018-08-03 07:00:00
2018-07-30 07:00:00,7.29,7.57,7.29,7.48,1777310,0.0,0.0,0.0,0.0,0.0,0.0,0.0,0.0,1.0,0.0,7.480000000000006,7.2900000000000045,7.570000000000006,7.2900000000000045,0.02572924596581916,-1.1102230246251565e-16,0.02572924596581916,0.03768952142879074,0.04241451301189792,0.0,-0.02540106951871668,2018-08-06 07:00:00
2018-07-31 07:00:00,7.48,7.66,7.39,7.39,1237610,0.0,0.0,0.0,0.0,0.0,0.0,0.0,0.0,1.0,0.0,7.390000000000005,7.480000000000006,7.6600000000000055,7.390000000000005,-0.012105057026275517,0.0,-0.012105057026275517,0.03588424879238953,0.04059568191056282,0.0,-0.03788903924221931,2018-08-07 07:00:00
2018-08-01 07:00:00,7.39,7.53,7.34,7.46,1613470,0.0,0.0,0.0,0.0,0.0,0.0,0.0,0.0,1.0,0.0,7.460000000000004,7.390000000000005,7.530000000000006,7.340000000000005,0.009427679255559046,0.0,0.009427679255559046,0.0255561991853781,0.03864023787220674,-1.0,-0.046916890080428986,2018-08-07 07:00:00
2018-08-02 07:00:00,7.41,7.46,7.18,7.39,1135180,0.0,0.0,0.0,0.0,0.0,0.0,0.0,0.0,1.0,0.0,7.390000000000004,7.4100000000000055,7.460000000000005,7.180000000000004,-0.009427679255559082,-0.006724974907673856,-0.00270270434788525,0.038256031155536746,0.036917985361566916,-1.0,-0.0378890392422192,2018-08-07 07:00:00
2018-08-03 07:00:00,7.39,7.55,7.39,7.39,919250,0.0,0.0,0.0,0.0,0.0,0.0,0.0,0.0,1.0,0.0,7.390000000000004,7.390000000000005,7.550000000000005,7.390000000000005,0.0,2.2204460492503128e-16,-1.1102230246251565e-16,0.02141982830082283,0.03509495186747704,-1.0,-0.0378890392422192,2018-08-07 07:00:00
2018-08-06 07:00:00,7.46,7.55,7.29,7.29,1379150,0.0,0.0,0.0,0.0,0.0,0.0,0.0,0.0,1.0,0.0,7.2900000000000045,7.460000000000005,7.550000000000005,7.2900000000000045,-0.013624188939543532,0.009427679255559266,-0.023051868195102833,0.03504401724036654,0.033678743961588785,1.0,0.05075445816186552,2018-08-09 07:00:00
2018-08-07 07:00:00,7.36,7.36,7.11,7.11,959190,0.0,0.0,0.0,0.0,0.0,0.0,0.0,0.0,1.0,0.0,7.110000000000004,7.360000000000004,7.360000000000004,7.110000000000004,-0.025001302205417384,0.00955638672021801,-0.034557688925635315,0.034557688925635446,0.03290976727175063,1.0,0.07735583684950775,2018-08-09 07:00:00
2018-08-08 07:00:00,7.11,7.27,7.02,7.25,1006270,0.0,0.0,0.0,0.0,0.0,0.0,0.0,0.0,1.0,0.0,7.250000000000004,7.110000000000005,7.270000000000004,7.020000000000004,0.019499225051434026,2.2204460492503128e-16,0.019499225051433807,0.034993073507708264,0.031971579934746475,1.0,0.05655172413793097,2018-08-09 07:00:00
2018-08-09 07:00:00,7.2,7.73,7.18,7.66,2340880,0.0,0.0,0.0,0.0,0.0,0.0,0.0,0.0,1.0,0.0,7.660000000000005,7.200000000000005,7.730000000000006,7.180000000000004,0.05501051488591646,-0.006920442844573795,0.0619309577304903,0.07380947953919795,0.0346749608246893,0.0,-0.024804177545691974,2018-08-16 07:00:00
2018-08-10 07:00:00,7.69,7.71,7.55,7.59,1224940,0.0,0.0,0.0,0.0,0.0,0.0,0.0,0.0,1.0,0.0,7.590000000000005,7.690000000000006,7.710000000000005,7.550000000000005,-0.009180392344961251,0.003908799765052861,-0.013089192110014162,0.020970624314304718,0.03325084951779803,0.0,0.019762845849802257,2018-08-17 07:00:00
2018-08-13 07:00:00,7.62,7.83,7.57,7.62,1699830,0.0,0.0,0.0,0.0,0.0,0.0,0.0,0.0,1.0,0.0,7.6200000000000045,7.620000000000005,7.830000000000005,7.570000000000006,0.003944778291016325,0.003944778291016325,-1.1102230246251565e-16,0.0337694425533542,0.031615476106497245,1.0,0.06430446194225703,2018-08-20 07:00:00
2018-08-14 07:00:00,7.81,7.81,7.67,7.67,1250210,0.0,0.0,0.0,0.0,0.0,0.0,0.0,0.0,1.0,0.0,7.670000000000005,7.810000000000005,7.810000000000005,7.670000000000005,0.006540245680609975,0.024628594153039793,-0.018088348472429735,0.018088348472429815,0.030073204305813984,1.0,0.05736636245110782,2018-08-20 07:00:00
2018-08-15 07:00:00,7.67,7.69,7.52,7.52,1092560,0.0,0.0,0.0,0.0,0.0,0.0,0.0,0.0,1.0,0.0,7.520000000000004,7.670000000000005,7.690000000000006,7.520000000000005,-0.019750477417416482,0.0,-0.019750477417416482,0.02235464555580427,0.029485061258974384,1.0,0.07845744680851041,2018-08-20 07:00:00
2018-08-16 07:00:00,7.32,7.54,7.32,7.47,762080,0.0,0.0,0.0,0.0,0.0,0.0,0.0,0.0,1.0,0.0,7.470000000000004,7.320000000000005,7.540000000000005,7.320000000000005,-0.006671138817022535,-0.026955809988528104,0.020284671171505717,0.029611854046644653,0.028153155815242623,1.0,0.03614457831325302,2018-08-17 07:00:00
2018-08-17 07:00:00,7.52,7.76,7.52,7.74,1195940,0.0,0.0,0.0,0.0,0.0,0.0,0.0,0.0,1.0,0.0,7.740000000000005,7.520000000000005,7.760000000000005,7.520000000000005,0.03550668845690982,0.006671138817022601,0.02883554963988732,0.031416196233378914,0.02873151448832729,1.0,0.04780361757105922,2018-08-20 07:00:00
2018-08-20 07:00:00,7.74,8.2,7.72,8.11,3190220,0.0,0.0,0.0,0.0,0.0,0.0,0.0,0.0,1.0,0.0,8.110000000000003,7.740000000000004,8.200000000000003,7.720000000000003,0.0466961805256856,-1.1102230246251565e-16,0.0466961805256856,0.06031979023352262,0.03017480916672867,0.0,0.023427866831073008,2018-08-27 07:00:00
2018-08-21 07:00:00,8.06,8.25,8.06,8.15,1396440,0.0,0.0,0.0,0.0,0.0,0.0,0.0,0.0,1.0,0.0,8.150000000000004,8.060000000000004,8.250000000000004,8.060000000000004,0.004920059125449853,-0.006184311608784545,0.011104370734234356,0.02329964382805264,0.028714125364889983,0.0,0.0122699386503069,2018-08-28 07:00:00
2018-08-22 07:00:00,8.13,8.42,8.13,8.25,1590470,0.0,0.0,0.0,0.0,0.0,0.0,0.0,0.0,1.0,0.0,8.250000000000004,8.130000000000004,8.420000000000003,8.130000000000004,0.012195273093818206,-0.002457003693052103,0.014652276786870196,0.035048904694516096,0.027336655682992747,0.0,0.0121212121212122,2018-08-29 07:00:00
2018-08-23 07:00:00,8.15,8.28,8.13,8.13,1083800,0.0,0.0,0.0,0.0,0.0,0.0,0.0,0.0,1.0,0.0,8.130000000000004,8.150000000000004,8.280000000000003,8.130000000000004,-0.014652276786870262,-0.012195273093818243,-0.002457003693052103,0.018282044837448854,0.026911223217521825,1.0,0.027060270602705883,2018-08-24 07:00:00
2018-08-24 07:00:00,8.13,8.5,8.06,8.35,1550180,0.0,0.0,0.0,0.0,0.0,0.0,0.0,0.0,1.0,0.0,8.350000000000003,8.130000000000004,8.500000000000004,8.060000000000004,0.02670061530304475,0.0,0.02670061530304475,0.053152606977733705,0.026330171564406694,0.0,0.020359281437125842,2018-08-31 07:00:00
2018-08-27 07:00:00,8.42,8.57,8.25,8.3,1460270,0.0,0.0,0.0,0.0,0.0,0.0,0.0,0.0,1.0,0.0,8.300000000000004,8.420000000000003,8.570000000000004,8.250000000000004,-0.006006024060211698,0.008348289391471244,-0.014354313451683054,0.03805453226309883,0.02540274003763888,1.0,0.026506024096385694,2018-08-31 07:00:00
2018-08-28 07:00:00,8.35,8.4,8.23,8.25,1160720,0.0,0.0,0.0,0.0,0.0,0.0,0.0,0.0,1.0,0.0,8.250000000000005,8.350000000000005,8.400000000000006,8.230000000000006,-0.006042314455962474,0.006006024060211949,-0.01204833851617448,0.02044569116028952,0.024468041148507317,1.0,0.032727272727272716,2018-08-31 07:00:00
2018-08-29 07:00:00,8.25,8.45,8.2,8.35,1342500,0.0,0.0,0.0,0.0,0.0,0.0,0.0,0.0,1.0,0.0,8.350000000000005,8.250000000000005,8.450000000000005,8.200000000000005,0.012048338516174355,0.0,0.012048338516174355,0.030032287098875076,0.023352694950278377,-1.0,-0.03473053892215561,2018-09-06 07:00:00
2018-08-30 07:00:00,8.28,8.45,8.28,8.4,1144140,0.0,0.0,0.0,0.0,0.0,0.0,0.0,0.0,1.0,0.0,8.400000000000006,8.280000000000005,8.450000000000005,8.280000000000005,0.005970166986503975,-0.00841857046559579,0.01438873745209967,0.020323472971914027,0.02221057976345512,-1.0,-0.02619047619047621,2018-09-05 07:00:00
2018-08-31 07:00:00,8.45,8.72,8.42,8.52,1861800,0.0,0.0,0.0,0.0,0.0,0.0,0.0,0.0,1.0,0.0,8.520000000000005,8.450000000000005,8.720000000000006,8.420000000000005,0.014184634991956381,0.0059347355198145265,0.00824989947214184,0.035009409666653016,0.02126206986408368,-1.0,-0.039906103286384886,2018-09-05 07:00:00
2018-09-04 07:00:00,8.55,8.72,8.37,8.37,1072250,0.0,0.0,0.0,0.0,0.0,0.0,0.0,0.0,1.0,0.0,8.370000000000005,8.550000000000006,8.720000000000006,8.370000000000005,-0.017762456339840388,0.003514942107444592,-0.021277398447285076,0.04096535341950444,0.021549066749213166,-1.0,-0.02270011947431294,2018-09-05 07:00:00
2018-09-05 07:00:00,8.35,8.42,8.18,8.18,1639130,0.0,0.0,0.0,0.0,0.0,0.0,0.0,0.0,1.0,0.0,8.180000000000005,8.350000000000005,8.420000000000005,8.180000000000005,-0.022961733886728182,-0.002392345638619824,-0.02056938824810841,0.028917677639579586,0.022112616490357707,-1.0,-0.02689486552567244,2018-09-10 07:00:00
2018-09-06 07:00:00,8.3,8.3,8.06,8.06,958240,0.0,0.0,0.0,0.0,0.0,0.0,0.0,0.0,1.0,0.0,8.060000000000006,8.300000000000006,8.300000000000006,8.060000000000006,-0.014778594096118607,0.014563364187896728,-0.02934195828401532,0.029341958284015375,0.021627790084802107,1.0,0.029776674937965097,2018-09-12 07:00:00
2018-09-07 07:00:00,8.06,8.2,8.01,8.15,679850,0.0,0.0,0.0,0.0,0.0,0.0,0.0,0.0,1.0,0.0,8.150000000000006,8.060000000000006,8.200000000000005,8.010000000000005,0.011104370734234356,0.0,0.011104370734234356,0.023443393189939415,0.02082412476712121,-1.0,-0.02331288343558291,2018-09-10 07:00:00
2018-09-10 07:00:00,8.18,8.25,7.91,7.96,1405240,0.0,0.0,0.0,0.0,0.0,0.0,0.0,0.0,1.0,0.0,7.960000000000004,8.180000000000005,8.250000000000005,7.9100000000000055,-0.023588927396479786,0.0036742233618843254,-0.02726315075836411,0.04208541856702702,0.021187648451334015,1.0,0.023869346733668362,2018-09-11 07:00:00
2018-09-11 07:00:00,7.96,8.15,7.91,8.15,1687080,0.0,0.0,0.0,0.0,0.0,0.0,0.0,0.0,1.0,0.0,8.150000000000004,7.9600000000000035,8.150000000000004,7.910000000000004,0.023588927396479713,-1.1102230246251565e-16,0.023588927396479713,0.029890145473208913,0.021470922782040398,1.0,0.024539877300613577,2018-09-13 07:00:00
2018-09-12 07:00:00,8.25,8.42,8.18,8.3,1592330,0.0,0.0,0.0,0.0,0.0,0.0,0.0,0.0,1.0,0.0,8.300000000000004,8.250000000000004,8.420000000000003,8.180000000000003,0.018237587549781012,0.012195273093818206,0.006042314455962662,0.028917677639579586,0.021046558204085367,0.0,-0.002409638554217275,2018-09-19 07:00:00
2018-09-13 07:00:00,8.37,8.4,8.28,8.35,633830,0.0,0.0,0.0,0.0,0.0,0.0,0.0,0.0,1.0,0.0,8.350000000000005,8.370000000000005,8.400000000000006,8.280000000000005,0.006006024060211949,0.008398369698831641,-0.002392345638619824,0.01438873745209967,0.020039486558490208,-1.0,-0.02395209580838331,2018-09-17 07:00:00
2018-09-14 07:00:00,8.4,8.42,8.2,8.35,1023380,0.0,0.0,0.0,0.0,0.0,0.0,0.0,0.0,1.0,0.0,8.350000000000005,8.400000000000006,8.420000000000005,8.200000000000005,0.0,0.005970166986503975,-0.005970166986503908,0.026475673984027955,0.019085687774260927,-1.0,-0.02395209580838331,2018-09-17 07:00:00
2018-09-17 07:00:00,8.25,8.3,8.15,8.15,784500,0.0,0.0,0.0,0.0,0.0,0.0,0.0,0.0,1.0,0.0,8.150000000000004,8.250000000000004,8.300000000000004,8.150000000000004,-0.024243611609992853,-0.012048338516174706,-0.012195273093818243,0.018237587549781012,0.019914818522774796,1.0,0.057668711656441385,2018-09-20 07:00:00
2018-09-18 07:00:00,8.01,8.23,7.98,8.23,1784550,0.0,0.0,0.0,0.0,0.0,0.0,0.0,0.0,1.0,0.0,8.230000000000004,8.010000000000003,8.230000000000004,7.980000000000004,0.009768087436207048,-0.0173271661725035,0.027095253608710654,0.030847603227261017,0.01915360640144148,1.0,0.04738760631834715,2018-09-20 07:00:00
2018-09-19 07:00:00,8.25,8.5,8.2,8.28,2806830,0.0,0.0,0.0,0.0,0.0,0.0,0.0,0.0,1.0,0.0,8.280000000000001,8.250000000000002,8.500000000000002,8.200000000000001,0.006056953708189461,0.002427185657610916,0.003629768050578731,0.03593200922606337,0.01827577213435728,1.0,0.04106280193236711,2018-09-20 07:00:00
2018-09-20 07:00:00,8.3,8.64,8.3,8.62,2648540,0.0,0.0,0.0,0.0,0.0,0.0,0.0,0.0,1.0,0.0,8.620000000000001,8.300000000000002,8.640000000000002,8.300000000000002,0.04024211627843337,0.0024125464053841475,0.037829569873049355,0.040147068013411946,0.020903467042769238,1.0,0.022041763341067444,2018-09-27 07:00:00
2018-09-21 07:00:00,8.64,8.69,8.45,8.64,2304770,0.0,0.0,0.0,0.0,0.0,0.0,0.0,0.0,1.0,0.0,8.640000000000002,8.640000000000002,8.690000000000001,8.450000000000001,0.002317498140362704,0.002317498140362704,0.0,0.02800649790821816,0.019904015983652563,0.0,0.003472222222222099,2018-09-28 07:00:00
2018-09-24 07:00:00,8.79,8.79,8.55,8.62,2067020,0.0,0.0,0.0,0.0,0.0,0.0,0.0,0.0,1.0,0.0,8.620000000000001,8.790000000000001,8.790000000000001,8.550000000000002,-0.0023174981403627014,0.017212128881121207,-0.01952962702148393,0.027683428748416648,0.019062912999441184,1.0,0.022041763341067444,2018-09-27 07:00:00
2018-09-25 07:00:00,8.62,8.96,8.55,8.77,2965510,0.0,0.0,0.0,0.0,0.0,0.0,0.0,0.0,1.0,0.0,8.770000000000001,8.620000000000001,8.960000000000003,8.550000000000002,0.017251721708489962,0.0,0.017251721708489962,0.04683894403817033,0.01854207540790138,-1.0,-0.02850627137970352,2018-10-01 07:00:00
2018-09-26 07:00:00,8.79,8.96,8.77,8.77,2331850,0.0,0.0,0.0,0.0,0.0,0.0,0.0,0.0,1.0,0.0,8.770000000000001,8.790000000000001,8.960000000000003,8.770000000000001,0.0,0.002277905312993867,-0.002277905312993954,0.02143342060274746,0.017717351074255386,-1.0,-0.02850627137970352,2018-10-01 07:00:00
2018-09-27 07:00:00,8.77,8.84,8.72,8.81,1415180,0.0,0.0,0.0,0.0,0.0,0.0,0.0,0.0,1.0,0.0,8.810000000000002,8.770000000000001,8.840000000000002,8.720000000000002,0.004550633563996509,0.0,0.004550633563996509,0.013667638728663615,0.016853024299097737,-1.0,-0.03291713961407505,2018-10-01 07:00:00
2018-09-28 07:00:00,8.79,8.84,8.67,8.67,2019590,0.0,0.0,0.0,0.0,0.0,0.0,0.0,0.0,1.0,0.0,8.670000000000002,8.790000000000001,8.840000000000002,8.670000000000002,-0.016018649155637714,-0.0022727282510026777,-0.013745920904635014,0.019418085857101516,0.017237472530348207,-1.0,-0.01730103806228378,2018-10-01 07:00:00
2018-10-01 07:00:00,8.62,8.69,8.45,8.52,2019540,0.0,0.0,0.0,0.0,0.0,0.0,0.0,0.0,1.0,0.0,8.520000000000001,8.620000000000001,8.690000000000001,8.450000000000001,-0.017452449951226166,-0.005783706116848806,-0.011668743834377267,0.02800649790821816,0.017516826006895997,1.0,0.03169014084507027,2018-10-04 07:00:00
2018-10-02 07:00:00,8.45,8.64,8.42,8.5,1167700,0.0,0.0,0.0,0.0,0.0,0.0,0.0,0.0,1.0,0.0,8.500000000000002,8.450000000000001,8.640000000000002,8.420000000000002,-0.0023501773449535156,-0.008249899472141949,0.005899722127188322,0.02579275456172898,0.016693395517134967,1.0,0.034117647058823364,2018-10-04 07:00:00
2018-10-03 07:00:00,8.5,8.69,8.5,8.59,987810,0.0,0.0,0.0,0.0,0.0,0.0,0.0,0.0,1.0,0.0,8.590000000000002,8.500000000000002,8.690000000000001,8.500000000000002,0.010532572499893152,0.0,0.010532572499893152,0.022106775781029778,0.016149937010728897,1.0,0.023282887077997527,2018-10-04 07:00:00
2018-10-04 07:00:00,8.69,8.79,8.59,8.79,1304560,0.0,0.0,0.0,0.0,0.0,0.0,0.0,0.0,1.0,0.0,8.790000000000001,8.690000000000001,8.790000000000001,8.590000000000002,0.023015975700921485,0.011574203281136706,0.01144177241978486,0.023015975700921485,0.01665216130944774,-1.0,-0.025028441410693825,2018-10-10 07:00:00
2018-10-05 07:00:00,8.74,8.86,8.64,8.69,1902650,0.0,0.0,0.0,0.0,0.0,0.0,0.0,0.0,1.0,0.0,8.690000000000001,8.740000000000002,8.860000000000001,8.640000000000002,-0.011441772419784942,-0.0057045220296413615,-0.005737250390143459,0.025144181801025164,0.016483324669783743,-1.0,-0.08170310701956274,2018-10-11 07:00:00
2018-10-08 07:00:00,8.59,8.89,8.55,8.69,3366990,0.0,0.0,0.0,0.0,0.0,0.0,0.0,0.0,1.0,0.0,8.690000000000001,8.590000000000002,8.890000000000002,8.550000000000002,0.0,-0.011574203281136678,0.011574203281136706,0.03899576657714434,0.015693470975284785,-1.0,-0.08170310701956274,2018-10-11 07:00:00
2018-10-09 07:00:00,8.69,8.79,8.67,8.72,2863320,0.0,0.0,0.0,0.0,0.0,0.0,0.0,0.0,1.0,0.0,8.720000000000002,8.690000000000001,8.790000000000001,8.670000000000002,0.003446298643587649,0.0,0.003446298643587649,0.013745920904635136,0.014933296626134499,-1.0,-0.017201834862385357,2018-10-10 07:00:00
2018-10-10 07:00:00,8.72,8.79,8.57,8.57,1476310,0.0,0.0,0.0,0.0,0.0,0.0,0.0,0.0,1.0,0.0,8.570000000000002,8.720000000000002,8.790000000000001,8.570000000000002,-0.017351505311199875,0.0,-0.017351505311199875,0.02534697908739706,0.015374449660416314,-1.0,-0.06884480746791144,2018-10-11 07:00:00
2018-10-11 07:00:00,8.11,8.3,7.98,7.98,6901570,0.0,0.0,0.0,0.0,0.0,0.0,0.0,0.0,1.0,0.0,7.980000000000001,8.110000000000001,8.300000000000002,7.980000000000002,-0.07132932114797115,-0.05516986448236693,-0.016159456665604092,0.03931710334083484,0.026068315984792364,0.0,0.016290726817042467,2018-10-18 07:00:00
2018-10-12 07:00:00,7.81,8.13,7.69,8.06,1240530,0.0,0.0,0.0,0.0,0.0,0.0,0.0,0.0,1.0,0.0,8.060000000000002,7.810000000000001,8.130000000000003,7.690000000000002,0.009975145056819745,-0.021533447610122772,0.03150859266694248,0.05564014004216675,0.025287596939736444,0.0,-2.220446049250313e-16,2018-10-19 07:00:00
2018-10-15 07:00:00,8.06,8.06,7.86,7.89,958320,0.0,0.0,0.0,0.0,0.0,0.0,0.0,0.0,1.0,0.0,7.890000000000001,8.060000000000002,8.060000000000002,7.860000000000002,-0.02131742166075431,0.0,-0.02131742166075431,0.02512695007742186,0.024554116115465506,1.0,0.032953105196451116,2018-10-17 07:00:00
2018-10-16 07:00:00,7.91,8.06,7.84,8.01,1996370,0.0,0.0,0.0,0.0,0.0,0.0,0.0,0.0,1.0,0.0,8.01,7.91,8.06,7.84,0.015094626222484888,0.002531646921779505,0.012562979300705398,0.0276747221562205,0.024243729406779206,-1.0,-0.06367041198501866,2018-10-22 07:00:00
2018-10-17 07:00:00,8.06,8.2,8.06,8.15,1104280,0.0,0.0,0.0,0.0,0.0,0.0,0.0,0.0,1.0,0.0,8.15,8.06,8.2,8.06,0.01732716617250353,0.006222795438269086,0.011104370734234356,0.01722059775167034,0.023973908582367604,-1.0,-0.07975460122699396,2018-10-22 07:00:00
2018-10-18 07:00:00,8.06,8.15,8.06,8.11,865300,0.0,0.0,0.0,0.0,0.0,0.0,0.0,0.0,1.0,0.0,8.11,8.06,8.15,8.06,-0.00492005912544987,-0.011104370734234353,0.006184311608784522,0.011104370734234356,0.022816635378217737,-1.0,-0.07521578298397036,2018-10-22 07:00:00
2018-10-19 07:00:00,7.86,8.11,7.86,8.06,1283640,0.0,0.0,0.0,0.0,0.0,0.0,0.0,0.0,1.0,0.0,8.06,7.86,8.11,7.86,-0.006184311608784545,-0.031311261686206286,0.02512695007742186,0.031311261686206196,0.021729586052524584,-1.0,-0.06947890818858571,2018-10-22 07:00:00
2018-10-22 07:00:00,8.11,8.11,7.5,7.5,7334150,0.0,0.0,0.0,0.0,0.0,0.0,0.0,0.0,1.0,0.0,7.5,8.11,8.11,7.5,-0.07201053597627227,0.006184311608784522,-0.07819484758505675,0.07819484758505672,0.029322906693015516,-1.0,-0.06533333333333335,2018-10-24 07:00:00
2018-10-23 07:00:00,7.32,7.47,7.03,7.42,1906270,0.0,0.0,0.0,0.0,0.0,0.0,0.0,0.0,1.0,0.0,7.42,7.32,7.47,7.03,-0.010723963362975724,-0.024292692569044472,0.013568729206068796,0.06070829332215223,0.02789390594697757,-1.0,-0.055256064690026974,2018-10-24 07:00:00
2018-10-24 07:00:00,7.28,7.42,7.01,7.01,1265460,0.0,0.0,0.0,0.0,0.0,0.0,0.0,0.0,1.0,0.0,7.01,7.28,7.42,7.01,-0.05684135613279038,-0.019048194970694474,-0.037793161162095974,0.056841356132790316,0.030100680757273856,-1.0,-0.04279600570613418,2018-10-29 07:00:00
2018-10-25 07:00:00,6.59,7.11,6.59,7.11,1517540,0.0,0.0,0.0,0.0,0.0,0.0,0.0,0.0,1.0,0.0,7.11,6.59,7.11,6.59,0.01416454276865085,-0.06178435253208285,0.07594889530073379,0.07594889530073379,0.029873165104111508,-1.0,-0.03797468354430389,2018-10-26 07:00:00
2018-10-26 07:00:00,7.23,7.25,6.84,6.84,895590,0.0,0.0,0.0,0.0,0.0,0.0,0.0,0.0,1.0,0.0,6.84,7.23,7.25,6.84,-0.03871451218069051,0.016736792355523826,-0.05545130453621426,0.058213737232124245,0.02957844480028466,0.0,0.020467836257310523,2018-11-02 07:00:00
2018-10-29 07:00:00,6.93,6.93,6.69,6.71,917090,0.0,0.0,0.0,0.0,0.0,0.0,0.0,0.0,1.0,0.0,6.709999999999999,6.929999999999999,6.929999999999999,6.6899999999999995,-0.019188780650868768,0.0130720815673527,-0.032260862218221435,0.03524593906167467,0.028177393173045774,1.0,0.0327868852459019,2018-10-31 07:00:00
2018-10-30 07:00:00,6.69,6.84,6.45,6.67,836340,0.0,0.0,0.0,0.0,0.0,0.0,0.0,0.0,1.0,0.0,6.67,6.69,6.84,6.45,-0.005979091056057959,-0.002985076843453174,-0.0029940142126047777,0.05870760082677791,0.026925412568337644,1.0,0.038980509745127456,2018-10-31 07:00:00
2018-10-31 07:00:00,6.71,6.93,6.71,6.93,790110,0.0,0.0,0.0,0.0,0.0,0.0,0.0,0.0,1.0,0.0,6.930000000000001,6.710000000000002,6.9300000000000015,6.710000000000002,0.03823995327427953,0.005979091056058451,0.03226086221822126,0.03226086221822148,0.03001280229945232,1.0,0.038961038961039085,2018-11-06 07:00:00
2018-11-01 07:00:00,6.93,7.01,6.79,6.79,700930,0.0,0.0,0.0,0.0,0.0,0.0,0.0,0.0,1.0,0.0,6.790000000000002,6.9300000000000015,7.010000000000002,6.790000000000002,-0.020408871631206898,2.2204460492503128e-16,-0.020408871631207012,0.03188675947589385,0.02876236367217901,1.0,0.042709867452135564,2018-11-05 07:00:00
2018-11-02 07:00:00,6.84,7.03,6.84,6.98,601390,0.0,0.0,0.0,0.0,0.0,0.0,0.0,0.0,1.0,0.0,6.980000000000003,6.8400000000000025,7.030000000000004,6.8400000000000025,0.027597975203676465,0.007336790063854529,0.020261185139822144,0.02739897418811456,0.029594849702352932,1.0,0.031518624641833526,2018-11-06 07:00:00
2018-11-05 07:00:00,6.98,7.08,6.91,7.08,462510,0.0,0.0,0.0,0.0,0.0,0.0,0.0,0.0,1.0,0.0,7.080000000000002,6.980000000000002,7.080000000000002,6.910000000000002,0.014224990931347041,-1.1102230246251565e-16,0.01422499093134726,0.02430426992604995,0.028821408994280998,0.0,-0.016949152542372947,2018-11-12 07:00:00
2018-11-06 07:00:00,7.13,7.3,7.13,7.2,976720,0.0,0.0,0.0,0.0,0.0,0.0,0.0,0.0,1.0,0.0,7.200000000000002,7.130000000000002,7.300000000000002,7.130000000000002,0.01680711831638119,0.007037326720576084,0.00976979159580503,0.023563113728140902,0.028145429624203844,-1.0,-0.03750000000000009,2018-11-09 07:00:00
2018-11-07 07:00:00,7.2,7.2,6.93,7.03,513590,0.0,0.0,0.0,0.0,0.0,0.0,0.0,0.0,1.0,0.0,7.030000000000002,7.200000000000002,7.200000000000002,6.9300000000000015,-0.023894320199436117,0.0,-0.023894320199436117,0.03822121282019788,0.027547709518788467,0.0,-0.007112375533428028,2018-11-14 07:00:00
2018-11-08 07:00:00,7.23,7.23,7.06,7.08,289610,0.0,0.0,0.0,0.0,0.0,0.0,0.0,0.0,1.0,0.0,7.080000000000002,7.230000000000002,7.230000000000002,7.060000000000001,0.007087201883054831,0.028052330348099896,-0.020965128465044964,0.023793984665522645,0.02643004639124026,0.0,-0.016949152542372725,2018-11-15 07:00:00
2018-11-09 07:00:00,7.08,7.18,6.93,6.93,416080,0.0,0.0,0.0,0.0,0.0,0.0,0.0,0.0,1.0,0.0,6.9300000000000015,7.080000000000002,7.1800000000000015,6.9300000000000015,-0.021414094503816584,0.0,-0.021414094503816584,0.03543956985832102,0.025725338369377505,0.0,0.018759018759018975,2018-11-16 07:00:00
2018-11-12 07:00:00,6.93,7.08,6.86,6.96,750960,0.0,0.0,0.0,0.0,0.0,0.0,0.0,0.0,1.0,0.0,6.960000000000002,6.9300000000000015,7.080000000000002,6.860000000000002,0.00431966114451638,0.0,0.00431966114451638,0.03156646596783451,0.02463085609125784,1.0,0.08045977011494254,2018-11-19 07:00:00
2018-11-13 07:00:00,6.93,7.11,6.86,6.96,885810,0.0,0.0,0.0,0.0,0.0,0.0,0.0,0.0,1.0,0.0,6.960000000000002,6.9300000000000015,7.110000000000002,6.860000000000002,0.0,-0.004319661144516396,0.00431966114451638,0.03579480207735555,0.02346162918170961,1.0,0.08045977011494254,2018-11-19 07:00:00
2018-11-14 07:00:00,6.96,7.11,6.96,6.98,477000,0.0,0.0,0.0,0.0,0.0,0.0,0.0,0.0,1.0,0.0,6.980000000000003,6.960000000000003,7.110000000000004,6.960000000000003,0.0028694424279529607,2.2204460492503128e-16,0.0028694424279529607,0.021322769468821463,0.02240500737574998,1.0,0.07736389684813738,2018-11-19 07:00:00
2018-11-15 07:00:00,6.89,7.08,6.89,6.96,562910,0.0,0.0,0.0,0.0,0.0,0.0,0.0,0.0,1.0,0.0,6.960000000000003,6.890000000000002,7.080000000000004,6.890000000000002,-0.0028694424279529316,-0.012977831748713989,0.010108389320761057,0.02720282268006142,0.02131152497010486,1.0,0.08045977011494254,2018-11-19 07:00:00
2018-11-16 07:00:00,7.03,7.13,6.98,7.06,734580,0.0,0.0,0.0,0.0,0.0,0.0,0.0,0.0,1.0,0.0,7.060000000000003,7.030000000000004,7.1300000000000034,6.980000000000003,0.01426557715882244,0.010007231476245396,0.004258345682577025,0.021262317651923532,0.02093406344003763,1.0,0.06515580736543902,2018-11-19 07:00:00
2018-11-19 07:00:00,7.11,7.52,7.11,7.52,1075710,0.0,0.0,0.0,0.0,0.0,0.0,0.0,0.0,1.0,0.0,7.520000000000002,7.110000000000004,7.520000000000003,7.110000000000004,0.06312108645659768,0.007057192309998979,0.05606389414659863,0.05606389414659884,0.02782963759030448,0.0,-0.0066489361702127825,2018-11-26 07:00:00
2018-11-20 07:00:00,7.52,7.52,7.4,7.42,625260,0.0,0.0,0.0,0.0,0.0,0.0,0.0,0.0,1.0,0.0,7.420000000000003,7.520000000000003,7.520000000000003,7.400000000000004,-0.013387080782459296,2.2204460492503128e-16,-0.013387080782459409,0.016086137751624225,0.027026796238468008,0.0,0.006738544474393482,2018-11-27 07:00:00
2018-11-21 07:00:00,7.3,7.59,7.25,7.52,1090450,0.0,0.0,0.0,0.0,0.0,0.0,0.0,0.0,1.0,0.0,7.520000000000002,7.300000000000003,7.590000000000003,7.2500000000000036,0.013387080782459279,-0.01630470902494347,0.029691789807402783,0.0458301225409552,0.025897585841650476,0.0,-0.0026595744680851796,2018-11-28 07:00:00
2018-11-22 07:00:00,7.62,7.64,7.47,7.52,837390,0.0,0.0,0.0,0.0,0.0,0.0,0.0,0.0,1.0,0.0,7.520000000000002,7.620000000000004,7.640000000000003,7.470000000000003,0.0,0.013210231736806702,-0.013210231736806575,0.022502604033703244,0.024662665497686108,0.0,-1.1102230246251565e-16,2018-11-29 07:00:00
2018-11-23 07:00:00,7.42,7.57,7.37,7.52,772920,0.0,0.0,0.0,0.0,0.0,0.0,0.0,0.0,1.0,0.0,7.520000000000002,7.4200000000000035,7.570000000000004,7.370000000000004,0.0,-0.013387080782459185,0.013387080782459279,0.026775361248112268,0.023483930496430404,0.0,0.013297872340425565,2018-11-30 07:00:00
2018-11-26 07:00:00,7.45,7.5,7.42,7.47,611080,0.0,0.0,0.0,0.0,0.0,0.0,0.0,0.0,1.0,0.0,7.470000000000002,7.450000000000004,7.5000000000000036,7.4200000000000035,-0.006671138817022535,-0.009352105570280064,0.002680966753257521,0.010723963362975642,0.022536960298704615,1.0,0.03346720214190069,2018-12-03 07:00:00
2018-11-27 07:00:00,7.47,7.52,7.42,7.47,1289020,0.0,0.0,0.0,0.0,0.0,0.0,0.0,0.0,1.0,0.0,7.470000000000002,7.470000000000003,7.520000000000003,7.4200000000000035,0.0,2.2204460492503128e-16,-1.1102230246251565e-16,0.013387080782459279,0.02144823422318171,1.0,0.03346720214190069,2018-12-03 07:00:00
2018-11-28 07:00:00,7.47,7.54,7.42,7.5,905990,0.0,0.0,0.0,0.0,0.0,0.0,0.0,0.0,1.0,0.0,7.500000000000002,7.4700000000000015,7.540000000000002,7.420000000000002,0.004008021397538647,-1.1102230246251565e-16,0.004008021397538868,0.016043124840575684,0.02040949067422591,1.0,0.02933333333333321,2018-12-03 07:00:00
2018-11-29 07:00:00,7.5,7.62,7.47,7.52,1119700,0.0,0.0,0.0,0.0,0.0,0.0,0.0,0.0,1.0,0.0,7.520000000000001,7.500000000000002,7.620000000000002,7.4700000000000015,0.0026631174194836284,0.0,0.0026631174194836284,0.019881370553828995,0.019413646471628496,1.0,0.026595744680850908,2018-12-03 07:00:00
2018-11-30 07:00:00,7.57,7.62,7.47,7.62,1330190,0.0,0.0,0.0,0.0,0.0,0.0,0.0,0.0,1.0,0.0,7.620000000000002,7.570000000000002,7.620000000000002,7.4700000000000015,0.013210231736806482,0.006626929487609078,0.006583302249197396,0.019881370553828995,0.018755488897363348,-1.0,-0.03280839895013121,2018-12-06 07:00:00
2018-12-03 07:00:00,7.74,7.79,7.67,7.72,1273000,0.0,0.0,0.0,0.0,0.0,0.0,0.0,0.0,1.0,0.0,7.720000000000001,7.740000000000002,7.790000000000002,7.670000000000002,0.0130379943381298,0.015625317903080815,-0.0025873235649511352,0.015524244503492171,0.01807705400476935,-1.0,-0.023316062176165664,2018-12-04 07:00:00
2018-12-04 07:00:00,7.67,7.74,7.54,7.54,1285730,0.0,0.0,0.0,0.0,0.0,0.0,0.0,0.0,1.0,0.0,7.540000000000002,7.670000000000002,7.740000000000002,7.540000000000002,-0.023592182016819955,-0.0064977486575198955,-0.017094433359300068,0.026179505581771078,0.019133316956464447,-1.0,-0.022546419098143256,2018-12-06 07:00:00
2018-12-05 07:00:00,7.47,7.54,7.35,7.5,1635120,0.0,0.0,0.0,0.0,0.0,0.0,0.0,0.0,1.0,0.0,7.500000000000002,7.4700000000000015,7.540000000000002,7.350000000000001,-0.005319161477599933,-0.009327182875138769,0.004008021397538868,0.025521868795119338,0.018318968297338183,1.0,0.022666666666666835,2018-12-11 07:00:00
2018-12-06 07:00:00,7.47,7.57,7.32,7.37,1426320,0.0,0.0,0.0,0.0,0.0,0.0,0.0,0.0,1.0,0.0,7.370000000000002,7.4700000000000015,7.570000000000002,7.320000000000002,-0.0174853143410195,-0.004008021397538822,-0.013477292943480646,0.03358273947613731,0.018288721513489543,1.0,0.027137042062415295,2018-12-07 07:00:00
2018-12-07 07:00:00,7.47,7.69,7.45,7.57,2192930,0.0,0.0,0.0,0.0,0.0,0.0,0.0,0.0,1.0,0.0,7.570000000000002,7.4700000000000015,7.690000000000002,7.450000000000002,0.026775361248112268,0.013477292943480641,0.013298068304631634,0.031706751126084544,0.01927655212889376,1.0,0.029062087186261687,2018-12-12 07:00:00
2018-12-10 07:00:00,7.47,7.57,7.45,7.5,722160,0.0,0.0,0.0,0.0,0.0,0.0,0.0,0.0,1.0,0.0,7.500000000000003,7.470000000000003,7.570000000000004,7.450000000000004,-0.00929004690709253,-0.013298068304631263,0.004008021397538647,0.015979035057889193,0.01863886739814287,1.0,0.022666666666666613,2018-12-11 07:00:00
2018-12-11 07:00:00,7.5,7.69,7.47,7.67,1703690,0.0,0.0,0.0,0.0,0.0,0.0,0.0,0.0,1.0,0.0,7.670000000000003,7.5000000000000036,7.690000000000004,7.470000000000003,0.02241359483690001,2.2204460492503128e-16,0.02241359483690001,0.02902578437282681,0.018889552140607783,1.0,0.03780964797913966,2018-12-13 07:00:00
2018-12-12 07:00:00,7.76,7.81,7.69,7.79,1945900,0.0,0.0,0.0,0.0,0.0,0.0,0.0,0.0,1.0,0.0,7.790000000000004,7.760000000000003,7.810000000000003,7.690000000000004,0.015524244503492171,0.011665718815962635,0.0038585256875294997,0.015484180334041949,0.01836977303865617,1.0,0.021822849807445532,2018-12-13 07:00:00
2018-12-13 07:00:00,7.81,8.03,7.79,7.96,2013890,0.0,0.0,0.0,0.0,0.0,0.0,0.0,0.0,1.0,0.0,7.960000000000004,7.810000000000005,8.030000000000005,7.790000000000005,0.02158813997363484,0.002564103968937855,0.019024036004696925,0.030343668076013266,0.018254975938181577,-1.0,-0.025125628140703515,2018-12-14 07:00:00
2018-12-14 07:00:00,7.98,7.98,7.74,7.76,1317490,0.0,0.0,0.0,0.0,0.0,0.0,0.0,0.0,1.0,0.0,7.760000000000004,7.980000000000006,7.980000000000006,7.7400000000000055,-0.025446665661164262,0.0025094116054259286,-0.027956077266590187,0.030536723860081702,0.01973722696031507,-1.0,-0.030927835051546393,2018-12-17 07:00:00
2018-12-17 07:00:00,7.69,7.74,7.52,7.52,1113550,0.0,0.0,0.0,0.0,0.0,0.0,0.0,0.0,1.0,0.0,7.520000000000004,7.690000000000006,7.7400000000000055,7.520000000000005,-0.03141619623337893,-0.009061550677574632,-0.022354645555804332,0.02883554963988732,0.021407825352302946,-1.0,-0.022606382978723416,2018-12-18 07:00:00
2018-12-18 07:00:00,7.37,7.52,7.18,7.35,1909400,0.0,0.0,0.0,0.0,0.0,0.0,0.0,0.0,1.0,0.0,7.350000000000004,7.370000000000005,7.520000000000005,7.180000000000004,-0.02286582473700316,-0.020148431760503044,-0.0027173929765001376,0.04626675490161581,0.02144712174210649,1.0,0.02585034013605436,2018-12-21 07:00:00
2018-12-19 07:00:00,7.37,7.52,7.35,7.37,658110,0.0,0.0,0.0,0.0,0.0,0.0,0.0,0.0,1.0,0.0,7.370000000000004,7.370000000000004,7.520000000000003,7.350000000000003,0.002717392976499886,0.002717392976499886,0.0,0.02286582473700313,0.020463970204413817,1.0,0.023066485753052923,2018-12-21 07:00:00
2018-12-20 07:00:00,7.37,7.52,7.37,7.42,712020,0.0,0.0,0.0,0.0,0.0,0.0,0.0,0.0,1.0,0.0,7.4200000000000035,7.370000000000004,7.520000000000003,7.370000000000004,0.006761350978043925,0.0,0.006761350978043925,0.020148431760503238,0.019648409149795727,-1.0,-0.04582210242587614,2018-12-26 07:00:00
2018-12-21 07:00:00,7.42,7.54,7.35,7.54,736670,0.0,0.0,0.0,0.0,0.0,0.0,0.0,0.0,1.0,0.0,7.5400000000000045,7.420000000000005,7.540000000000005,7.350000000000005,0.016043124840575684,2.2204460492503128e-16,0.016043124840575466,0.025521868795119338,0.019404097022657753,-1.0,-0.022546419098143367,2018-12-25 07:00:00
2018-12-24 07:00:00,7.52,7.57,7.4,7.4,446180,0.0,0.0,0.0,0.0,0.0,0.0,0.0,0.0,1.0,0.0,7.400000000000005,7.520000000000005,7.570000000000006,7.400000000000006,-0.018742181809740525,-0.002656044058116185,-0.01608613775162438,0.022713067239233217,0.019333480604193265,-1.0,-0.04324324324324347,2018-12-26 07:00:00
2018-12-25 07:00:00,7.23,7.37,6.96,7.37,2195490,0.0,0.0,0.0,0.0,0.0,0.0,0.0,0.0,1.0,0.0,7.370000000000004,7.230000000000004,7.370000000000004,6.960000000000003,-0.004062294008879016,-0.02324096403945085,0.01917867003057185,0.057238231854917165,0.018406599052669583,-1.0,-0.03934871099050219,2018-12-26 07:00:00
2018-12-26 07:00:00,7.42,7.42,7.08,7.08,638350,0.0,0.0,0.0,0.0,0.0,0.0,0.0,0.0,1.0,0.0,7.080000000000003,7.4200000000000035,7.4200000000000035,7.080000000000004,-0.040143798495617,0.006761350978043925,-0.046905149473660826,0.04690514947366064,0.020990044198048816,1.0,0.04802259887005644,2018-12-27 07:00:00
2018-12-27 07:00:00,7.28,7.42,7.18,7.42,1515510,0.0,0.0,0.0,0.0,0.0,0.0,0.0,0.0,1.0,0.0,7.420000000000003,7.280000000000004,7.4200000000000035,7.180000000000003,0.04690514947366064,0.02785695450296628,0.01904819497069441,0.03287967411915621,0.02542460115486097,0.0,0.0,2019-01-07 07:00:00
2018-12-28 07:00:00,7.32,7.81,7.32,7.57,3848030,0.0,0.0,0.0,0.0,0.0,0.0,0.0,0.0,1.0,0.0,7.570000000000004,7.320000000000004,7.810000000000003,7.320000000000004,0.0200140102700684,-0.013568729206068678,0.033582739476137095,0.06479463587837432,0.02495171510127131,-1.0,-0.03302509907529716,2019-01-02 07:00:00
2019-01-02 07:00:00,7.59,7.64,7.32,7.32,580840,0.0,0.0,0.0,0.0,0.0,0.0,0.0,0.0,1.0,0.0,7.320000000000004,7.590000000000003,7.640000000000003,7.320000000000004,-0.03358273947613715,0.0026385239581810205,-0.03622126343431827,0.042787275205208766,0.02598659435863409,1.0,0.027322404371584508,2019-01-08 07:00:00
2019-01-03 07:00:00,7.52,7.52,7.23,7.25,1106600,0.0,0.0,0.0,0.0,0.0,0.0,0.0,0.0,1.0,0.0,7.250000000000003,7.520000000000003,7.520000000000003,7.230000000000004,-0.009608859106636962,0.02695580998852808,-0.03656466909516509,0.039327101791075,0.024830140637584684,1.0,0.03724137931034477,2019-01-08 07:00:00
2019-01-04 07:00:00,7.15,7.47,7.15,7.42,646620,0.0,0.0,0.0,0.0,0.0,0.0,0.0,0.0,1.0,0.0,7.420000000000003,7.150000000000004,7.470000000000003,7.150000000000004,0.02317758831270559,-0.013889112160666925,0.037066700473372564,0.04378264243880952,0.024855115695434412,0.0,0.022911051212938016,2019-01-11 07:00:00
2019-01-07 07:00:00,7.57,7.57,7.37,7.42,402340,0.0,0.0,0.0,0.0,0.0,0.0,0.0,0.0,1.0,0.0,7.420000000000003,7.570000000000004,7.570000000000004,7.370000000000004,0.0,0.0200140102700684,-0.02001401027006847,0.026775361248112268,0.023641944185167105,1.0,0.05256064690026929,2019-01-14 07:00:00
2019-01-08 07:00:00,7.52,7.62,7.42,7.52,1239630,0.0,0.0,0.0,0.0,0.0,0.0,0.0,0.0,1.0,0.0,7.520000000000002,7.520000000000003,7.620000000000004,7.4200000000000035,0.013387080782459279,0.013387080782459497,-1.1102230246251565e-16,0.02659731251926585,0.022850612447397358,1.0,0.03856382978723394,2019-01-14 07:00:00
2019-01-09 07:00:00,7.45,7.57,7.45,7.5,285720,0.0,0.0,0.0,0.0,0.0,0.0,0.0,0.0,1.0,0.0,7.500000000000003,7.450000000000004,7.570000000000004,7.450000000000004,-0.002663117419483662,-0.009352105570280064,0.006688988150796489,0.015979035057889193,0.021766477038055884,1.0,0.04133333333333322,2019-01-14 07:00:00
2019-01-10 07:00:00,7.47,7.57,7.47,7.47,464960,0.0,0.0,0.0,0.0,0.0,0.0,0.0,0.0,1.0,0.0,7.470000000000003,7.470000000000003,7.570000000000004,7.470000000000003,-0.004008021397538711,-0.004008021397538711,0.0,0.013298068304631634,0.020755411289598607,1.0,0.04551539491298495,2019-01-14 07:00:00
2019-01-11 07:00:00,7.5,7.59,7.47,7.59,1212870,0.0,0.0,0.0,0.0,0.0,0.0,0.0,0.0,1.0,0.0,7.5900000000000025,7.5000000000000036,7.590000000000003,7.470000000000003,0.015936592262812597,0.004008021397538868,0.011928570865273594,0.015936592262812597,0.020290941262462517,1.0,0.02898550724637672,2019-01-14 07:00:00
2019-01-14 07:00:00,7.64,7.86,7.59,7.81,1996580,0.0,0.0,0.0,0.0,0.0,0.0,0.0,0.0,1.0,0.0,7.810000000000001,7.6400000000000015,7.860000000000002,7.590000000000002,0.028573372444055948,0.006566011770890454,0.022007360673165537,0.034955015033576634,0.02091045798131918,1.0,0.021766965428937413,2019-01-15 07:00:00
2019-01-15 07:00:00,7.81,8.01,7.79,7.98,1913730,0.0,0.0,0.0,0.0,0.0,0.0,0.0,0.0,1.0,0.0,7.980000000000002,7.810000000000001,8.010000000000002,7.790000000000002,0.02153344761012295,0.0,0.02153344761012295,0.02784990119761088,0.020548096415556837,-1.0,-0.03884711779448624,2019-01-17 07:00:00
2019-01-16 07:00:00,7.98,8.06,7.84,7.84,1910950,0.0,0.0,0.0,0.0,0.0,0.0,0.0,0.0,1.0,0.0,7.840000000000002,7.980000000000002,8.060000000000002,7.840000000000002,-0.017699577099400975,0.0,-0.017699577099400975,0.0276747221562205,0.020811116419683768,-1.0,-0.02168367346938771,2019-01-17 07:00:00
2019-01-17 07:00:00,7.84,7.86,7.67,7.67,851710,0.0,0.0,0.0,0.0,0.0,0.0,0.0,0.0,1.0,0.0,7.670000000000002,7.840000000000002,7.860000000000002,7.670000000000002,-0.021922218983151616,0.0,-0.021922218983151616,0.02446999106195036,0.021254238157579656,1.0,0.031290743155150125,2019-01-21 07:00:00
2019-01-18 07:00:00,7.64,7.86,7.64,7.79,698010,0.0,0.0,0.0,0.0,0.0,0.0,0.0,0.0,1.0,0.0,7.790000000000003,7.640000000000003,7.860000000000004,7.640000000000003,0.015524244503492171,-0.003919012200735496,0.01944325670422775,0.02838900326268611,0.020664071597247813,0.0,-0.01925545571245202,2019-01-25 07:00:00
2019-01-21 07:00:00,7.79,7.91,7.72,7.91,706590,0.0,0.0,0.0,0.0,0.0,0.0,0.0,0.0,1.0,0.0,7.910000000000003,7.790000000000004,7.910000000000004,7.720000000000003,0.015286921896905647,2.2204460492503128e-16,0.015286921896905427,0.024313417742877787,0.02001889938338615,-1.0,-0.02149178255372952,2019-01-24 07:00:00
2019-01-22 07:00:00,7.91,7.91,7.81,7.86,631460,0.0,0.0,0.0,0.0,0.0,0.0,0.0,0.0,1.0,0.0,7.860000000000003,7.910000000000004,7.910000000000004,7.810000000000003,-0.0063411753384473545,2.2204460492503128e-16,-0.006341175338447466,0.01272281792796797,0.019288948500137716,-1.0,-0.02798982188295185,2019-01-25 07:00:00
2019-01-23 07:00:00,7.81,7.91,7.76,7.81,1003670,0.0,0.0,0.0,0.0,0.0,0.0,0.0,0.0,1.0,0.0,7.810000000000001,7.810000000000001,7.910000000000002,7.760000000000002,-0.006381642589520832,-0.006381642589520832,0.0,0.019145447584435055,0.01855943665512127,-1.0,-0.0217669654289373,2019-01-25 07:00:00
2019-01-24 07:00:00,7.89,7.89,7.74,7.74,332870,0.0,0.0,0.0,0.0,0.0,0.0,0.0,0.0,1.0,0.0,7.740000000000002,7.8900000000000015,7.8900000000000015,7.740000000000002,-0.009003276249958716,0.010191171006188283,-0.019194447256147065,0.01919444725614716,0.017963068814189548,0.0,-0.012919896640826933,2019-01-31 07:00:00
2019-01-25 07:00:00,7.74,7.76,7.62,7.64,761260,0.0,0.0,0.0,0.0,0.0,0.0,0.0,0.0,1.0,0.0,7.6400000000000015,7.740000000000002,7.760000000000002,7.620000000000002,-0.013004084423206684,0.0,-0.013004084423206684,0.018205964496572517,0.017597063110459707,1.0,0.02617801047120416,2019-01-29 07:00:00
2019-01-28 07:00:00,7.64,7.81,7.64,7.72,305960,0.0,0.0,0.0,0.0,0.0,0.0,0.0,0.0,1.0,0.0,7.720000000000001,7.6400000000000015,7.810000000000001,7.6400000000000015,0.01041676085825558,0.0,0.01041676085825558,0.022007360673165537,0.01704989553294257,0.0,0.015544041450777257,2019-02-11 07:00:00
2019-01-29 07:00:00,7.72,7.86,7.67,7.84,467750,0.0,0.0,0.0,0.0,0.0,0.0,0.0,0.0,1.0,0.0,7.840000000000002,7.7200000000000015,7.860000000000002,7.670000000000002,0.01542447032563173,2.2204460492503128e-16,0.01542447032563173,0.02446999106195036,0.01681569907014668,-1.0,-0.025510204081632626,2019-01-31 07:00:00
2019-01-30 07:00:00,7.84,7.84,7.76,7.84,395990,0.0,0.0,0.0,0.0,0.0,0.0,0.0,0.0,1.0,0.0,7.840000000000002,7.840000000000002,7.840000000000002,7.760000000000002,0.0,0.0,0.0,0.010256500167189061,0.016007090518813345,-1.0,-0.025510204081632626,2019-01-31 07:00:00
2019-01-31 07:00:00,7.89,7.91,7.64,7.64,741520,0.0,0.0,0.0,0.0,0.0,0.0,0.0,0.0,1.0,0.0,7.6400000000000015,7.8900000000000015,7.910000000000002,7.6400000000000015,-0.025841231183887328,0.006357300495466277,-0.03219853167935372,0.03473017860113343,0.0173637723801417,1.0,0.02617801047120416,2019-02-11 07:00:00
2019-02-01 07:00:00,7.74,7.74,7.62,7.69,312360,0.0,0.0,0.0,0.0,0.0,0.0,0.0,0.0,1.0,0.0,7.690000000000002,7.740000000000002,7.740000000000002,7.620000000000002,0.006523180339123476,0.01300408442320661,-0.0064809040840831155,0.015625317903080815,0.016661449343704764,1.0,0.01950585175552666,2019-02-11 07:00:00
2019-02-11 07:00:00,7.76,7.86,7.72,7.84,342800,0.0,0.0,0.0,0.0,0.0,0.0,0.0,0.0,1.0,0.0,7.840000000000002,7.760000000000002,7.860000000000002,7.7200000000000015,0.019318050844763877,0.009061550677574732,0.010256500167189061,0.017972242404430436,0.016889725026553375,1.0,0.04336734693877542,2019-02-12 07:00:00
2019-02-12 07:00:00,7.89,8.23,7.89,8.18,2117750,0.0,0.0,0.0,0.0,0.0,0.0,0.0,0.0,1.0,0.0,8.180000000000001,7.8900000000000015,8.230000000000002,7.8900000000000015,0.04245331625233912,0.006357300495466277,0.036096015756872865,0.04218987983119564,0.02020339436034812,0.0,-0.003667481662591565,2019-02-19 07:00:00
2019-02-13 07:00:00,8.2,8.37,8.18,8.18,1788150,0.0,0.0,0.0,0.0,0.0,0.0,0.0,0.0,1.0,0.0,8.180000000000001,8.200000000000001,8.370000000000001,8.180000000000001,0.0,0.0024420036555515873,-0.0024420036555517443,0.022961733886728126,0.019292446288028484,0.0,0.0,2019-02-20 07:00:00
2019-02-14 07:00:00,8.15,8.3,8.11,8.15,685130,0.0,0.0,0.0,0.0,0.0,0.0,0.0,0.0,1.0,0.0,8.150000000000002,8.150000000000002,8.300000000000002,8.110000000000001,-0.0036742233618842243,-0.0036742233618842243,0.0,0.023157646675230938,0.018540570720451555,0.0,-0.01104294478527601,2019-02-21 07:00:00
2019-02-15 07:00:00,8.13,8.28,8.08,8.13,1007190,0.0,0.0,0.0,0.0,0.0,0.0,0.0,0.0,1.0,0.0,8.130000000000003,8.130000000000003,8.280000000000001,8.080000000000002,-0.002457003693052103,-0.002457003693052103,0.0,0.024451095864164118,0.017751763348140544,0.0,-0.012300123001230179,2019-02-22 07:00:00
2019-02-18 07:00:00,8.18,8.25,8.11,8.15,902630,0.0,0.0,0.0,0.0,0.0,0.0,0.0,0.0,1.0,0.0,8.150000000000002,8.180000000000001,8.250000000000002,8.110000000000001,0.0024570036930520837,0.0061312270549363805,-0.0036742233618842243,0.01711533221926818,0.016889014688469647,-1.0,-0.025766871165644134,2019-02-25 07:00:00
2019-02-19 07:00:00,8.15,8.4,8.13,8.15,1574260,0.0,0.0,0.0,0.0,0.0,0.0,0.0,0.0,1.0,0.0,8.150000000000002,8.150000000000002,8.400000000000002,8.130000000000003,0.0,0.0,0.0,0.0326707822895487,0.016099634070769406,-1.0,-0.025766871165644134,2019-02-25 07:00:00
2019-02-20 07:00:00,8.15,8.25,8.13,8.18,593860,0.0,0.0,0.0,0.0,0.0,0.0,0.0,0.0,1.0,0.0,8.180000000000001,8.150000000000002,8.250000000000002,8.130000000000003,0.0036742233618843254,0.0,0.0036742233618843254,0.014652276786870196,0.015314511320679094,-1.0,-0.018337408312958492,2019-02-22 07:00:00
2019-02-21 07:00:00,8.15,8.23,8.03,8.06,1034660,0.0,0.0,0.0,0.0,0.0,0.0,0.0,0.0,1.0,0.0,8.060000000000002,8.150000000000002,8.230000000000002,8.030000000000001,-0.01477859409611872,-0.0036742233618842243,-0.011104370734234353,0.024601486730308236,0.015544221668454624,0.0,0.012406947890818865,2019-02-28 07:00:00
2019-02-22 07:00:00,8.06,8.13,7.98,8.03,939920,0.0,0.0,0.0,0.0,0.0,0.0,0.0,0.0,1.0,0.0,8.030000000000001,8.060000000000002,8.130000000000003,7.980000000000002,-0.003729028559866709,0.0,-0.003729028559866709,0.01862251209800185,0.014869694272407382,1.0,0.016189290161892966,2019-02-28 07:00:00
2019-02-25 07:00:00,8.03,8.08,7.94,7.94,1471100,0.0,0.0,0.0,0.0,0.0,0.0,0.0,0.0,1.0,0.0,7.940000000000002,8.030000000000001,8.080000000000002,7.940000000000002,-0.011271252699625771,0.0,-0.011271252699625771,0.017478597273959545,0.014620122708698323,1.0,0.015113350125944613,2019-02-27 07:00:00
2019-02-26 07:00:00,7.91,8.06,7.89,7.98,855500,0.0,0.0,0.0,0.0,0.0,0.0,0.0,0.0,1.0,0.0,7.980000000000001,7.910000000000002,8.060000000000002,7.8900000000000015,0.0050251362026729795,-0.003785493479481856,0.008810629682154906,0.021317421660754194,0.013993665051376477,1.0,0.022556390977443774,2019-02-28 07:00:00
2019-02-27 07:00:00,8.06,8.18,8.03,8.06,1413820,0.0,0.0,0.0,0.0,0.0,0.0,0.0,0.0,1.0,0.0,8.060000000000002,8.060000000000002,8.180000000000001,8.030000000000001,0.009975145056819745,0.009975145056819745,0.0,0.018507622655985455,0.013623231489236672,1.0,0.03101736972704705,2019-03-01 07:00:00
2019-02-28 07:00:00,8.36,8.39,8.13,8.16,1264580,0.0,0.0,0.0,0.0,0.0,0.0,0.0,0.0,1.0,0.0,8.160000000000002,8.360000000000001,8.390000000000002,8.130000000000003,0.012330612457478725,0.03654487057807314,-0.024214258120594512,0.03147959691939559,0.013380476359215595,1.0,0.018382352941176405,2019-03-01 07:00:00
2019-03-01 07:00:00,8.16,8.34,8.16,8.31,691940,0.0,0.0,0.0,0.0,0.0,0.0,0.0,0.0,1.0,0.0,8.310000000000002,8.160000000000002,8.340000000000002,8.160000000000002,0.01821543989134112,0.0,0.01821543989134112,0.021819047394639673,0.013598700684970063,1.0,0.04211793020457244,2019-03-04 07:00:00
2019-03-04 07:00:00,8.49,8.71,8.49,8.66,2352560,0.0,0.0,0.0,0.0,0.0,0.0,0.0,0.0,1.0,0.0,8.66,8.49,8.71,8.49,0.04125511370698662,0.021429391455898773,0.019825722251087762,0.02558279054115566,0.01715732812141777,-1.0,-0.01732101616628179,2019-03-05 07:00:00
2019-03-05 07:00:00,8.66,8.71,8.51,8.51,1911500,0.0,0.0,0.0,0.0,0.0,0.0,0.0,0.0,1.0,0.0,8.51,8.66,8.71,8.51,-0.017472779989061056,0.0,-0.017472779989061056,0.02322984827912885,0.017955917740088416,1.0,0.027027027027027195,2019-03-07 07:00:00
2019-03-06 07:00:00,8.46,8.66,8.44,8.66,1219490,0.0,0.0,0.0,0.0,0.0,0.0,0.0,0.0,1.0,0.0,8.66,8.46,8.66,8.44,0.017472779989061108,-0.005892768967150738,0.023365548956211693,0.025732413966478032,0.0174861624123804,0.0,-0.015011547344110698,2019-03-13 07:00:00
2019-03-07 07:00:00,8.9,8.9,8.74,8.74,1213790,0.0,0.0,0.0,0.0,0.0,0.0,0.0,0.0,1.0,0.0,8.740000000000002,8.900000000000002,8.900000000000002,8.740000000000002,0.009195467093100615,0.027336554163750634,-0.018141087070650038,0.018141087070650003,0.01665695387700225,-1.0,-0.020594965675057142,2019-03-08 07:00:00
2019-03-08 07:00:00,8.64,8.74,8.53,8.56,595510,0.0,0.0,0.0,0.0,0.0,0.0,0.0,0.0,1.0,0.0,8.560000000000002,8.640000000000002,8.740000000000002,8.530000000000001,-0.020809999513793292,-0.011507606851479802,-0.009302392662313561,0.024320828163856383,0.017850724899251547,0.0,0.005841121495326895,2019-03-15 07:00:00
2019-03-11 07:00:00,8.51,8.61,8.51,8.53,591110,0.0,0.0,0.0,0.0,0.0,0.0,0.0,0.0,1.0,0.0,8.530000000000001,8.510000000000002,8.610000000000001,8.510000000000002,-0.0035108286500630816,-0.005858247568368093,0.0023474189183048913,0.011682375854356651,0.017125228510490424,0.0,0.0,2019-03-18 07:00:00
2019-03-12 07:00:00,8.69,8.69,8.43,8.56,875530,0.0,0.0,0.0,0.0,0.0,0.0,0.0,0.0,1.0,0.0,8.560000000000002,8.690000000000001,8.690000000000001,8.430000000000001,0.003510828650063021,0.0185835777737129,-0.015072749123649781,0.030376167263536487,0.01628963127269224,0.0,-0.005841121495327228,2019-03-19 07:00:00
2019-03-13 07:00:00,8.56,8.66,8.51,8.53,781410,0.0,0.0,0.0,0.0,0.0,0.0,0.0,0.0,1.0,0.0,8.530000000000001,8.560000000000002,8.660000000000002,8.510000000000002,-0.0035108286500630816,0.0,-0.0035108286500630816,0.017472779989061108,0.015626527878085654,0.0,0.0,2019-03-20 07:00:00
2019-03-14 07:00:00,8.53,8.74,8.48,8.66,946160,0.0,0.0,0.0,0.0,0.0,0.0,0.0,0.0,1.0,0.0,8.660000000000002,8.530000000000001,8.740000000000002,8.480000000000002,0.015125361070756198,0.0,0.015125361070756198,0.03019973986363241,0.01533663115059597,-1.0,-0.01732101616628179,2019-03-19 07:00:00
2019-03-15 07:00:00,8.69,8.69,8.58,8.61,516080,0.0,0.0,0.0,0.0,0.0,0.0,0.0,0.0,1.0,0.0,8.610000000000001,8.690000000000001,8.690000000000001,8.580000000000002,-0.005790404134704441,0.003458216702956889,-0.009248620837661247,0.012739025777429712,0.014869655340638603,-1.0,-0.03368176538908241,2019-03-21 07:00:00
2019-03-18 07:00:00,8.58,8.64,8.48,8.53,1140500,0.0,0.0,0.0,0.0,0.0,0.0,0.0,0.0,1.0,0.0,8.530000000000001,8.580000000000002,8.640000000000002,8.480000000000002,-0.009334956936051717,-0.003490404939768491,-0.005844551996283243,0.018692133012152546,0.014613103536734711,-1.0,-0.02461899179366933,2019-03-21 07:00:00
2019-03-19 07:00:00,8.53,8.64,8.43,8.51,1347540,0.0,0.0,0.0,0.0,0.0,0.0,0.0,0.0,1.0,0.0,8.510000000000002,8.530000000000001,8.640000000000002,8.430000000000001,-0.0023474189183048965,0.0,-0.0023474189183048965,0.024605810802200194,0.013953195212661211,-1.0,-0.02232667450058745,2019-03-21 07:00:00
2019-03-20 07:00:00,8.51,8.53,8.43,8.53,588340,0.0,0.0,0.0,0.0,0.0,0.0,0.0,0.0,1.0,0.0,8.530000000000001,8.510000000000002,8.530000000000001,8.430000000000001,0.0023474189183048913,0.0,0.0023474189183048913,0.011792589489823624,0.013275777420749462,-1.0,-0.02461899179366933,2019-03-21 07:00:00
2019-03-21 07:00:00,8.53,8.61,8.32,8.32,926500,0.0,0.0,0.0,0.0,0.0,0.0,0.0,0.0,1.0,0.0,8.320000000000002,8.530000000000001,8.610000000000001,8.320000000000002,-0.024927106670470454,0.0,-0.024927106670470454,0.03426206360652214,0.014912828211038275,-1.0,-0.06370192307692313,2019-03-25 07:00:00
2019-03-22 07:00:00,8.32,8.4,8.22,8.22,929840,0.0,0.0,0.0,0.0,0.0,0.0,0.0,0.0,1.0,0.0,8.220000000000002,8.320000000000002,8.400000000000002,8.220000000000002,-0.012092045765028633,0.0,-0.012092045765028633,0.02166149678117925,0.014566429382342278,-1.0,-0.05231143552311446,2019-03-25 07:00:00
2019-03-25 07:00:00,8.01,8.06,7.72,7.79,1284190,0.0,0.0,0.0,0.0,0.0,0.0,0.0,0.0,1.0,0.0,7.790000000000002,8.010000000000002,8.060000000000002,7.7200000000000015,-0.05372934918543176,-0.025879447987820835,-0.027849901197610914,0.04309919248185227,0.02081709578081965,1.0,0.04107830551989711,2019-03-26 07:00:00
2019-03-26 07:00:00,7.79,8.16,7.74,8.11,1045970,0.0,0.0,0.0,0.0,0.0,0.0,0.0,0.0,1.0,0.0,8.110000000000001,7.790000000000002,8.160000000000002,7.740000000000002,0.040257008244664466,0.0,0.040257008244664466,0.052842481374379774,0.02439501727257817,-1.0,-0.025893958076448453,2019-04-02 07:00:00
2019-03-27 07:00:00,8.11,8.27,8.01,8.11,801210,0.0,0.0,0.0,0.0,0.0,0.0,0.0,0.0,1.0,0.0,8.110000000000001,8.110000000000001,8.270000000000001,8.010000000000002,0.0,0.0,0.0,0.031943747955331954,0.02321699155863692,-1.0,-0.025893958076448453,2019-04-02 07:00:00
2019-03-28 07:00:00,8.11,8.16,8.03,8.11,524600,0.0,0.0,0.0,0.0,0.0,0.0,0.0,0.0,1.0,0.0,8.110000000000001,8.110000000000001,8.160000000000002,8.030000000000001,0.0,0.0,0.0,0.0160596410173454,0.022094689298694434,-1.0,-0.025893958076448453,2019-04-02 07:00:00
2019-03-29 07:00:00,8.24,8.24,8.01,8.03,1064390,0.0,0.0,0.0,0.0,0.0,0.0,0.0,0.0,1.0,0.0,8.030000000000001,8.240000000000002,8.240000000000002,8.010000000000002,-0.00991334016865127,0.015902475794058825,-0.02581581596271007,0.028309582841112547,0.021148001031139885,0.0,2.220446049250313e-16,2019-04-05 07:00:00
2019-04-01 07:00:00,8.03,8.14,7.98,8.01,672770,0.0,0.0,0.0,0.0,0.0,0.0,0.0,0.0,1.0,0.0,8.010000000000003,8.030000000000003,8.140000000000004,7.980000000000004,-0.002493766878402128,2.2204460492503128e-16,-0.0024937668784023505,0.01985176855273153,0.020116020051624044,0.0,0.006242197253433224,2019-04-08 07:00:00
2019-04-02 07:00:00,8.08,8.08,7.9,7.9,513890,0.0,0.0,0.0,0.0,0.0,0.0,0.0,0.0,1.0,0.0,7.900000000000004,8.080000000000004,8.080000000000004,7.900000000000004,-0.013828001607291964,0.00870111145273618,-0.022529113060028107,0.022529113060028104,0.01942025594539384,1.0,0.026582278481012578,2019-04-04 07:00:00
2019-04-03 07:00:00,7.9,7.98,7.85,7.98,458160,0.0,0.0,0.0,0.0,0.0,0.0,0.0,0.0,1.0,0.0,7.980000000000004,7.900000000000004,7.980000000000004,7.850000000000003,0.01007565198874164,0.0,0.01007565198874164,0.01642487966740033,0.018942500041683772,0.0,0.003759398496240518,2019-04-10 07:00:00
2019-04-04 07:00:00,8.06,8.24,7.98,8.11,854390,0.0,0.0,0.0,0.0,0.0,0.0,0.0,0.0,1.0,0.0,8.110000000000003,8.060000000000004,8.240000000000004,7.980000000000004,0.01615945666560402,0.009975145056819524,0.006184311608784522,0.03206193245966288,0.018876110930268048,-1.0,-0.019728729963008562,2019-04-09 07:00:00
2019-04-05 07:00:00,8.16,8.22,8.03,8.03,424400,0.0,0.0,0.0,0.0,0.0,0.0,0.0,0.0,1.0,0.0,8.030000000000003,8.160000000000004,8.220000000000004,8.030000000000003,-0.00991334016865127,0.0061463008486942255,-0.016059641017345392,0.023385681109418334,0.01816585303749739,0.0,-0.01245330012453294,2019-04-12 07:00:00
2019-04-08 07:00:00,8.06,8.16,8.01,8.06,442440,0.0,0.0,0.0,0.0,0.0,0.0,0.0,0.0,1.0,0.0,8.060000000000004,8.060000000000004,8.160000000000004,8.010000000000003,0.0037290285598668544,0.0037290285598668544,0.0,0.018553407895747834,0.017354050221812172,-1.0,-0.019851116625310028,2019-04-16 07:00:00
2019-04-09 07:00:00,8.11,8.11,7.9,7.95,576810,0.0,0.0,0.0,0.0,0.0,0.0,0.0,0.0,1.0,0.0,7.950000000000004,8.110000000000003,8.110000000000003,7.900000000000004,-0.013741627852296465,0.006184311608784522,-0.01992593946108095,0.026235108654345664,0.016939779448103397,0.0,-0.012578616352201366,2019-04-17 07:00:00
2019-04-10 07:00:00,7.95,8.01,7.85,8.01,538600,0.0,0.0,0.0,0.0,0.0,0.0,0.0,0.0,1.0,0.0,8.010000000000003,7.950000000000004,8.010000000000003,7.850000000000003,0.007518832414027319,0.0,0.007518832414027319,0.020177229285950785,0.01638269694538834,-1.0,-0.019975031210986316,2019-04-17 07:00:00
2019-04-11 07:00:00,8.06,8.06,7.93,8.01,170660,0.0,0.0,0.0,0.0,0.0,0.0,0.0,0.0,1.0,0.0,8.010000000000003,8.060000000000004,8.060000000000004,7.930000000000003,0.0,0.006222795438269086,-0.006222795438269185,0.016260520871780326,0.015588559366476509,-1.0,-0.019975031210986316,2019-04-17 07:00:00
2019-04-12 07:00:00,7.93,8.01,7.9,7.93,181060,0.0,0.0,0.0,0.0,0.0,0.0,0.0,0.0,1.0,0.0,7.930000000000003,7.930000000000003,8.010000000000003,7.900000000000004,-0.01003772543351126,-0.01003772543351126,0.0,0.013828001607291897,0.015062306605299305,-1.0,-0.020176544766708715,2019-04-18 07:00:00
2019-04-16 07:00:00,7.87,7.93,7.72,7.9,589210,0.0,0.0,0.0,0.0,0.0,0.0,0.0,0.0,1.0,0.0,7.900000000000005,7.870000000000005,7.930000000000005,7.720000000000005,-0.0037902761737805793,-0.007594973217444526,0.0038046970436638452,0.026838671610071693,0.014336345286200298,-1.0,-0.016455696202531844,2019-04-18 07:00:00
2019-04-17 07:00:00,7.95,7.95,7.74,7.85,428410,0.0,0.0,0.0,0.0,0.0,0.0,0.0,0.0,1.0,0.0,7.850000000000003,7.950000000000004,7.950000000000004,7.740000000000004,-0.006349227678658892,0.0063091691932645345,-0.012658396871923577,0.026770241064604832,0.013692497768978388,0.0,0.012738853503184933,2019-04-24 07:00:00
2019-04-18 07:00:00,7.74,7.82,7.58,7.77,713200,0.0,0.0,0.0,0.0,0.0,0.0,0.0,0.0,1.0,0.0,7.770000000000003,7.740000000000004,7.820000000000004,7.580000000000004,-0.01024336741476099,-0.014111844192681201,0.003868476777920332,0.031171354902939426,0.01322416321321377,1.0,0.023166023166023564,2019-04-24 07:00:00
2019-04-19 07:00:00,7.79,7.87,7.69,7.87,415540,0.0,0.0,0.0,0.0,0.0,0.0,0.0,0.0,1.0,0.0,7.8700000000000045,7.790000000000005,7.870000000000005,7.690000000000006,0.012787898049755907,0.0025706955031011133,0.010217202546654914,0.023137278911759297,0.013486109475114765,1.0,0.017789072426937835,2019-04-26 07:00:00
2019-04-22 07:00:00,7.79,7.82,7.74,7.79,183530,0.0,0.0,0.0,0.0,0.0,0.0,0.0,0.0,1.0,0.0,7.7900000000000045,7.790000000000005,7.820000000000006,7.7400000000000055,-0.01021720254665494,-0.010217202546654827,-1.1102230246251565e-16,0.010282866955584056,0.013074631333126387,1.0,0.020539152759948776,2019-04-24 07:00:00
2019-04-23 07:00:00,7.79,7.85,7.72,7.82,406930,0.0,0.0,0.0,0.0,0.0,0.0,0.0,0.0,1.0,0.0,7.820000000000006,7.790000000000005,7.850000000000005,7.720000000000005,0.0038436946745629363,2.2204460492503128e-16,0.0038436946745629363,0.01669916775763232,0.01258797132775445,1.0,0.01662404092071612,2019-04-24 07:00:00
2019-04-24 07:00:00,7.79,8.03,7.79,7.95,460410,0.0,0.0,0.0,0.0,0.0,0.0,0.0,0.0,1.0,0.0,7.9500000000000055,7.790000000000005,8.030000000000005,7.790000000000005,0.01648737410902083,-0.003843694674562827,0.02033106878358354,0.030343668076013266,0.013205560320993372,0.0,-0.0062893081761006275,2019-05-06 07:00:00
2019-04-25 07:00:00,7.95,7.98,7.87,7.9,252240,0.0,0.0,0.0,0.0,0.0,0.0,0.0,0.0,1.0,0.0,7.900000000000006,7.9500000000000055,7.980000000000006,7.870000000000005,-0.006309169193264721,0.0,-0.006309169193264721,0.01388034903240552,0.012693082805183362,1.0,0.013924050632911245,2019-04-26 07:00:00
2019-04-26 07:00:00,7.9,8.06,7.9,8.01,1040780,0.0,0.0,0.0,0.0,0.0,0.0,0.0,0.0,1.0,0.0,8.010000000000005,7.900000000000006,8.060000000000006,7.900000000000006,0.013828001607291897,0.0,0.013828001607291897,0.02005079704556122,0.012854488054446942,-1.0,-0.013732833957552981,2019-05-06 07:00:00
2019-05-02 07:00:00,8.06,8.06,7.98,8.01,550180,0.0,0.0,0.0,0.0,0.0,0.0,0.0,0.0,1.0,0.0,8.010000000000005,8.060000000000006,8.060000000000006,7.980000000000006,0.0,0.006222795438269086,-0.006222795438269185,0.009975145056819524,0.012228274584011288,-1.0,-0.013732833957552981,2019-05-06 07:00:00
2019-05-03 07:00:00,7.98,8.01,7.79,7.98,715560,0.0,0.0,0.0,0.0,0.0,0.0,0.0,0.0,1.0,0.0,7.980000000000006,7.980000000000006,8.010000000000005,7.790000000000005,-0.0037523496185503527,-0.0037523496185503527,0.0,0.02784990119761088,0.011702308657043721,-1.0,-0.013784461152882233,2019-05-08 07:00:00
2019-05-06 07:00:00,7.9,8.06,7.79,7.9,768930,0.0,0.0,0.0,0.0,0.0,0.0,0.0,0.0,1.0,0.0,7.900000000000006,7.900000000000006,8.060000000000006,7.790000000000005,-0.010075651988741587,-0.010075651988741587,0.0,0.03407269663588,0.011546211142821271,-1.0,-0.016455696202531733,2019-05-09 07:00:00
2019-05-07 07:00:00,7.9,7.9,7.82,7.9,433350,0.0,0.0,0.0,0.0,0.0,0.0,0.0,0.0,1.0,0.0,7.900000000000006,7.900000000000006,7.900000000000006,7.820000000000006,0.0,0.0,0.0,0.010178204915756052,0.010985680991938846,-1.0,-0.016455696202531733,2019-05-09 07:00:00
2019-05-08 07:00:00,7.85,7.87,7.79,7.87,255060,0.0,0.0,0.0,0.0,0.0,0.0,0.0,0.0,1.0,0.0,7.870000000000005,7.850000000000005,7.870000000000005,7.790000000000005,-0.0038046970436639714,-0.00634922767865878,0.0025445306349947947,0.010217202546654914,0.010489181949043578,-1.0,-0.01270648030495558,2019-05-09 07:00:00
2019-05-09 07:00:00,7.87,7.87,7.69,7.77,1361090,0.0,0.0,0.0,0.0,0.0,0.0,0.0,0.0,1.0,0.0,7.770000000000005,7.870000000000005,7.870000000000005,7.690000000000006,-0.01278789804975584,0.0,-0.01278789804975584,0.023137278911759297,0.010583438492554876,-1.0,-0.02445302445302433,2019-05-10 07:00:00
2019-05-10 07:00:00,7.77,7.77,7.58,7.58,638250,0.0,0.0,0.0,0.0,0.0,0.0,0.0,0.0,1.0,0.0,7.580000000000005,7.770000000000005,7.770000000000005,7.580000000000005,-0.02475696472527566,0.0,-0.02475696472527566,0.02475696472527575,0.012147758310167272,1.0,0.014511873350923299,2019-05-15 07:00:00
2019-05-13 07:00:00,7.58,7.69,7.37,7.5,740400,0.0,0.0,0.0,0.0,0.0,0.0,0.0,0.0,1.0,0.0,7.500000000000005,7.580000000000005,7.690000000000006,7.370000000000005,-0.010610179112015571,0.0,-0.010610179112015571,0.0425030773163074,0.011708519615006496,1.0,0.025333333333333208,2019-05-15 07:00:00
2019-05-14 07:00:00,7.43,7.64,7.37,7.53,399670,0.0,0.0,0.0,0.0,0.0,0.0,0.0,0.0,1.0,0.0,7.530000000000005,7.430000000000005,7.640000000000005,7.370000000000005,0.003992021269537457,-0.009377161812597044,0.013369183082134417,0.03597989697718383,0.011456563258266106,1.0,0.021248339973439556,2019-05-15 07:00:00
2019-05-15 07:00:00,7.64,7.69,7.48,7.69,459300,0.0,0.0,0.0,0.0,0.0,0.0,0.0,0.0,1.0,0.0,7.690000000000005,7.640000000000005,7.690000000000006,7.480000000000006,0.02102574170575038,0.014502561366626901,0.006523180339123476,0.027687991531166734,0.013263565347523409,-1.0,-0.016905071521456372,2019-05-16 07:00:00
2019-05-16 07:00:00,7.69,7.69,7.56,7.56,352410,0.0,0.0,0.0,0.0,0.0,0.0,0.0,0.0,1.0,0.0,7.560000000000005,7.690000000000006,7.690000000000006,7.560000000000005,-0.01704959332611091,2.2204460492503128e-16,-0.017049593326111022,0.01704959332611099,0.01343759935312836,-1.0,-0.017195767195766987,2019-05-23 07:00:00
2019-05-17 07:00:00,7.56,7.64,7.56,7.58,204970,0.0,0.0,0.0,0.0,0.0,0.0,0.0,0.0,1.0,0.0,7.580000000000006,7.560000000000007,7.640000000000007,7.560000000000007,0.0026420094628387975,2.2204460492503128e-16,0.002642009462838576,0.010526412986987603,0.012900263429955,-1.0,-0.01978891820580464,2019-05-23 07:00:00
2019-05-20 07:00:00,7.53,7.64,7.53,7.53,544480,0.0,0.0,0.0,0.0,0.0,0.0,0.0,0.0,1.0,0.0,7.530000000000007,7.530000000000007,7.640000000000007,7.530000000000007,-0.006618157842477894,-0.006618157842477894,0.0,0.014502561366626901,0.012330125735088633,-1.0,-0.013280212483399834,2019-05-23 07:00:00
2019-05-21 07:00:00,7.53,7.66,7.53,7.58,836600,0.0,0.0,0.0,0.0,0.0,0.0,0.0,0.0,1.0,0.0,7.580000000000007,7.530000000000007,7.660000000000007,7.530000000000007,0.006618157842478074,0.0,0.006618157842478074,0.017116941940697707,0.012079464938386209,-1.0,-0.01978891820580475,2019-05-23 07:00:00
2019-05-22 07:00:00,7.56,7.64,7.5,7.56,894580,0.0,0.0,0.0,0.0,0.0,0.0,0.0,0.0,1.0,0.0,7.560000000000007,7.560000000000007,7.640000000000007,7.500000000000007,-0.0026420094628386965,-0.0026420094628386965,0.0,0.01849458263616431,0.011491161863014056,-1.0,-0.01719576719576721,2019-05-23 07:00:00
2019-05-23 07:00:00,7.5,7.56,7.43,7.43,556710,0.0,0.0,0.0,0.0,0.0,0.0,0.0,0.0,1.0,0.0,7.430000000000007,7.500000000000007,7.560000000000007,7.430000000000006,-0.017345331461773847,-0.007968169649176845,-0.009377161812597044,0.017345331461774013,0.011852788267373971,-1.0,-0.014804845222072816,2019-05-29 07:00:00
2019-05-24 07:00:00,7.43,7.53,7.37,7.4,668090,0.0,0.0,0.0,0.0,0.0,0.0,0.0,0.0,1.0,0.0,7.400000000000007,7.430000000000006,7.530000000000007,7.370000000000006,-0.004045858519543795,-1.1102230246251565e-16,-0.0040458585195436835,0.021477335610557095,0.011275150899831698,1.0,0.013513513513513375,2019-05-30 07:00:00
2019-05-27 07:00:00,7.43,7.45,7.29,7.37,810460,0.0,0.0,0.0,0.0,0.0,0.0,0.0,0.0,1.0,0.0,7.370000000000005,7.430000000000005,7.4500000000000055,7.2900000000000045,-0.004062294008879016,0.004045858519543575,-0.008108152528422475,0.02171048637090156,0.010725643230118192,1.0,0.01763907734056991,2019-05-30 07:00:00
2019-05-28 07:00:00,7.37,7.37,7.29,7.37,636500,0.0,0.0,0.0,0.0,0.0,0.0,0.0,0.0,1.0,0.0,7.370000000000005,7.370000000000005,7.370000000000005,7.2900000000000045,0.0,0.0,0.0,0.010914160180678553,0.010261500398206749,1.0,0.01763907734056991,2019-05-30 07:00:00
2019-05-29 07:00:00,7.4,7.4,7.29,7.32,679700,0.0,0.0,0.0,0.0,0.0,0.0,0.0,0.0,1.0,0.0,7.320000000000006,7.400000000000006,7.400000000000006,7.2900000000000045,-0.006807378228025014,0.004062294008878926,-0.010869672236903879,0.014976454189557478,0.009817252246762762,1.0,0.024590163934426146,2019-05-30 07:00:00
2019-05-30 07:00:00,7.32,7.5,7.29,7.5,2030560,0.0,0.0,0.0,0.0,0.0,0.0,0.0,0.0,1.0,0.0,7.500000000000005,7.320000000000005,7.500000000000005,7.2900000000000045,0.024292692569044483,-1.1102230246251565e-16,0.0242926925690447,0.02839947452169817,0.012569482061978497,-1.0,-0.02399999999999991,2019-06-03 07:00:00
2019-05-31 07:00:00,7.56,7.56,7.4,7.5,469280,0.0,0.0,0.0,0.0,0.0,0.0,0.0,0.0,1.0,0.0,7.500000000000005,7.560000000000005,7.560000000000005,7.400000000000006,0.0,0.007968169649176881,-0.007968169649176845,0.021391189981317345,0.011959632970908208,-1.0,-0.02399999999999991,2019-06-03 07:00:00
2019-06-03 07:00:00,7.45,7.45,7.29,7.32,886290,0.0,0.0,0.0,0.0,0.0,0.0,0.0,0.0,1.0,0.0,7.320000000000006,7.4500000000000055,7.4500000000000055,7.2900000000000045,-0.024292692569044472,-0.00668898815079654,-0.017603704418247976,0.02171048637090156,0.013382337504265209,0.0,-0.010928961748633892,2019-06-10 07:00:00
2019-06-04 07:00:00,7.32,7.5,7.29,7.32,865510,0.0,0.0,0.0,0.0,0.0,0.0,0.0,0.0,1.0,0.0,7.320000000000006,7.320000000000005,7.500000000000005,7.2900000000000045,0.0,-1.1102230246251565e-16,2.2204460492503128e-16,0.02839947452169817,0.012763752714227692,0.0,-0.006830601092896127,2019-06-11 07:00:00
2019-06-05 07:00:00,7.37,7.45,7.27,7.32,691090,0.0,0.0,0.0,0.0,0.0,0.0,0.0,0.0,1.0,0.0,7.320000000000006,7.370000000000005,7.4500000000000055,7.270000000000004,0.0,0.006807378228025108,-0.006807378228025014,0.02445774084604031,0.01217045975577624,-1.0,-0.013661202185792365,2019-06-12 07:00:00
2019-06-06 07:00:00,7.19,7.43,7.14,7.29,800170,0.0,0.0,0.0,0.0,0.0,0.0,0.0,0.0,1.0,0.0,7.2900000000000045,7.190000000000005,7.430000000000005,7.140000000000004,-0.004106781952653582,-0.017919156240264945,0.013812374287611371,0.03981308237817485,0.011585868878390611,-1.0,-0.013717421124828433,2019-06-13 07:00:00
2019-06-07 07:00:00,7.32,7.35,7.24,7.35,324280,0.0,0.0,0.0,0.0,0.0,0.0,0.0,0.0,1.0,0.0,7.350000000000004,7.320000000000005,7.350000000000005,7.240000000000005,0.00819676720417849,0.004106781952653502,0.004089985251525066,0.0150791068271203,0.011498717981315125,-1.0,-0.014965986394557595,2019-06-10 07:00:00
2019-06-10 07:00:00,7.32,7.4,7.24,7.24,512280,0.0,0.0,0.0,0.0,0.0,0.0,0.0,0.0,1.0,0.0,7.2400000000000055,7.320000000000005,7.400000000000006,7.240000000000005,-0.015079106827120079,-0.004089985251525055,-0.010989121575595093,0.021858793812499232,0.01165990510311051,1.0,0.015193370165745623,2019-06-14 07:00:00
2019-06-11 07:00:00,7.11,7.27,7.11,7.27,775820,0.0,0.0,0.0,0.0,0.0,0.0,0.0,0.0,1.0,0.0,7.270000000000006,7.1100000000000065,7.270000000000006,7.1100000000000065,0.004135085147803017,-0.0181189625824753,0.02225404773027829,0.02225404773027829,0.011293666987895393,0.0,-0.006877579092159802,2019-06-18 07:00:00
2019-06-12 07:00:00,7.22,7.27,7.16,7.22,420480,0.0,0.0,0.0,0.0,0.0,0.0,0.0,0.0,1.0,0.0,7.220000000000005,7.220000000000004,7.270000000000004,7.160000000000005,-0.006901338640693269,-0.006901338640693381,2.2204460492503128e-16,0.015246310572873666,0.01083271068231967,1.0,0.018005540166204925,2019-06-14 07:00:00
2019-06-13 07:00:00,7.22,7.22,7.14,7.19,304510,0.0,0.0,0.0,0.0,0.0,0.0,0.0,0.0,1.0,0.0,7.190000000000005,7.220000000000004,7.220000000000004,7.140000000000004,-0.004163781171779612,-1.1102230246251565e-16,-0.004163781171779501,0.011142176553241803,0.010313282011093198,1.0,0.022253129346314182,2019-06-14 07:00:00
2019-06-14 07:00:00,7.14,7.35,7.14,7.35,485540,0.0,0.0,0.0,0.0,0.0,0.0,0.0,0.0,1.0,0.0,7.350000000000004,7.140000000000004,7.350000000000005,7.140000000000004,0.022009141491789848,-0.006978395381462369,0.028987536873252187,0.028987536873252406,0.012339878981769723,-1.0,-0.017687074829931926,2019-06-18 07:00:00
2019-06-17 07:00:00,7.24,7.32,7.19,7.27,224840,0.0,0.0,0.0,0.0,0.0,0.0,0.0,0.0,1.0,0.0,7.270000000000004,7.240000000000005,7.320000000000005,7.190000000000005,-0.010944021679317368,-0.015079106827120192,0.004135085147803017,0.017919156240264755,0.012153294123246632,-1.0,-0.015130674002750921,2019-06-19 07:00:00
2019-06-18 07:00:00,7.19,7.27,7.16,7.22,453310,0.0,0.0,0.0,0.0,0.0,0.0,0.0,0.0,1.0,0.0,7.220000000000004,7.190000000000005,7.270000000000004,7.160000000000005,-0.006901338640693157,-0.011065119812472575,0.004163781171779514,0.015246310572873666,0.01167497755151492,0.0,-0.0041551246537396835,2019-06-25 07:00:00
2019-06-19 07:00:00,7.16,7.27,7.16,7.16,228050,0.0,0.0,0.0,0.0,0.0,0.0,0.0,0.0,1.0,0.0,7.160000000000005,7.160000000000005,7.270000000000004,7.160000000000005,-0.008344971932180534,-0.008344971932180534,0.0,0.015246310572873666,0.011268687020620716,0.0,-0.006983240223463749,2019-06-26 07:00:00
2019-06-20 07:00:00,7.16,7.22,7.11,7.19,468860,0.0,0.0,0.0,0.0,0.0,0.0,0.0,0.0,1.0,0.0,7.190000000000004,7.160000000000004,7.220000000000003,7.110000000000004,0.004181190760400889,-1.1102230246251565e-16,0.0041811907604011106,0.015352709089585312,0.010911373343239186,-1.0,-0.011126564673157202,2019-06-26 07:00:00
2019-06-21 07:00:00,7.19,7.24,7.14,7.19,488460,0.0,0.0,0.0,0.0,0.0,0.0,0.0,0.0,1.0,0.0,7.190000000000004,7.190000000000004,7.240000000000004,7.140000000000003,0.0,0.0,0.0,0.01390843004613215,0.010395427937232528,-1.0,-0.011126564673157202,2019-06-26 07:00:00
2019-06-24 07:00:00,7.19,7.24,7.16,7.19,456990,0.0,0.0,0.0,0.0,0.0,0.0,0.0,0.0,1.0,0.0,7.190000000000004,7.190000000000004,7.240000000000004,7.160000000000004,0.0,0.0,0.0,0.011111225425070849,0.009902324317745105,-1.0,-0.011126564673157202,2019-06-26 07:00:00
2019-06-25 07:00:00,7.16,7.19,7.08,7.19,504240,0.0,0.0,0.0,0.0,0.0,0.0,0.0,0.0,1.0,0.0,7.190000000000004,7.160000000000004,7.190000000000004,7.080000000000004,0.0,-0.004181190760401158,0.0041811907604011106,0.015417264027327033,0.009431278896406565,-1.0,-0.011126564673157202,2019-06-26 07:00:00
2019-06-26 07:00:00,7.08,7.19,7.08,7.11,459280,0.0,0.0,0.0,0.0,0.0,0.0,0.0,0.0,1.0,0.0,7.110000000000004,7.080000000000004,7.190000000000004,7.080000000000004,-0.011188927917805852,-0.015417264027326941,0.004228336109521105,0.015417264027327033,0.009438629256339821,-1.0,-0.025316455696202778,2019-06-27 07:00:00
2019-06-27 07:00:00,7.11,7.11,6.93,6.93,393060,0.0,0.0,0.0,0.0,0.0,0.0,0.0,0.0,1.0,0.0,6.930000000000002,7.110000000000004,7.110000000000004,6.930000000000002,-0.0256424306133379,0.0,-0.0256424306133379,0.02564243061333787,0.011389125618685289,1.0,0.025974025974025983,2019-06-28 07:00:00
2019-06-28 07:00:00,6.9,7.11,6.85,7.11,1069540,0.0,0.0,0.0,0.0,0.0,0.0,0.0,0.0,1.0,0.0,7.110000000000003,6.900000000000003,7.110000000000004,6.850000000000002,0.025642430613337652,-0.004338401598598019,0.029980832211935857,0.0372535915410158,0.014151346585189552,-1.0,-0.025316455696202556,2019-07-02 07:00:00
2019-07-01 07:00:00,7.11,7.11,6.85,7.03,424260,0.0,0.0,0.0,0.0,0.0,0.0,0.0,0.0,1.0,0.0,7.030000000000003,7.110000000000004,7.110000000000004,6.850000000000002,-0.011315537992575984,2.2204460492503128e-16,-0.011315537992576096,0.0372535915410158,0.01376792988160209,-1.0,-0.01422475106685639,2019-07-02 07:00:00
2019-07-02 07:00:00,7.03,7.03,6.93,6.93,141520,0.0,0.0,0.0,0.0,0.0,0.0,0.0,0.0,1.0,0.0,6.930000000000002,7.030000000000004,7.030000000000004,6.930000000000002,-0.014326892620761733,2.2204460492503128e-16,-0.014326892620761845,0.01432689262076192,0.01356180185008884,0.0,0.00721500721500723,2019-07-09 07:00:00
2019-07-03 07:00:00,6.9,6.95,6.82,6.85,337630,0.0,0.0,0.0,0.0,0.0,0.0,0.0,0.0,1.0,0.0,6.850000000000002,6.900000000000003,6.950000000000003,6.820000000000003,-0.011611160927677921,-0.004338401598598019,-0.007272759329079921,0.018882187721330015,0.013115861424121146,1.0,0.021897810218978186,2019-07-04 07:00:00
2019-07-04 07:00:00,6.87,7.06,6.87,7.0,498440,0.0,0.0,0.0,0.0,0.0,0.0,0.0,0.0,1.0,0.0,7.000000000000003,6.870000000000003,7.060000000000003,6.870000000000003,0.021661496781179467,0.002915453960124135,0.018746042821055412,0.027280945270892837,0.014753701565387094,0.0,-0.0071428571428571175,2019-07-11 07:00:00
2019-07-05 07:00:00,7.0,7.03,6.93,6.95,146780,0.0,0.0,0.0,0.0,0.0,0.0,0.0,0.0,1.0,0.0,6.950000000000003,7.0000000000000036,7.030000000000004,6.930000000000002,-0.007168489478612516,2.2204460492503128e-16,-0.007168489478612628,0.01432689262076192,0.014119669778550156,0.0,-0.007194244604316502,2019-07-12 07:00:00
2019-07-08 07:00:00,7.03,7.03,6.9,6.9,300800,0.0,0.0,0.0,0.0,0.0,0.0,0.0,0.0,1.0,0.0,6.900000000000003,7.030000000000004,7.030000000000004,6.900000000000003,-0.00722024797348702,0.011445046245872878,-0.018665294219359974,0.018665294219359876,0.013505789830905094,0.0,0.007246376811594235,2019-07-15 07:00:00
2019-07-09 07:00:00,6.9,6.98,6.82,6.98,843160,0.0,0.0,0.0,0.0,0.0,0.0,0.0,0.0,1.0,0.0,6.980000000000003,6.900000000000003,6.980000000000003,6.820000000000003,0.011527505171067414,0.0,0.011527505171067414,0.023189444918910354,0.013565526344042615,0.0,-0.004297994269340966,2019-07-16 07:00:00
2019-07-10 07:00:00,6.95,7.0,6.82,6.9,485280,0.0,0.0,0.0,0.0,0.0,0.0,0.0,0.0,1.0,0.0,6.900000000000003,6.950000000000003,7.0000000000000036,6.820000000000003,-0.011527505171067383,-0.004307257197580332,-0.00722024797348702,0.02605067719994255,0.013247730742570811,1.0,0.0768115942028984,2019-07-17 07:00:00
2019-07-11 07:00:00,6.9,7.03,6.87,6.95,404970,0.0,0.0,0.0,0.0,0.0,0.0,0.0,0.0,1.0,0.0,6.950000000000003,6.900000000000003,7.030000000000004,6.870000000000003,0.007220247973487097,0.0,0.007220247973487097,0.023022599588315762,0.01293753904243,1.0,0.06906474820143882,2019-07-17 07:00:00
2019-07-12 07:00:00,6.93,7.06,6.9,6.9,569710,0.0,0.0,0.0,0.0,0.0,0.0,0.0,0.0,1.0,0.0,6.900000000000003,6.930000000000002,7.060000000000003,6.900000000000003,-0.00722024797348702,-0.0028818463748889263,-0.004338401598598019,0.022923639901937024,0.012422507883320638,1.0,0.0768115942028984,2019-07-17 07:00:00
2019-07-15 07:00:00,6.9,7.0,6.9,6.95,883050,0.0,0.0,0.0,0.0,0.0,0.0,0.0,0.0,1.0,0.0,6.950000000000003,6.900000000000003,7.0000000000000036,6.900000000000003,0.007220247973487097,0.0,0.007220247973487097,0.01438873745209967,0.01214654045991042,1.0,0.06906474820143882,2019-07-17 07:00:00
2019-07-16 07:00:00,6.98,7.0,6.93,6.95,992790,0.0,0.0,0.0,0.0,0.0,0.0,0.0,0.0,1.0,0.0,6.950000000000003,6.980000000000003,7.0000000000000036,6.930000000000002,0.0,0.00430725719758027,-0.004307257197580332,0.010050335853501506,0.01155962565582717,1.0,0.06906474820143882,2019-07-17 07:00:00
2019-07-17 07:00:00,7.0,7.43,6.93,7.43,1927730,0.0,0.0,0.0,0.0,0.0,0.0,0.0,0.0,1.0,0.0,7.430000000000002,7.0000000000000036,7.430000000000003,6.930000000000002,0.066784199152967,0.007168489478612717,0.05961570967435424,0.06966604552785607,0.023217838585954578,-1.0,-0.025572005383580176,2019-07-18 07:00:00
2019-07-18 07:00:00,7.32,7.43,7.24,7.24,788700,0.0,0.0,0.0,0.0,0.0,0.0,0.0,0.0,1.0,0.0,7.240000000000002,7.320000000000002,7.4300000000000015,7.240000000000002,-0.025904652332042897,-0.014915530756447632,-0.010989121575595206,0.02590465233204276,0.024007085258476616,0.0,0.011049723756906271,2019-07-25 07:00:00
2019-07-19 07:00:00,7.24,7.56,7.22,7.29,669180,0.0,0.0,0.0,0.0,0.0,0.0,0.0,0.0,1.0,0.0,7.290000000000003,7.240000000000004,7.560000000000003,7.220000000000003,0.006882339622941958,2.2204460492503128e-16,0.006882339622941738,0.046016237286706764,0.02287561079204482,0.0,-0.009602194787380003,2019-07-26 07:00:00
2019-07-22 07:00:00,7.32,7.43,7.24,7.27,853290,0.0,0.0,0.0,0.0,0.0,0.0,0.0,0.0,1.0,0.0,7.270000000000002,7.320000000000004,7.430000000000003,7.240000000000004,-0.002747254475138807,0.004106781952653502,-0.006854036427792368,0.02590465233204276,0.021823181252894938,0.0,-0.004126547455295726,2019-07-29 07:00:00
2019-07-23 07:00:00,7.32,7.32,7.16,7.27,502070,0.0,0.0,0.0,0.0,0.0,0.0,0.0,0.0,1.0,0.0,7.270000000000002,7.320000000000004,7.320000000000004,7.160000000000004,0.0,0.006854036427792434,-0.006854036427792368,0.02210034700066592,0.02076929358131437,-1.0,-0.028885832187070193,2019-07-30 07:00:00
2019-07-24 07:00:00,7.27,7.32,7.16,7.16,352490,0.0,0.0,0.0,0.0,0.0,0.0,0.0,0.0,1.0,0.0,7.160000000000004,7.270000000000003,7.320000000000004,7.160000000000004,-0.015246310572873525,2.2204460492503128e-16,-0.015246310572873638,0.02210034700066592,0.020431428846507282,1.0,0.022346368715083775,2019-07-25 07:00:00
2019-07-25 07:00:00,7.16,7.43,7.16,7.32,1181200,0.0,0.0,0.0,0.0,0.0,0.0,0.0,0.0,1.0,0.0,7.320000000000004,7.160000000000004,7.430000000000003,7.160000000000004,0.02210034700066592,0.0,0.02210034700066592,0.037015877757113444,0.02050262906325641,-1.0,-0.03551912568306026,2019-07-30 07:00:00
2019-07-26 07:00:00,7.24,7.35,7.22,7.22,248780,0.0,0.0,0.0,0.0,0.0,0.0,0.0,0.0,1.0,0.0,7.220000000000002,7.240000000000004,7.350000000000003,7.220000000000003,-0.01375537506848557,-0.010989121575595206,-0.002766253492890296,0.017845360320010387,0.02010524254509935,-1.0,-0.02216066481994461,2019-07-30 07:00:00
2019-07-29 07:00:00,7.19,7.27,7.19,7.24,564250,0.0,0.0,0.0,0.0,0.0,0.0,0.0,0.0,1.0,0.0,7.240000000000002,7.190000000000002,7.270000000000001,7.190000000000002,0.00276625349289011,-0.004163781171779612,0.0069300346646696325,0.011065119812472607,0.019131891551785775,-1.0,-0.024861878453038666,2019-07-30 07:00:00
2019-07-30 07:00:00,7.22,7.22,7.0,7.06,832920,0.0,0.0,0.0,0.0,0.0,0.0,0.0,0.0,1.0,0.0,7.060000000000002,7.220000000000003,7.220000000000003,7.0000000000000036,-0.02517615489247428,-0.002766253492889962,-0.02240990139958428,0.03094480384942149,0.019844868131570943,-1.0,-0.026912181303116234,2019-08-02 07:00:00
2019-07-31 07:00:00,6.85,7.06,6.82,6.93,1458230,0.0,0.0,0.0,0.0,0.0,0.0,0.0,0.0,1.0,0.0,6.930000000000002,6.850000000000002,7.060000000000003,6.820000000000003,-0.01858523830333878,-0.030196399231016812,0.01161116092767784,0.03458557964977995,0.019573111445002362,-1.0,-0.020202020202020332,2019-08-05 07:00:00
2019-08-01 07:00:00,6.87,7.03,6.87,6.98,386190,0.0,0.0,0.0,0.0,0.0,0.0,0.0,0.0,1.0,0.0,6.980000000000003,6.870000000000003,7.030000000000004,6.870000000000003,0.007189103572469256,-0.008695706967553821,0.015884810540023133,0.023022599588315762,0.018870642008752225,-1.0,-0.027220630372493004,2019-08-05 07:00:00
2019-08-02 07:00:00,6.95,6.95,6.85,6.87,362730,0.0,0.0,0.0,0.0,0.0,0.0,0.0,0.0,1.0,0.0,6.870000000000002,6.950000000000002,6.950000000000002,6.850000000000001,-0.015884810540023327,-0.004307257197580555,-0.011577553342442787,0.014493007302566824,0.01842606587836114,-1.0,-0.03784570596797665,2019-08-06 07:00:00
2019-08-05 07:00:00,6.87,6.98,6.79,6.79,638890,0.0,0.0,0.0,0.0,0.0,0.0,0.0,0.0,1.0,0.0,6.790000000000002,6.870000000000002,6.980000000000002,6.790000000000002,-0.011713164663653203,0.0,-0.011713164663653203,0.027597975203676465,0.017705562856201344,-1.0,-0.026509572901325384,2019-08-06 07:00:00
2019-08-06 07:00:00,6.71,6.77,6.58,6.61,566070,0.0,0.0,0.0,0.0,0.0,0.0,0.0,0.0,1.0,0.0,6.610000000000002,6.710000000000002,6.770000000000001,6.580000000000002,-0.026867287707009746,-0.011851990587014293,-0.015015297119995441,0.0284663415869577,0.018175599316348677,1.0,0.024205748865355314,2019-08-08 07:00:00
2019-08-07 07:00:00,6.71,6.71,6.58,6.64,532570,0.0,0.0,0.0,0.0,0.0,0.0,0.0,0.0,1.0,0.0,6.640000000000001,6.710000000000002,6.710000000000002,6.580000000000002,0.004528309624747389,0.015015297119995434,-0.010486987495248075,0.01956420564636447,0.017595174607997366,1.0,0.01957831325301207,2019-08-08 07:00:00
2019-08-08 07:00:00,6.58,6.79,6.58,6.77,603210,0.0,0.0,0.0,0.0,0.0,0.0,0.0,0.0,1.0,0.0,6.770000000000001,6.580000000000002,6.790000000000002,6.580000000000002,0.019389123435841163,-0.009077218151116428,0.0284663415869577,0.031416196233378914,0.01831357394096167,1.0,0.02363367799113747,2019-08-15 07:00:00
2019-08-09 07:00:00,6.77,6.82,6.69,6.77,234300,0.0,0.0,0.0,0.0,0.0,0.0,0.0,0.0,1.0,0.0,6.770000000000001,6.770000000000001,6.820000000000002,6.690000000000002,0.0,0.0,0.0,0.01924559771523356,0.017442284194758725,1.0,0.02363367799113747,2019-08-15 07:00:00
2019-08-12 07:00:00,6.74,6.74,6.64,6.74,321280,0.0,0.0,0.0,0.0,0.0,0.0,0.0,0.0,1.0,0.0,6.740000000000002,6.740000000000002,6.740000000000002,6.6400000000000015,-0.004441161999967825,-0.004441161999967825,0.0,0.014947961435873366,0.016599527234799863,1.0,0.028189910979228516,2019-08-15 07:00:00
2019-08-13 07:00:00,6.64,6.77,6.64,6.74,424590,0.0,0.0,0.0,0.0,0.0,0.0,0.0,0.0,1.0,0.0,6.740000000000002,6.6400000000000015,6.770000000000001,6.6400000000000015,0.0,-0.014947961435873252,0.014947961435873366,0.019389123435841163,0.01581237836031179,1.0,0.016320474777447913,2019-08-14 07:00:00
2019-08-14 07:00:00,7.07,7.07,6.74,6.85,302360,0.0,0.0,0.0,0.0,0.0,0.0,0.0,0.0,1.0,0.0,6.850000000000001,7.070000000000002,7.070000000000002,6.740000000000002,0.0161887273499181,0.04780055498426569,-0.03161182763434754,0.04780055498426569,0.016066149240032607,1.0,0.08467153284671536,2019-08-20 07:00:00
2019-08-15 07:00:00,6.85,6.93,6.71,6.93,422370,0.0,0.0,0.0,0.0,0.0,0.0,0.0,0.0,1.0,0.0,6.930000000000002,6.850000000000002,6.930000000000002,6.710000000000003,0.01161116092767806,2.2204460492503128e-16,0.01161116092767784,0.03226086221822148,0.015730973722395077,1.0,0.07215007215007208,2019-08-20 07:00:00
2019-08-16 07:00:00,6.93,6.96,6.85,6.93,498670,0.0,0.0,0.0,0.0,0.0,0.0,0.0,0.0,1.0,0.0,6.930000000000002,6.930000000000002,6.960000000000003,6.850000000000002,0.0,0.0,0.0,0.01593082207219449,0.014963627098256814,1.0,0.07215007215007208,2019-08-20 07:00:00
2019-08-19 07:00:00,6.85,6.96,6.85,6.96,371940,0.0,0.0,0.0,0.0,0.0,0.0,0.0,0.0,1.0,0.0,6.960000000000003,6.850000000000002,6.960000000000003,6.850000000000002,0.00431966114451638,-0.011611160927677921,0.01593082207219449,0.01593082207219449,0.014283056954336508,1.0,0.06752873563218387,2019-08-20 07:00:00
2019-08-20 07:00:00,6.96,7.43,6.96,7.43,2533660,0.0,0.0,0.0,0.0,0.0,0.0,0.0,0.0,1.0,0.0,7.430000000000002,6.960000000000003,7.430000000000003,6.960000000000003,0.06534638438333948,0.0,0.06534638438333948,0.06534638438333948,0.02373135216732253,1.0,0.03364737550471064,2019-08-23 07:00:00
2019-08-21 07:00:00,7.46,7.68,7.46,7.46,1411240,0.0,0.0,0.0,0.0,0.0,0.0,0.0,0.0,1.0,0.0,7.460000000000003,7.4600000000000035,7.680000000000003,7.4600000000000035,0.004029555486001642,0.0040295554860018635,-1.1102230246251565e-16,0.029064132943911334,0.022589478737452706,1.0,0.029490616621983934,2019-08-23 07:00:00
2019-08-22 07:00:00,7.43,7.65,7.43,7.49,679840,0.0,0.0,0.0,0.0,0.0,0.0,0.0,0.0,1.0,0.0,7.490000000000004,7.430000000000003,7.650000000000004,7.430000000000003,0.004013383313458741,-0.004029555486001577,0.008042938799460449,0.029179789108776725,0.021501213338701523,1.0,0.025367156208277564,2019-08-23 07:00:00
2019-08-23 07:00:00,7.49,7.68,7.43,7.68,1236870,0.0,0.0,0.0,0.0,0.0,0.0,0.0,0.0,1.0,0.0,7.680000000000002,7.490000000000004,7.680000000000003,7.430000000000003,0.025050749630452552,0.0,0.025050749630452552,0.03309368842991301,0.021211339047023478,1.0,0.03645833333333326,2019-08-26 07:00:00
2019-08-26 07:00:00,7.57,8.01,7.54,7.96,2178250,0.0,0.0,0.0,0.0,0.0,0.0,0.0,0.0,1.0,0.0,7.960000000000003,7.570000000000004,8.010000000000003,7.540000000000004,0.03580945269671078,-0.01442647971022324,0.05023593240693416,0.060468579060403115,0.021827979727312662,-1.0,-0.035175879396984855,2019-09-03 07:00:00
2019-08-27 07:00:00,8.12,8.26,7.98,8.04,2096860,0.0,0.0,0.0,0.0,0.0,0.0,0.0,0.0,1.0,0.0,8.040000000000001,8.120000000000001,8.260000000000002,7.980000000000002,0.010000083334583179,0.019901154317294806,-0.00990107098271157,0.03448617607116919,0.020763894749898867,-1.0,-0.04477611940298476,2019-09-03 07:00:00
2019-08-28 07:00:00,8.04,8.15,7.93,7.93,957610,0.0,0.0,0.0,0.0,0.0,0.0,0.0,0.0,1.0,0.0,7.930000000000002,8.040000000000003,8.150000000000004,7.930000000000003,-0.01377604754411818,2.2204460492503128e-16,-0.013776047544118406,0.027364891606014838,0.021082236235760714,-1.0,-0.031525851197982235,2019-09-03 07:00:00
2019-08-29 07:00:00,7.93,8.07,7.9,7.9,871900,0.0,0.0,0.0,0.0,0.0,0.0,0.0,0.0,1.0,0.0,7.900000000000004,7.930000000000003,8.070000000000004,7.900000000000004,-0.0037902761737805793,2.2204460492503128e-16,-0.0037902761737806908,0.021290722808881515,0.020385315856185117,-1.0,-0.027848101265822822,2019-09-03 07:00:00
2019-08-30 07:00:00,7.9,8.01,7.76,7.93,1046020,0.0,0.0,0.0,0.0,0.0,0.0,0.0,0.0,1.0,0.0,7.930000000000003,7.900000000000004,8.010000000000003,7.760000000000003,0.003790276173780827,0.0,0.003790276173780827,0.03170842688514036,0.019417780988166853,-1.0,-0.031525851197982346,2019-09-03 07:00:00
2019-09-03 07:00:00,7.98,7.98,7.63,7.68,769120,0.0,0.0,0.0,0.0,0.0,0.0,0.0,0.0,1.0,0.0,7.680000000000003,7.980000000000004,7.980000000000004,7.6300000000000034,-0.03203348848717582,0.006285375814960957,-0.03831886430213666,0.04485056616535171,0.021876400428173553,-1.0,-0.0390625,2019-09-10 07:00:00
2019-09-04 07:00:00,7.98,7.98,7.6,7.82,652330,0.0,0.0,0.0,0.0,0.0,0.0,0.0,0.0,1.0,0.0,7.820000000000005,7.980000000000006,7.980000000000006,7.600000000000005,0.018065007397638985,0.03831886430213681,-0.020253856904497797,0.04879016416943205,0.021285683854595998,-1.0,-0.02813299232736588,2019-09-09 07:00:00
2019-09-05 07:00:00,7.79,7.93,7.76,7.82,400870,0.0,0.0,0.0,0.0,0.0,0.0,0.0,0.0,1.0,0.0,7.820000000000005,7.790000000000005,7.930000000000005,7.760000000000005,0.0,-0.0038436946745627155,0.003843694674562715,0.021670701451629158,0.020294115071740185,-1.0,-0.02813299232736588,2019-09-09 07:00:00
2019-09-06 07:00:00,7.85,7.85,7.71,7.71,283240,0.0,0.0,0.0,0.0,0.0,0.0,0.0,0.0,1.0,0.0,7.7100000000000035,7.850000000000003,7.850000000000003,7.7100000000000035,-0.01416636698198178,0.0038289772370972515,-0.01799534421907894,0.01799534421907888,0.020077446281739676,-1.0,-0.04280155642023342,2019-09-10 07:00:00
2019-09-09 07:00:00,7.71,7.71,7.57,7.6,457630,0.0,0.0,0.0,0.0,0.0,0.0,0.0,0.0,1.0,0.0,7.600000000000003,7.7100000000000035,7.7100000000000035,7.570000000000004,-0.014369940282952787,0.0,-0.014369940282952787,0.018325120125880695,0.019755435708026403,-1.0,-0.02894736842105261,2019-09-10 07:00:00
2019-09-10 07:00:00,7.54,7.71,7.38,7.38,701930,0.0,0.0,0.0,0.0,0.0,0.0,0.0,0.0,1.0,0.0,7.3800000000000034,7.540000000000004,7.7100000000000035,7.3800000000000034,-0.029374608679904244,-0.007926065272420603,-0.021448543407483627,0.04374454896285696,0.020875825325506102,1.0,0.04471544715447151,2019-09-12 07:00:00
2019-09-11 07:00:00,7.38,7.49,7.32,7.46,477980,0.0,0.0,0.0,0.0,0.0,0.0,0.0,0.0,1.0,0.0,7.4600000000000035,7.3800000000000034,7.490000000000004,7.320000000000004,0.010781775603288413,0.0,0.010781775603288413,0.022958469555908,0.020229788943306872,1.0,0.03351206434316345,2019-09-12 07:00:00
2019-09-12 07:00:00,7.57,7.74,7.51,7.71,676820,0.0,0.0,0.0,0.0,0.0,0.0,0.0,0.0,1.0,0.0,7.7100000000000035,7.570000000000004,7.740000000000004,7.510000000000003,0.032962773359568556,0.014637653233688045,0.018325120125880695,0.03016622182559249,0.0217685248279631,1.0,0.03242542153047978,2019-09-17 07:00:00
2019-09-13 07:00:00,7.68,7.79,7.65,7.76,520880,0.0,0.0,0.0,0.0,0.0,0.0,0.0,0.0,1.0,0.0,7.760000000000003,7.680000000000003,7.790000000000004,7.650000000000004,0.006464146619889238,-0.003898640415657309,0.010362787035546658,0.01813521204421236,0.0207424068499834,1.0,0.025773195876288568,2019-09-17 07:00:00
2019-09-16 07:00:00,7.82,7.98,7.74,7.87,1233460,0.0,0.0,0.0,0.0,0.0,0.0,0.0,0.0,1.0,0.0,7.870000000000004,7.820000000000004,7.980000000000004,7.740000000000004,0.014075728234184428,0.007702220362092303,0.006373507872092201,0.030536723860081702,0.02002142910250447,-1.0,-0.045743329097839736,2019-09-20 07:00:00
2019-09-17 07:00:00,7.79,7.98,7.79,7.96,830160,0.0,0.0,0.0,0.0,0.0,0.0,0.0,0.0,1.0,0.0,7.9600000000000035,7.790000000000004,7.980000000000004,7.790000000000004,0.011370937426979692,-0.01021720254665494,0.02158813997363484,0.024097551579060524,0.019178405206506478,-1.0,-0.025125628140703404,2019-09-19 07:00:00
2019-09-18 07:00:00,7.9,7.98,7.74,7.82,557030,0.0,0.0,0.0,0.0,0.0,0.0,0.0,0.0,1.0,0.0,7.820000000000005,7.900000000000006,7.980000000000006,7.7400000000000055,-0.01774444529907173,-0.0075662403833155895,-0.010178204915756264,0.030536723860081702,0.019440441838992253,-1.0,-0.039641943734015306,2019-09-20 07:00:00
2019-09-19 07:00:00,7.82,7.87,7.68,7.76,531300,0.0,0.0,0.0,0.0,0.0,0.0,0.0,0.0,1.0,0.0,7.760000000000004,7.820000000000006,7.870000000000005,7.680000000000005,-0.007702220362092351,2.2204460492503128e-16,-0.007702220362092463,0.02443851526973099,0.018742204113146848,-1.0,-0.03221649484536071,2019-09-20 07:00:00
2019-09-20 07:00:00,7.76,7.79,7.51,7.51,547830,0.0,0.0,0.0,0.0,0.0,0.0,0.0,0.0,1.0,0.0,7.510000000000005,7.760000000000005,7.790000000000005,7.510000000000005,-0.03274686841908389,2.2204460492503128e-16,-0.032746868419084,0.03660539410661344,0.020592327986115606,1.0,0.033288948069240876,2019-09-24 07:00:00
2019-09-23 07:00:00,7.51,7.79,7.51,7.63,907350,0.0,0.0,0.0,0.0,0.0,0.0,0.0,0.0,1.0,0.0,7.630000000000004,7.510000000000005,7.790000000000005,7.510000000000005,0.01585237952032204,0.0,0.01585237952032204,0.03660539410661344,0.020294599771545623,1.0,0.04587155963302769,2019-09-25 07:00:00
2019-09-24 07:00:00,7.6,7.79,7.6,7.76,660060,0.0,0.0,0.0,0.0,0.0,0.0,0.0,0.0,1.0,0.0,7.760000000000004,7.600000000000005,7.790000000000005,7.600000000000005,0.016894488898761613,-0.003939598004080203,0.020834086902841834,0.02469261259037163,0.01997133292948232,1.0,0.028350515463917647,2019-09-25 07:00:00
2019-09-25 07:00:00,7.74,7.98,7.68,7.98,1558300,0.0,0.0,0.0,0.0,0.0,0.0,0.0,0.0,1.0,0.0,7.980000000000006,7.7400000000000055,7.980000000000006,7.680000000000005,0.027956077266590135,-0.002580646593491514,0.030536723860081702,0.0383188643021366,0.02059812172067569,1.0,0.0350877192982455,2019-10-01 07:00:00
2019-09-26 07:00:00,8.07,8.15,7.93,8.01,1465540,0.0,0.0,0.0,0.0,0.0,0.0,0.0,0.0,1.0,0.0,8.010000000000005,8.070000000000006,8.150000000000006,7.930000000000005,0.003752349618550372,0.011215070820140003,-0.0074627212015896,0.027364891606014838,0.019592904097141497,1.0,0.03121098626716612,2019-10-01 07:00:00
2019-09-27 07:00:00,8.01,8.09,7.93,7.96,1126090,0.0,0.0,0.0,0.0,0.0,0.0,0.0,0.0,1.0,0.0,7.960000000000004,8.010000000000005,8.090000000000005,7.930000000000005,-0.006261761223976334,0.0,-0.006261761223976334,0.019975695423643608,0.018891390688079317,1.0,0.03768844221105527,2019-10-01 07:00:00
2019-09-30 07:00:00,7.96,8.26,7.96,8.01,1806400,0.0,0.0,0.0,0.0,0.0,0.0,0.0,0.0,1.0,0.0,8.010000000000003,7.9600000000000035,8.260000000000003,7.9600000000000035,0.006261761223976096,-1.1102230246251565e-16,0.006261761223976096,0.03699558767659505,0.017995664635809046,1.0,0.03121098626716634,2019-10-01 07:00:00
2019-10-01 07:00:00,8.01,8.26,8.01,8.26,1334860,0.0,0.0,0.0,0.0,0.0,0.0,0.0,0.0,1.0,0.0,8.260000000000005,8.010000000000005,8.260000000000005,8.010000000000005,0.030733826452619132,2.2204460492503128e-16,0.030733826452618917,0.030733826452618917,0.01900225561578379,0.0,-0.009685230024213065,2019-10-08 07:00:00
2019-10-02 07:00:00,8.34,8.45,8.23,8.26,2442440,0.0,0.0,0.0,0.0,0.0,0.0,0.0,0.0,1.0,0.0,8.260000000000005,8.340000000000005,8.450000000000005,8.230000000000006,0.0,0.009638628837768793,-0.009638628837768745,0.02638042668010387,0.01816322971429988,-1.0,-0.02300242130750596,2019-10-09 07:00:00
2019-10-03 07:00:00,8.15,8.43,8.15,8.34,1708480,0.0,0.0,0.0,0.0,0.0,0.0,0.0,0.0,1.0,0.0,8.340000000000005,8.150000000000006,8.430000000000005,8.150000000000006,0.009638628837768793,-0.013406660280115272,0.023045289117883918,0.033778844760992556,0.01732423459365719,-1.0,-0.0227817745803357,2019-10-04 07:00:00
2019-10-04 07:00:00,8.45,8.45,8.12,8.15,949980,0.0,0.0,0.0,0.0,0.0,0.0,0.0,0.0,1.0,0.0,8.150000000000006,8.450000000000005,8.450000000000005,8.120000000000005,-0.02304528911788402,0.013103224998427008,-0.03614851411631098,0.039836287195495874,0.01862622188186132,0.0,-0.017177914110429238,2019-10-11 07:00:00
2019-10-07 07:00:00,8.23,8.43,8.09,8.18,2871720,0.0,0.0,0.0,0.0,0.0,0.0,0.0,0.0,1.0,0.0,8.180000000000005,8.230000000000006,8.430000000000005,8.090000000000005,0.0036742233618843254,0.009768087436207048,-0.006093864074322892,0.041168040943363626,0.017718103125492973,-1.0,-0.02078239608801935,2019-10-10 07:00:00
2019-10-08 07:00:00,8.26,8.34,8.15,8.18,1055730,0.0,0.0,0.0,0.0,0.0,0.0,0.0,0.0,1.0,0.0,8.180000000000005,8.260000000000005,8.340000000000005,8.150000000000006,0.0,0.009732436918231054,-0.009732436918231,0.023045289117883918,0.016879112999166883,-1.0,-0.02078239608801935,2019-10-10 07:00:00
2019-10-09 07:00:00,8.18,8.21,8.04,8.07,1166580,0.0,0.0,0.0,0.0,0.0,0.0,0.0,0.0,1.0,0.0,8.070000000000006,8.180000000000005,8.210000000000006,8.040000000000004,-0.01353866833279818,0.0,-0.01353866833279818,0.020923840273462002,0.016792776455052994,0.0,-0.003717472118959231,2019-10-16 07:00:00
2019-10-10 07:00:00,8.07,8.15,8.01,8.01,1249170,0.0,0.0,0.0,0.0,0.0,0.0,0.0,0.0,1.0,0.0,8.010000000000007,8.070000000000007,8.150000000000007,8.010000000000007,-0.0074627212015893766,2.2204460492503128e-16,-0.0074627212015896,0.01732716617250353,0.016187114716568158,-1.0,-0.01747815230961325,2019-10-17 07:00:00
2019-10-11 07:00:00,8.01,8.09,7.96,8.01,873020,0.0,0.0,0.0,0.0,0.0,0.0,0.0,0.0,1.0,0.0,8.010000000000007,8.010000000000007,8.090000000000007,7.960000000000007,0.0,0.0,0.0,0.016199731214108608,0.015397532928166122,-1.0,-0.01747815230961325,2019-10-17 07:00:00
2019-10-14 07:00:00,8.12,8.15,8.07,8.07,924530,0.0,0.0,0.0,0.0,0.0,0.0,0.0,0.0,1.0,0.0,8.070000000000006,8.120000000000005,8.150000000000006,8.070000000000006,0.007462721201589374,0.013639393093318325,-0.006176671891729062,0.009864444970914016,0.014800559208666346,-1.0,-0.02478314745972754,2019-10-17 07:00:00
2019-10-15 07:00:00,8.07,8.09,8.01,8.09,727710,0.0,0.0,0.0,0.0,0.0,0.0,0.0,0.0,1.0,0.0,8.090000000000005,8.070000000000006,8.090000000000005,8.010000000000005,0.002475248788542752,0.0,0.002475248788542752,0.009937969990132493,0.01408465248590753,-1.0,-0.027194066749072987,2019-10-17 07:00:00
2019-10-16 07:00:00,8.12,8.15,8.04,8.04,685620,0.0,0.0,0.0,0.0,0.0,0.0,0.0,0.0,1.0,0.0,8.040000000000004,8.120000000000005,8.150000000000006,8.040000000000004,-0.00619964787952545,0.003701423103186184,-0.00990107098271157,0.013588844061896579,0.013580705715768278,-1.0,-0.021144278606965106,2019-10-17 07:00:00
2019-10-17 07:00:00,8.04,8.04,7.87,7.87,1161380,0.0,0.0,0.0,0.0,0.0,0.0,0.0,0.0,1.0,0.0,7.8700000000000045,8.040000000000004,8.040000000000004,7.870000000000005,-0.021371020761563074,0.0,-0.021371020761563074,0.021371020761562918,0.014498201506562705,-1.0,-0.016518424396442133,2019-10-21 07:00:00
2019-10-18 07:00:00,7.87,7.93,7.82,7.82,953710,0.0,0.0,0.0,0.0,0.0,0.0,0.0,0.0,1.0,0.0,7.820000000000005,7.870000000000005,7.930000000000005,7.820000000000006,-0.006373507872092118,2.2204460492503128e-16,-0.00637350787209223,0.01396848108953676,0.013865382087202413,1.0,0.01790281329923271,2019-10-25 07:00:00
2019-10-21 07:00:00,7.87,7.87,7.68,7.74,1261590,0.0,0.0,0.0,0.0,0.0,0.0,0.0,0.0,1.0,0.0,7.740000000000005,7.870000000000005,7.870000000000005,7.680000000000005,-0.01028286695558392,0.006373507872092201,-0.016656374827676172,0.02443851526973099,0.013419578310084392,1.0,0.02067183462532296,2019-10-24 07:00:00
2019-10-22 07:00:00,7.74,7.85,7.71,7.76,512070,0.0,0.0,0.0,0.0,0.0,0.0,0.0,0.0,1.0,0.0,7.760000000000003,7.740000000000004,7.850000000000003,7.7100000000000035,0.0025806465934914914,-1.1102230246251565e-16,0.0025806465934914914,0.01799534421907888,0.012868363008495467,1.0,0.01804123711340222,2019-10-24 07:00:00
2019-10-23 07:00:00,7.76,7.85,7.76,7.79,407110,0.0,0.0,0.0,0.0,0.0,0.0,0.0,0.0,1.0,0.0,7.790000000000004,7.760000000000003,7.850000000000003,7.760000000000003,0.0038585256875294997,0.0,0.0038585256875294997,0.01153119759918964,0.012380867798388073,1.0,0.01412066752246477,2019-10-24 07:00:00
2019-10-24 07:00:00,7.82,7.96,7.82,7.9,768260,0.0,0.0,0.0,0.0,0.0,0.0,0.0,0.0,1.0,0.0,7.900000000000005,7.820000000000006,7.960000000000005,7.820000000000006,0.014021899590318984,0.0038436946745631574,0.010178204915756052,0.01774444529907191,0.012696301926845658,-1.0,-0.03417721518987349,2019-10-29 07:00:00
2019-10-25 07:00:00,7.9,7.96,7.87,7.96,283570,0.0,0.0,0.0,0.0,0.0,0.0,0.0,0.0,1.0,0.0,7.960000000000005,7.900000000000006,7.960000000000005,7.870000000000005,0.0075662403833158766,2.2204460492503128e-16,0.0075662403833158766,0.011370937426979692,0.012302780206379205,-1.0,-0.013819095477387022,2019-10-28 07:00:00
2019-10-28 07:00:00,7.96,8.01,7.85,7.85,456670,0.0,0.0,0.0,0.0,0.0,0.0,0.0,0.0,1.0,0.0,7.850000000000004,7.960000000000005,8.010000000000005,7.850000000000005,-0.01391546806197467,0.0,-0.01391546806197467,0.020177229285950785,0.01248288700563393,-1.0,-0.028025477707006363,2019-10-29 07:00:00
2019-10-29 07:00:00,7.85,7.85,7.63,7.63,1104730,0.0,0.0,0.0,0.0,0.0,0.0,0.0,0.0,1.0,0.0,7.630000000000004,7.850000000000005,7.850000000000005,7.630000000000005,-0.028425686497951422,2.2204460492503128e-16,-0.028425686497951533,0.02842568649795129,0.01448767595125299,-1.0,-0.03014416775884665,2019-10-31 07:00:00
2019-10-30 07:00:00,7.63,7.79,7.57,7.68,533700,0.0,0.0,0.0,0.0,0.0,0.0,0.0,0.0,1.0,0.0,7.680000000000003,7.6300000000000034,7.790000000000004,7.570000000000004,0.006531701863215059,-1.1102230246251565e-16,0.006531701863215059,0.028647792433299395,0.01410701856437355,-1.0,-0.03645833333333326,2019-10-31 07:00:00
2019-10-31 07:00:00,7.68,7.68,7.4,7.4,1465420,0.0,0.0,0.0,0.0,0.0,0.0,0.0,0.0,1.0,0.0,7.400000000000004,7.680000000000003,7.680000000000003,7.400000000000004,-0.037139546949456655,0.0,-0.037139546949456655,0.03713954694945657,0.016990601484302606,1.0,0.027027027027026973,2019-11-04 07:00:00
2019-11-01 07:00:00,7.4,7.46,7.27,7.4,1296750,0.0,0.0,0.0,0.0,0.0,0.0,0.0,0.0,1.0,0.0,7.400000000000004,7.400000000000004,7.4600000000000035,7.270000000000003,0.0,0.0,0.0,0.025799122670241603,0.016256354039417165,1.0,0.027027027027026973,2019-11-04 07:00:00
2019-11-04 07:00:00,7.43,7.63,7.43,7.6,930510,0.0,0.0,0.0,0.0,0.0,0.0,0.0,0.0,1.0,0.0,7.600000000000003,7.430000000000003,7.6300000000000034,7.430000000000003,0.026668247082161273,0.004045858519543575,0.022622388562617647,0.026561986566697848,0.018211119813877744,-1.0,-0.018421052631578894,2019-11-08 07:00:00
2019-11-05 07:00:00,7.6,7.63,7.54,7.54,610190,0.0,0.0,0.0,0.0,0.0,0.0,0.0,0.0,1.0,0.0,7.540000000000004,7.600000000000003,7.6300000000000034,7.540000000000004,-0.007926065272420603,0.0,-0.007926065272420603,0.011865663276500982,0.01740691454772105,-1.0,-0.025198938992042508,2019-11-11 07:00:00
2019-11-06 07:00:00,7.54,7.74,7.51,7.63,989810,0.0,0.0,0.0,0.0,0.0,0.0,0.0,0.0,1.0,0.0,7.630000000000004,7.540000000000005,7.7400000000000055,7.510000000000005,0.011865663276500982,2.2204460492503128e-16,0.011865663276500762,0.03016622182559249,0.01713426928386271,-1.0,-0.022280471821756298,2019-11-08 07:00:00
2019-11-07 07:00:00,7.6,7.68,7.57,7.6,243190,0.0,0.0,0.0,0.0,0.0,0.0,0.0,0.0,1.0,0.0,7.600000000000003,7.600000000000003,7.680000000000003,7.570000000000004,-0.003939598004080426,-0.003939598004080426,0.0,0.014426479710223344,0.016316163690882148,-1.0,-0.018421052631578894,2019-11-08 07:00:00
2019-11-08 07:00:00,7.65,7.65,7.46,7.46,496050,0.0,0.0,0.0,0.0,0.0,0.0,0.0,0.0,1.0,0.0,7.4600000000000035,7.650000000000004,7.650000000000004,7.4600000000000035,-0.01859283307661586,0.006557400546159261,-0.02515023362277501,0.02515023362277511,0.01633956681513996,1.0,0.022788203753351333,2019-11-15 07:00:00
2019-11-11 07:00:00,7.46,7.49,7.35,7.35,494350,0.0,0.0,0.0,0.0,0.0,0.0,0.0,0.0,1.0,0.0,7.350000000000003,7.4600000000000035,7.490000000000004,7.350000000000003,-0.014855100990924184,0.0,-0.014855100990924184,0.018868484304382954,0.01593084948226073,1.0,0.025850340136054584,2019-11-12 07:00:00
2019-11-12 07:00:00,7.4,7.65,7.4,7.54,1073180,0.0,0.0,0.0,0.0,0.0,0.0,0.0,0.0,1.0,0.0,7.5400000000000045,7.400000000000006,7.650000000000006,7.400000000000006,0.025521868795119553,0.006779686985378989,0.018742181809740445,0.033225647628320386,0.01762203980223485,0.0,0.003978779840848823,2019-11-19 07:00:00
2019-11-13 07:00:00,7.54,7.68,7.51,7.51,480830,0.0,0.0,0.0,0.0,0.0,0.0,0.0,0.0,1.0,0.0,7.510000000000005,7.540000000000005,7.680000000000005,7.510000000000005,-0.0039867162438212336,2.2204460492503128e-16,-0.003986716243821345,0.022384081383537435,0.01677860692437005,0.0,-2.220446049250313e-16,2019-11-20 07:00:00
2019-11-14 07:00:00,7.54,7.54,7.46,7.46,289200,0.0,0.0,0.0,0.0,0.0,0.0,0.0,0.0,1.0,0.0,7.460000000000004,7.540000000000005,7.540000000000005,7.460000000000005,-0.006680051560374023,0.003986716243821383,-0.010666767804195303,0.010666767804195228,0.016028889072584516,1.0,0.02278820375335111,2019-11-15 07:00:00
2019-11-15 07:00:00,7.46,7.68,7.46,7.63,961380,0.0,0.0,0.0,0.0,0.0,0.0,0.0,0.0,1.0,0.0,7.630000000000004,7.460000000000005,7.680000000000005,7.460000000000005,0.02253243108069606,2.2204460492503128e-16,0.02253243108069606,0.029064132943911334,0.0169699126098356,-1.0,-0.022280471821756298,2019-11-21 07:00:00
2019-11-18 07:00:00,7.65,7.68,7.51,7.51,385680,0.0,0.0,0.0,0.0,0.0,0.0,0.0,0.0,1.0,0.0,7.510000000000003,7.650000000000004,7.680000000000003,7.510000000000003,-0.015852379520322438,0.00261780254207888,-0.01847018206240114,0.022384081383537435,0.016845508944347106,-1.0,-0.039946737683089206,2019-11-22 07:00:00
2019-11-19 07:00:00,7.51,7.6,7.49,7.57,392860,0.0,0.0,0.0,0.0,0.0,0.0,0.0,0.0,1.0,0.0,7.570000000000005,7.510000000000005,7.600000000000005,7.4900000000000055,0.00795760167331414,2.2204460492503128e-16,0.00795760167331392,0.014579449763157238,0.016267989585755836,-1.0,-0.047556142668428114,2019-11-22 07:00:00
2019-11-20 07:00:00,7.65,7.65,7.51,7.51,243810,0.0,0.0,0.0,0.0,0.0,0.0,0.0,0.0,1.0,0.0,7.510000000000003,7.650000000000004,7.650000000000004,7.510000000000003,-0.0079576016733142,0.010512580389086987,-0.01847018206240114,0.018470182062401055,0.01563664420713549,-1.0,-0.039946737683089206,2019-11-22 07:00:00
2019-11-21 07:00:00,7.54,7.57,7.46,7.46,488120,0.0,0.0,0.0,0.0,0.0,0.0,0.0,0.0,1.0,0.0,7.4600000000000035,7.540000000000004,7.570000000000004,7.4600000000000035,-0.006680051560373911,0.003986716243821383,-0.010666767804195192,0.014637653233688045,0.014964745056369553,-1.0,-0.03351206434316356,2019-11-22 07:00:00
2019-11-22 07:00:00,7.46,7.51,7.18,7.21,664940,0.0,0.0,0.0,0.0,0.0,0.0,0.0,0.0,1.0,0.0,7.2100000000000035,7.4600000000000035,7.510000000000003,7.180000000000003,-0.034086462918811795,0.0,-0.034086462918811795,0.044936082715910534,0.01725196245380348,0.0,0.004160887656033285,2019-11-29 07:00:00
2019-11-25 07:00:00,7.29,7.4,7.21,7.21,524750,0.0,0.0,0.0,0.0,0.0,0.0,0.0,0.0,1.0,0.0,7.2100000000000035,7.290000000000004,7.400000000000004,7.2100000000000035,0.0,0.011034594723709068,-0.01103459472370906,0.02601104891326635,0.01647352729145303,0.0,0.00832177531206657,2019-12-02 07:00:00
2019-11-26 07:00:00,7.21,7.43,7.21,7.29,581590,0.0,0.0,0.0,0.0,0.0,0.0,0.0,0.0,1.0,0.0,7.290000000000004,7.2100000000000035,7.430000000000003,7.2100000000000035,0.011034594723709068,0.0,0.011034594723709068,0.030056907432810077,0.01633976844852288,0.0,-0.015089163237311465,2019-12-03 07:00:00
2019-11-27 07:00:00,7.35,7.4,7.27,7.29,546410,0.0,0.0,0.0,0.0,0.0,0.0,0.0,0.0,1.0,0.0,7.290000000000004,7.350000000000003,7.400000000000004,7.270000000000003,0.0,0.00819676720417849,-0.008196767204178515,0.017723708664696212,0.015566420576725443,0.0,0.012345679012345734,2019-12-04 07:00:00
2019-11-28 07:00:00,7.29,7.35,7.21,7.29,550060,0.0,0.0,0.0,0.0,0.0,0.0,0.0,0.0,1.0,0.0,7.290000000000004,7.290000000000004,7.350000000000003,7.2100000000000035,0.0,0.0,0.0,0.019231361927887592,0.01482741566787549,-1.0,-0.015089163237311465,2019-12-03 07:00:00
2019-11-29 07:00:00,7.32,7.32,7.21,7.24,227220,0.0,0.0,0.0,0.0,0.0,0.0,0.0,0.0,1.0,0.0,7.240000000000004,7.320000000000004,7.320000000000004,7.2100000000000035,-0.006882339622941789,0.004106781952653502,-0.010989121575595206,0.015141376676362476,0.014169343685045813,1.0,0.01933701657458564,2019-12-04 07:00:00
2019-12-02 07:00:00,7.27,7.32,7.07,7.27,601600,0.0,0.0,0.0,0.0,0.0,0.0,0.0,0.0,1.0,0.0,7.270000000000003,7.270000000000003,7.320000000000004,7.070000000000004,0.004135085147803017,0.004135085147803017,0.0,0.034749848064738804,0.013638114486583247,1.0,0.015130674002751032,2019-12-04 07:00:00
2019-12-03 07:00:00,7.24,7.32,7.18,7.18,455030,0.0,0.0,0.0,0.0,0.0,0.0,0.0,0.0,1.0,0.0,7.180000000000003,7.240000000000004,7.320000000000004,7.180000000000003,-0.012456908485295154,-0.004135085147802879,-0.008321823337492217,0.019310944913087522,0.013340071790388507,1.0,0.027855153203342642,2019-12-04 07:00:00
2019-12-04 07:00:00,7.27,7.38,7.16,7.38,380030,0.0,0.0,0.0,0.0,0.0,0.0,0.0,0.0,1.0,0.0,7.3800000000000034,7.270000000000003,7.3800000000000034,7.160000000000004,0.027474255552248337,0.012456908485295216,0.015017347066953131,0.03026365763982693,0.015680265971888218,0.0,0.0027100271002713505,2019-12-11 07:00:00
2019-12-05 07:00:00,7.43,7.46,7.35,7.4,792350,0.0,0.0,0.0,0.0,0.0,0.0,0.0,0.0,1.0,0.0,7.400000000000005,7.430000000000005,7.460000000000005,7.350000000000005,0.0027063615977430673,0.006752220117286871,-0.004045858519543795,0.014855100990924278,0.014940573897549263,1.0,0.022972972972973293,2019-12-12 07:00:00
2019-12-06 07:00:00,7.4,7.43,7.35,7.38,284110,0.0,0.0,0.0,0.0,0.0,0.0,0.0,0.0,1.0,0.0,7.380000000000004,7.400000000000006,7.430000000000005,7.350000000000005,-0.0027063615977430252,2.2204460492503128e-16,-0.0027063615977431367,0.010825545504922545,0.01423601487490976,1.0,0.02574525745257472,2019-12-12 07:00:00
2019-12-09 07:00:00,7.38,7.46,7.35,7.43,561950,0.0,0.0,0.0,0.0,0.0,0.0,0.0,0.0,1.0,0.0,7.430000000000004,7.380000000000005,7.460000000000005,7.350000000000005,0.006752220117286651,2.2204460492503128e-16,0.0067522201172864295,0.014855100990924278,0.013701539168073722,-1.0,-0.014804845222072482,2019-12-10 07:00:00
2019-12-10 07:00:00,7.46,7.46,7.32,7.32,429740,0.0,0.0,0.0,0.0,0.0,0.0,0.0,0.0,1.0,0.0,7.320000000000006,7.460000000000005,7.460000000000005,7.320000000000005,-0.014915530756447406,0.0040295554860018635,-0.018945086242449193,0.01894508624244942,0.013832239108326972,1.0,0.03415300546448097,2019-12-12 07:00:00
2019-12-11 07:00:00,7.32,7.4,7.29,7.4,281710,0.0,0.0,0.0,0.0,0.0,0.0,0.0,0.0,1.0,0.0,7.400000000000006,7.320000000000005,7.400000000000006,7.2900000000000045,0.010869672236903891,-1.1102230246251565e-16,0.010869672236904111,0.014976454189557478,0.013633515329828778,1.0,0.02297297297297307,2019-12-12 07:00:00
2019-12-12 07:00:00,7.43,7.6,7.43,7.57,1405630,0.0,0.0,0.0,0.0,0.0,0.0,0.0,0.0,1.0,0.0,7.5700000000000065,7.430000000000006,7.600000000000007,7.430000000000006,0.022713067239233435,0.004045858519543796,0.018667208719689705,0.022622388562617647,0.014642427184825297,-1.0,-0.022457067371202122,2019-12-17 07:00:00
2019-12-13 07:00:00,7.63,7.74,7.54,7.57,743620,0.0,0.0,0.0,0.0,0.0,0.0,0.0,0.0,1.0,0.0,7.5700000000000065,7.630000000000007,7.740000000000007,7.540000000000007,0.0,0.007894777847008283,-0.00789477784700826,0.026179505581771078,0.013944746227110602,-1.0,-0.022457067371202122,2019-12-17 07:00:00
2019-12-16 07:00:00,7.57,7.6,7.51,7.54,462300,0.0,0.0,0.0,0.0,0.0,0.0,0.0,0.0,1.0,0.0,7.540000000000006,7.570000000000007,7.600000000000007,7.510000000000007,-0.003970885429492732,2.2204460492503128e-16,-0.003970885429492843,0.011912781516241961,0.013388254043029998,-1.0,-0.01856763925729432,2019-12-17 07:00:00
2019-12-17 07:00:00,7.54,7.54,7.4,7.4,393420,0.0,0.0,0.0,0.0,0.0,0.0,0.0,0.0,1.0,0.0,7.400000000000007,7.540000000000007,7.540000000000007,7.400000000000007,-0.018742181809740525,2.2204460492503128e-16,-0.01874218180974064,0.018742181809740664,0.014117971366055375,-1.0,-0.014864864864865046,2019-12-18 07:00:00
2019-12-18 07:00:00,7.4,7.46,7.29,7.29,641100,0.0,0.0,0.0,0.0,0.0,0.0,0.0,0.0,1.0,0.0,7.290000000000005,7.400000000000006,7.460000000000005,7.2900000000000045,-0.014976454189557474,-1.1102230246251565e-16,-0.014976454189557361,0.02305186819510285,0.014125097511369982,1.0,0.015089163237311354,2019-12-19 07:00:00
2019-12-19 07:00:00,7.29,7.43,7.24,7.4,421800,0.0,0.0,0.0,0.0,0.0,0.0,0.0,0.0,1.0,0.0,7.400000000000006,7.2900000000000045,7.430000000000005,7.240000000000005,0.014976454189557259,-1.1102230246251565e-16,0.014976454189557478,0.02590465233204276,0.014356217097408912,1.0,0.018918918918918948,2019-12-24 07:00:00
2019-12-20 07:00:00,7.38,7.43,7.38,7.4,268340,0.0,0.0,0.0,0.0,0.0,0.0,0.0,0.0,1.0,0.0,7.400000000000006,7.380000000000005,7.430000000000005,7.380000000000005,0.0,-0.0027063615977430252,0.0027063615977430673,0.006752220117286651,0.013655645414128198,1.0,0.018918918918918948,2019-12-24 07:00:00
2019-12-23 07:00:00,7.4,7.43,7.32,7.4,449330,0.0,0.0,0.0,0.0,0.0,0.0,0.0,0.0,1.0,0.0,7.400000000000006,7.400000000000006,7.430000000000005,7.320000000000005,0.0,0.0,0.0,0.014915530756447568,0.012989246638526051,1.0,0.018918918918918948,2019-12-24 07:00:00
2019-12-24 07:00:00,7.68,7.68,7.46,7.54,1537780,0.0,0.0,0.0,0.0,0.0,0.0,0.0,0.0,1.0,0.0,7.540000000000005,7.680000000000005,7.680000000000005,7.460000000000005,0.018742181809740664,0.03713954694945657,-0.018397365139716057,0.029064132943911334,0.013606072633224187,1.0,0.02652519893899208,2019-12-25 07:00:00
2019-12-25 07:00:00,7.57,7.79,7.57,7.74,969440,0.0,0.0,0.0,0.0,0.0,0.0,0.0,0.0,1.0,0.0,7.740000000000006,7.570000000000007,7.790000000000007,7.570000000000007,0.026179505581771078,0.003970885429492942,0.02220862015227813,0.028647792433299395,0.014906065427130908,-1.0,-0.01808785529715773,2019-12-27 07:00:00
2019-12-26 07:00:00,7.74,7.85,7.63,7.63,1047700,0.0,0.0,0.0,0.0,0.0,0.0,0.0,0.0,1.0,0.0,7.630000000000006,7.740000000000007,7.850000000000007,7.630000000000007,-0.014313842305270098,2.2204460492503128e-16,-0.01431384230527021,0.02842568649795129,0.015209330172429977,-1.0,-0.01572739187418082,2019-12-30 07:00:00
2019-12-27 07:00:00,7.68,7.68,7.6,7.6,569460,0.0,0.0,0.0,0.0,0.0,0.0,0.0,0.0,1.0,0.0,7.600000000000006,7.680000000000007,7.680000000000007,7.600000000000007,-0.003939598004080314,0.00653170186321528,-0.010471299867295478,0.010471299867295437,0.014585451926027036,0.0,-0.00394736842105281,2020-01-06 07:00:00
2019-12-30 07:00:00,7.6,7.65,7.46,7.51,866360,0.0,0.0,0.0,0.0,0.0,0.0,0.0,0.0,1.0,0.0,7.510000000000006,7.600000000000007,7.6500000000000075,7.460000000000006,-0.011912781516242,2.2204460492503128e-16,-0.011912781516242112,0.02515023362277511,0.01446101953212143,1.0,0.01597869507323546,2019-12-31 07:00:00
2019-12-31 07:00:00,7.49,7.63,7.46,7.63,923890,0.0,0.0,0.0,0.0,0.0,0.0,0.0,0.0,1.0,0.0,7.630000000000005,7.4900000000000055,7.630000000000005,7.460000000000005,0.01585237952032204,-0.0026666682469153394,0.01851904776723753,0.02253243108069606,0.014526505977273535,-1.0,-0.0615989515072084,2020-01-08 07:00:00
2020-01-02 07:00:00,7.57,7.68,7.57,7.63,866500,0.0,0.0,0.0,0.0,0.0,0.0,0.0,0.0,1.0,0.0,7.630000000000005,7.570000000000006,7.680000000000005,7.570000000000006,0.0,-0.00789477784700815,0.007894777847008063,0.014426479710223344,0.013828344166906651,-1.0,-0.0615989515072084,2020-01-08 07:00:00
2020-01-03 07:00:00,7.63,7.82,7.63,7.68,2242240,0.0,0.0,0.0,0.0,0.0,0.0,0.0,0.0,1.0,0.0,7.680000000000004,7.630000000000005,7.820000000000006,7.630000000000005,0.006531701863215059,0.0,0.006531701863215059,0.024596709260854083,0.013235368798980712,-1.0,-0.01432291666666663,2020-01-06 07:00:00
2020-01-06 07:00:00,7.71,7.71,7.54,7.57,470820,0.0,0.0,0.0,0.0,0.0,0.0,0.0,0.0,1.0,0.0,7.570000000000005,7.710000000000005,7.710000000000005,7.540000000000005,-0.014426479710223353,0.003898640415657544,-0.01832512012588076,0.022296005555373435,0.013538954408262971,-1.0,-0.05416116248348746,2020-01-08 07:00:00
2020-01-07 07:00:00,7.51,7.68,7.51,7.54,424110,0.0,0.0,0.0,0.0,0.0,0.0,0.0,0.0,1.0,0.0,7.5400000000000045,7.510000000000005,7.680000000000005,7.510000000000005,-0.003970885429492732,-0.007957601673313976,0.003986716243821162,0.022384081383537435,0.012949499372904825,-1.0,-0.05039787798408479,2020-01-08 07:00:00
2020-01-08 07:00:00,7.49,7.49,7.16,7.16,2280630,0.0,0.0,0.0,0.0,0.0,0.0,0.0,0.0,1.0,0.0,7.160000000000005,7.4900000000000055,7.4900000000000055,7.160000000000005,-0.05171220104731036,-0.006653384490736436,-0.04505881655657395,0.045058816556574045,0.019881880743011462,0.0,0.0027932960893854997,2020-01-15 07:00:00
2020-01-09 07:00:00,7.24,7.38,7.24,7.27,553820,0.0,0.0,0.0,0.0,0.0,0.0,0.0,0.0,1.0,0.0,7.270000000000003,7.240000000000004,7.3800000000000034,7.240000000000004,0.015246310572873447,0.011111225425070629,0.004135085147803017,0.019152432214756137,0.01985422677953429,0.0,-0.0151306740027507,2020-01-16 07:00:00
2020-01-10 07:00:00,7.29,7.38,7.24,7.27,553300,0.0,0.0,0.0,0.0,0.0,0.0,0.0,0.0,1.0,0.0,7.270000000000003,7.290000000000004,7.3800000000000034,7.240000000000004,0.0,0.0027472544751389236,-0.002747254475138807,0.019152432214756137,0.018905535042464488,-1.0,-0.04264099037138913,2020-01-17 07:00:00
2020-01-13 07:00:00,7.27,7.35,7.16,7.16,946160,0.0,0.0,0.0,0.0,0.0,0.0,0.0,0.0,1.0,0.0,7.160000000000005,7.270000000000004,7.350000000000005,7.160000000000005,-0.015246310572873525,2.2204460492503128e-16,-0.015246310572873638,0.026190332252191074,0.01837931369241394,-1.0,-0.027932960893854775,2020-01-17 07:00:00
2020-01-14 07:00:00,7.18,7.24,7.05,7.18,715360,0.0,0.0,0.0,0.0,0.0,0.0,0.0,0.0,1.0,0.0,7.180000000000005,7.180000000000004,7.240000000000005,7.050000000000004,0.0027894020875785922,0.0027894020875785922,2.2204460492503128e-16,0.02659358957344786,0.017595802592408716,-1.0,-0.030640668523676973,2020-01-17 07:00:00
2020-01-15 07:00:00,7.18,7.21,7.13,7.18,270530,0.0,0.0,0.0,0.0,0.0,0.0,0.0,0.0,1.0,0.0,7.180000000000005,7.180000000000004,7.210000000000004,7.130000000000004,0.0,-1.1102230246251565e-16,2.2204460492503128e-16,0.01115771687065314,0.0167647960853774,-1.0,-0.030640668523676973,2020-01-17 07:00:00
2020-01-16 07:00:00,7.18,7.21,7.13,7.16,553400,0.0,0.0,0.0,0.0,0.0,0.0,0.0,0.0,1.0,0.0,7.1600000000000055,7.180000000000004,7.210000000000004,7.130000000000004,-0.0027894020875785254,-1.1102230246251565e-16,-0.002789402087578414,0.01115771687065314,0.015946537799631393,-1.0,-0.027932960893854886,2020-01-17 07:00:00
2020-01-17 07:00:00,7.18,7.18,6.96,6.96,1151600,0.0,0.0,0.0,0.0,0.0,0.0,0.0,0.0,1.0,0.0,6.960000000000004,7.180000000000004,7.180000000000004,6.960000000000004,-0.028330506626226108,0.0027894020875783706,-0.031119908713804517,0.031119908713804472,0.016993336927487793,1.0,0.04022988505747138,2020-01-21 07:00:00
2020-01-20 07:00:00,6.96,7.02,6.96,7.02,294050,0.0,0.0,0.0,0.0,0.0,0.0,0.0,0.0,1.0,0.0,7.020000000000004,6.960000000000004,7.020000000000004,6.960000000000004,0.008583743691391435,0.0,0.008583743691391435,0.008583743691391435,0.01669700547526958,1.0,0.031339031339031376,2020-01-21 07:00:00
2020-01-21 07:00:00,7.02,7.24,7.02,7.24,497590,0.0,0.0,0.0,0.0,0.0,0.0,0.0,0.0,1.0,0.0,7.240000000000005,7.020000000000004,7.240000000000005,7.020000000000004,0.030857988359905282,0.0,0.030857988359905282,0.030857988359905282,0.019036504540690505,-1.0,-0.04281767955801097,2020-01-30 07:00:00
2020-01-22 07:00:00,7.24,7.32,7.18,7.18,876300,0.0,0.0,0.0,0.0,0.0,0.0,0.0,0.0,1.0,0.0,7.180000000000005,7.240000000000005,7.320000000000005,7.180000000000004,-0.008321823337492106,0.0,-0.008321823337492106,0.019310944913087522,0.018253329706988206,-1.0,-0.0348189415041783,2020-01-30 07:00:00
2020-01-30 07:00:00,7.18,7.18,6.82,6.93,1044820,0.0,0.0,0.0,0.0,0.0,0.0,0.0,0.0,1.0,0.0,6.930000000000005,7.180000000000004,7.180000000000004,6.820000000000005,-0.03543956985832098,-1.1102230246251565e-16,-0.03543956985832075,0.05143991120476204,0.020163057532643535,-1.0,-0.03463203463203446,2020-01-31 07:00:00
2020-01-31 07:00:00,6.88,6.96,6.69,6.69,2053420,0.0,0.0,0.0,0.0,0.0,0.0,0.0,0.0,1.0,0.0,6.690000000000006,6.880000000000006,6.960000000000006,6.690000000000007,-0.0352459390616746,-0.007241161256559362,-0.02800477780511526,0.0395656002061911,0.021278699675715492,-1.0,-0.06726457399103136,2020-02-03 07:00:00
2020-02-03 07:00:00,6.35,6.55,6.24,6.24,2361500,0.0,0.0,0.0,0.0,0.0,0.0,0.0,0.0,1.0,0.0,6.2400000000000055,6.350000000000005,6.550000000000006,6.2400000000000055,-0.06963369175880076,-0.052159061235536916,-0.017474630523263885,0.048484867265824294,0.027553422195619813,1.0,0.035256410256410575,2020-02-10 07:00:00
2020-02-04 07:00:00,6.38,6.38,6.16,6.27,1463880,0.0,0.0,0.0,0.0,0.0,0.0,0.0,0.0,1.0,0.0,6.270000000000006,6.380000000000005,6.380000000000005,6.1600000000000055,0.0047961722634930135,0.022187914975362138,-0.017391742711869107,0.03509131981126998,0.02677958283303558,1.0,0.030303030303030498,2020-02-10 07:00:00
2020-02-05 07:00:00,6.27,6.33,6.24,6.3,1089750,0.0,0.0,0.0,0.0,0.0,0.0,0.0,0.0,1.0,0.0,6.300000000000007,6.270000000000007,6.330000000000007,6.240000000000007,0.004773278752657812,2.2204460492503128e-16,0.004773278752657812,0.014320053774748471,0.025952795648242398,1.0,0.03968253968253954,2020-02-11 07:00:00
2020-02-06 07:00:00,6.3,6.35,6.24,6.35,1495560,0.0,0.0,0.0,0.0,0.0,0.0,0.0,0.0,1.0,0.0,6.350000000000007,6.300000000000007,6.350000000000007,6.240000000000007,0.007905179507113247,0.0,0.007905179507113247,0.01747463052326392,0.025278310461910574,1.0,0.03149606299212593,2020-02-11 07:00:00
2020-02-07 07:00:00,6.41,6.6,6.38,6.41,1322960,0.0,0.0,0.0,0.0,0.0,0.0,0.0,0.0,1.0,0.0,6.410000000000006,6.4100000000000055,6.600000000000006,6.380000000000005,0.00940445802797842,0.009404458027978199,2.2204460492503128e-16,0.033901551675681416,0.024637565529191056,1.0,0.09048361934477378,2020-02-12 07:00:00
2020-02-10 07:00:00,6.41,6.55,6.3,6.46,1066490,0.0,0.0,0.0,0.0,0.0,0.0,0.0,0.0,1.0,0.0,6.460000000000007,6.410000000000007,6.550000000000007,6.300000000000007,0.007770046861931858,2.2204460492503128e-16,0.007770046861931858,0.03891541624967341,0.02383884950815607,1.0,0.08204334365325083,2020-02-12 07:00:00
2020-02-11 07:00:00,6.44,6.6,6.44,6.55,1438680,0.0,0.0,0.0,0.0,0.0,0.0,0.0,0.0,1.0,0.0,6.550000000000006,6.440000000000006,6.600000000000006,6.440000000000006,0.01383573185264979,-0.0031007776782484937,0.016936509530898255,0.02454110891611766,0.02340035986332563,1.0,0.06717557251908413,2020-02-12 07:00:00
2020-02-12 07:00:00,6.58,6.99,6.58,6.99,2679770,0.0,0.0,0.0,0.0,0.0,0.0,0.0,0.0,1.0,0.0,6.990000000000007,6.580000000000007,6.990000000000008,6.580000000000007,0.06501550659855848,0.0045696956900654895,0.060445810908493,0.06044581090849321,0.03035744637594551,1.0,0.03576537911301858,2020-02-17 07:00:00
2020-02-13 07:00:00,6.99,7.16,6.99,7.16,1908600,0.0,0.0,0.0,0.0,0.0,0.0,0.0,0.0,1.0,0.0,7.160000000000007,6.990000000000006,7.160000000000006,6.990000000000006,0.02402942472683526,-1.1102230246251565e-16,0.024029424726835478,0.02402942472683526,0.02956213140022123,1.0,0.046089385474860745,2020-02-19 07:00:00
2020-02-14 07:00:00,7.16,7.24,7.07,7.18,983250,0.0,0.0,0.0,0.0,0.0,0.0,0.0,0.0,1.0,0.0,7.180000000000008,7.160000000000008,7.240000000000008,7.070000000000008,0.0027894020875785922,2.2204460492503128e-16,0.0027894020875785922,0.023760726489143662,0.02812709298367279,1.0,0.043175487465181295,2020-02-19 07:00:00
2020-02-17 07:00:00,7.13,7.4,7.13,7.24,1394660,0.0,0.0,0.0,0.0,0.0,0.0,0.0,0.0,1.0,0.0,7.240000000000008,7.130000000000008,7.400000000000008,7.130000000000008,0.008321823337492278,-0.0069881486339282515,0.01530997197142051,0.03716876578391958,0.026775319074191863,1.0,0.03453038674033171,2020-02-19 07:00:00
2020-02-18 07:00:00,7.27,7.35,7.21,7.35,1300470,0.0,0.0,0.0,0.0,0.0,0.0,0.0,0.0,1.0,0.0,7.3500000000000085,7.270000000000008,7.350000000000008,7.210000000000008,0.0150791068271203,0.004135085147803017,0.01094402167931743,0.019231361927887592,0.025644141581280037,-1.0,-0.053061224489795666,2020-02-24 07:00:00
2020-02-19 07:00:00,7.46,7.68,7.46,7.49,1452330,0.0,0.0,0.0,0.0,0.0,0.0,0.0,0.0,1.0,0.0,7.49000000000001,7.46000000000001,7.68000000000001,7.46000000000001,0.018868484304382954,0.014855100990924278,0.004013383313458741,0.029064132943911334,0.024694851657403104,-1.0,-0.026702269692923886,2020-02-21 07:00:00
2020-02-20 07:00:00,7.6,7.63,7.46,7.46,925570,0.0,0.0,0.0,0.0,0.0,0.0,0.0,0.0,1.0,0.0,7.46000000000001,7.600000000000009,7.63000000000001,7.46000000000001,-0.004013383313458676,0.014579449763157238,-0.01859283307661586,0.02253243108069606,0.023735057493184778,-1.0,-0.06702412868632701,2020-02-24 07:00:00
2020-02-21 07:00:00,7.29,7.46,7.27,7.29,908390,0.0,0.0,0.0,0.0,0.0,0.0,0.0,0.0,1.0,0.0,7.29000000000001,7.29000000000001,7.46000000000001,7.270000000000009,-0.02305186819510272,-0.02305186819510272,0.0,0.025799122670241603,0.02423639180923634,-1.0,-0.04526748971193406,2020-02-24 07:00:00
2020-02-24 07:00:00,6.93,7.07,6.82,6.96,1755640,0.0,0.0,0.0,0.0,0.0,0.0,0.0,0.0,1.0,0.0,6.96000000000001,6.930000000000009,7.07000000000001,6.820000000000009,-0.0463240716742384,-0.05064373281875503,0.004319661144516601,0.036001008053110836,0.027495226679244342,0.0,-0.015804597701149614,2020-03-02 07:00:00
2020-02-25 07:00:00,6.96,7.1,6.82,7.07,943960,0.0,0.0,0.0,0.0,0.0,0.0,0.0,0.0,1.0,0.0,7.07000000000001,6.960000000000009,7.100000000000009,6.820000000000009,0.015681005562153075,-1.1102230246251565e-16,0.015681005562153294,0.04023531219189897,0.02664902915875502,-1.0,-0.031117397454031304,2020-03-02 07:00:00
2020-02-26 07:00:00,7.05,7.13,6.93,6.99,557830,0.0,0.0,0.0,0.0,0.0,0.0,0.0,0.0,1.0,0.0,6.99000000000001,7.05000000000001,7.13000000000001,6.930000000000009,-0.011379923662762446,-0.002832863084304201,-0.008547060578458297,0.028451421224392762,0.02559157365593641,1.0,0.027181688125893944,2020-03-03 07:00:00
2020-02-27 07:00:00,7.07,7.07,6.99,7.02,665060,0.0,0.0,0.0,0.0,0.0,0.0,0.0,0.0,1.0,0.0,7.0200000000000085,7.07000000000001,7.07000000000001,6.990000000000009,0.004282661792000728,0.011379923662762581,-0.007097261870761882,0.011379923662762581,0.024390600924066613,1.0,0.0698005698005697,2020-03-04 07:00:00
2020-02-28 07:00:00,6.96,7.02,6.82,6.93,1095910,0.0,0.0,0.0,0.0,0.0,0.0,0.0,0.0,1.0,0.0,6.930000000000009,6.960000000000009,7.020000000000009,6.820000000000009,-0.012903404835907841,-0.008583743691391442,-0.004319661144516396,0.028903746182348995,0.02350759644344561,1.0,0.03607503607503593,2020-03-03 07:00:00
2020-03-02 07:00:00,6.93,7.05,6.85,6.85,490500,0.0,0.0,0.0,0.0,0.0,0.0,0.0,0.0,1.0,0.0,6.8500000000000085,6.930000000000009,7.05000000000001,6.8500000000000085,-0.011611160927677921,0.0,-0.011611160927677921,0.028778964550043543,0.022565854343578617,1.0,0.04817518248175179,2020-03-03 07:00:00
2020-03-03 07:00:00,6.96,7.18,6.93,7.18,806940,0.0,0.0,0.0,0.0,0.0,0.0,0.0,0.0,1.0,0.0,7.180000000000009,6.960000000000009,7.1800000000000095,6.930000000000009,0.047050730785998855,0.01593082207219449,0.031119908713804472,0.03543956985832102,0.026138777914995567,1.0,0.04596100278551529,2020-03-04 07:00:00
2020-03-04 07:00:00,7.24,7.51,7.21,7.51,2211650,0.0,0.0,0.0,0.0,0.0,0.0,0.0,0.0,1.0,0.0,7.510000000000009,7.240000000000008,7.510000000000008,7.210000000000008,0.044936082715910534,0.008321823337492058,0.036614259378418314,0.04076651447918565,0.027991604690408064,-1.0,-0.07323568575233019,2020-03-09 07:00:00
2020-03-05 07:00:00,7.51,7.63,7.24,7.32,1144260,0.0,0.0,0.0,0.0,0.0,0.0,0.0,0.0,1.0,0.0,7.320000000000008,7.510000000000008,7.630000000000009,7.240000000000008,-0.02562513780282316,-1.1102230246251565e-16,-0.025625137802823047,0.05246663889874064,0.02830863536197418,-1.0,-0.0491803278688524,2020-03-09 07:00:00
2020-03-06 07:00:00,7.27,7.46,7.13,7.46,919740,0.0,0.0,0.0,0.0,0.0,0.0,0.0,0.0,1.0,0.0,7.460000000000009,7.270000000000008,7.460000000000008,7.130000000000008,0.01894508624244942,-0.0068540364277922565,0.025799122670241603,0.04524417978946494,0.027337926330352515,-1.0,-0.06702412868632712,2020-03-09 07:00:00
2020-03-09 07:00:00,7.05,7.13,6.96,6.96,2153190,0.0,0.0,0.0,0.0,0.0,0.0,0.0,0.0,1.0,0.0,6.960000000000008,7.050000000000008,7.130000000000008,6.960000000000008,-0.06937593986934125,-0.05652779739149224,-0.012848142477849024,0.02413176007987622,0.03427330241213434,-1.0,-0.06752873563218387,2020-03-12 07:00:00
2020-03-10 07:00:00,6.91,7.07,6.71,6.96,1396790,0.0,0.0,0.0,0.0,0.0,0.0,0.0,0.0,1.0,0.0,6.960000000000008,6.910000000000008,7.070000000000008,6.710000000000007,0.0,-0.0072098365667497555,0.00720983656674975,0.05226152892489104,0.03260779305676685,-1.0,-0.06752873563218387,2020-03-12 07:00:00
2020-03-11 07:00:00,6.96,7.07,6.49,6.96,1361650,0.0,0.0,0.0,0.0,0.0,0.0,0.0,0.0,1.0,0.0,6.960000000000008,6.960000000000008,7.070000000000008,6.490000000000007,0.0,0.0,0.0,0.08559794919248286,0.031022547556976567,-1.0,-0.06752873563218387,2020-03-12 07:00:00
2020-03-12 07:00:00,6.55,6.93,6.49,6.49,2626960,0.0,0.0,0.0,0.0,0.0,0.0,0.0,0.0,1.0,0.0,6.490000000000007,6.550000000000007,6.930000000000008,6.490000000000007,-0.0699169436303296,-0.060714424699167845,-0.009202518931161894,0.06559728248581327,0.035924082216227,0.0,-0.012326656394453184,2020-03-19 07:00:00
2020-03-13 07:00:00,6.05,6.49,6.05,6.44,2049070,0.0,0.0,0.0,0.0,0.0,0.0,0.0,0.0,1.0,0.0,6.4400000000000075,6.050000000000007,6.490000000000007,6.050000000000007,-0.007733990599736339,-0.07020425867324846,0.0624702680735122,0.07020425867324856,0.03417114605500946,0.0,-0.013975155279503326,2020-03-20 07:00:00
2020-03-16 07:00:00,6.35,6.46,6.16,6.35,971660,0.0,0.0,0.0,0.0,0.0,0.0,0.0,0.0,1.0,0.0,6.350000000000007,6.350000000000007,6.460000000000007,6.160000000000007,-0.014073727211662078,-0.014073727211662078,0.0,0.04755254024908206,0.0325496488348192,-1.0,-0.06929133858267733,2020-03-23 07:00:00
2020-03-17 07:00:00,6.08,6.35,6.0,6.35,2376460,0.0,0.0,0.0,0.0,0.0,0.0,0.0,0.0,1.0,0.0,6.350000000000007,6.080000000000007,6.350000000000007,6.000000000000007,0.0,-0.04345011692652454,0.043450116926524576,0.056695343676545086,0.03107551175874493,-1.0,-0.06929133858267733,2020-03-23 07:00:00
2020-03-18 07:00:00,6.46,6.6,6.38,6.46,1203540,0.0,0.0,0.0,0.0,0.0,0.0,0.0,0.0,1.0,0.0,6.460000000000007,6.460000000000007,6.600000000000007,6.380000000000007,0.017174504889910215,0.017174504889910215,0.0,0.0339015516756812,0.030516391494382653,-1.0,-0.08513931888544912,2020-03-23 07:00:00
2020-03-19 07:00:00,6.27,6.46,6.19,6.41,1123970,0.0,0.0,0.0,0.0,0.0,0.0,0.0,0.0,1.0,0.0,6.410000000000006,6.270000000000005,6.460000000000005,6.190000000000006,-0.0077700468619319,-0.029852963149681503,0.02208291628774953,0.0426942310980057,0.029034152158714747,-1.0,-0.07800312012480504,2020-03-23 07:00:00
2020-03-20 07:00:00,6.33,6.38,6.19,6.35,1511820,0.0,0.0,0.0,0.0,0.0,0.0,0.0,0.0,1.0,0.0,6.350000000000006,6.330000000000005,6.380000000000005,6.190000000000006,-0.009404458027978407,-0.012559034776494022,0.003154576748515567,0.03023301066019366,0.027638105078088455,-1.0,-0.06929133858267711,2020-03-23 07:00:00
2020-03-23 07:00:00,6.13,6.33,5.91,5.91,2354750,0.0,0.0,0.0,0.0,0.0,0.0,0.0,0.0,1.0,0.0,5.9100000000000055,6.130000000000005,6.330000000000005,5.9100000000000055,-0.07180898148659338,-0.03526006295648028,-0.036548918530113134,0.06865440473807798,0.03289429197867504,0.0,-0.013536379018612377,2020-03-30 07:00:00
2020-03-24 07:00:00,5.86,5.94,5.55,5.94,1548700,0.0,0.0,0.0,0.0,0.0,0.0,0.0,0.0,1.0,0.0,5.940000000000007,5.8600000000000065,5.940000000000007,5.550000000000006,0.005063301956546855,-0.008496227829085422,0.013559529785632294,0.06791120561621036,0.03172825122951469,-1.0,-0.0370370370370372,2020-03-31 07:00:00
2020-03-25 07:00:00,6.19,6.22,5.97,6.08,906180,0.0,0.0,0.0,0.0,0.0,0.0,0.0,0.0,1.0,0.0,6.080000000000006,6.1900000000000075,6.220000000000007,5.970000000000006,0.023295562603522082,0.04122595332195126,-0.017930390718429244,0.04102297934657735,0.03187358054623864,-1.0,-0.041118421052631526,2020-03-30 07:00:00
2020-03-26 07:00:00,6.19,6.19,5.91,6.08,1294140,0.0,0.0,0.0,0.0,0.0,0.0,0.0,0.0,1.0,0.0,6.080000000000006,6.1900000000000075,6.1900000000000075,5.910000000000006,0.0,0.017930390718429164,-0.017930390718429244,0.04628925527849811,0.03040196509866004,-1.0,-0.041118421052631526,2020-03-30 07:00:00
2020-03-27 07:00:00,6.08,6.11,5.94,6.08,1606100,0.0,0.0,0.0,0.0,0.0,0.0,0.0,0.0,1.0,0.0,6.080000000000006,6.080000000000007,6.110000000000007,5.940000000000007,0.0,2.2204460492503128e-16,-1.1102230246251565e-16,0.028217639808950538,0.028990259743872145,-1.0,-0.041118421052631526,2020-03-30 07:00:00
2020-03-30 07:00:00,5.97,5.97,5.66,5.83,2410670,0.0,0.0,0.0,0.0,0.0,0.0,0.0,0.0,1.0,0.0,5.830000000000006,5.970000000000006,5.970000000000006,5.660000000000006,-0.04198769561567457,-0.01825776857356499,-0.02372992704210966,0.0533230351894191,0.02961297100214598,1.0,0.04802744425385952,2020-04-06 07:00:00
2020-03-31 07:00:00,5.72,5.97,5.43,5.72,2440790,0.0,0.0,0.0,0.0,0.0,0.0,0.0,0.0,1.0,0.0,5.720000000000005,5.720000000000005,5.970000000000005,5.430000000000004,-0.019048194970694703,-0.019048194970694703,0.0,0.09480779345866683,0.028312208222262023,1.0,0.03321678321678334,2020-04-01 07:00:00
2020-04-01 07:00:00,5.72,5.91,5.5,5.91,2103820,0.0,0.0,0.0,0.0,0.0,0.0,0.0,0.0,1.0,0.0,5.910000000000006,5.720000000000006,5.910000000000006,5.500000000000006,0.03267702602630042,2.2204460492503128e-16,0.03267702602630042,0.07189773917958153,0.02990034507376737,1.0,0.03384094754653155,2020-04-06 07:00:00
2020-04-03 07:00:00,5.8,6.05,5.75,5.97,1998980,0.0,0.0,0.0,0.0,0.0,0.0,0.0,0.0,1.0,0.0,5.970000000000007,5.800000000000006,6.050000000000007,5.750000000000006,0.01010109598650392,-0.01878791386563316,0.02888900985213707,0.05085841723349116,0.028869382040010307,1.0,0.03685092127303213,2020-04-09 07:00:00
2020-04-06 07:00:00,6.0,6.16,5.97,6.11,2045960,0.0,0.0,0.0,0.0,0.0,0.0,0.0,0.0,1.0,0.0,6.110000000000007,6.000000000000007,6.160000000000007,5.970000000000006,0.02317984577899341,0.005012541823544414,0.018167303955448934,0.03132985014091786,0.02872286258803768,-1.0,-0.0507364975450082,2020-04-08 07:00:00
2020-04-07 07:00:00,6.11,6.11,5.91,6.02,1466540,0.0,0.0,0.0,0.0,0.0,0.0,0.0,0.0,1.0,0.0,6.020000000000007,6.110000000000007,6.110000000000007,5.910000000000006,-0.014839513862774446,0.0,-0.014839513862774446,0.03328094176549737,0.027588040070646257,-1.0,-0.03654485049833878,2020-04-08 07:00:00
2020-04-08 07:00:00,6.0,6.0,5.8,5.8,1870160,0.0,0.0,0.0,0.0,0.0,0.0,0.0,0.0,1.0,0.0,5.800000000000007,6.000000000000008,6.000000000000008,5.800000000000008,-0.03722934176835592,-0.003327790092674468,-0.03390155167568146,0.033901551675681416,0.028157144793860524,1.0,0.06724137931034502,2020-04-09 07:00:00
2020-04-09 07:00:00,5.91,6.19,5.88,6.19,2464860,0.0,0.0,0.0,0.0,0.0,0.0,0.0,0.0,1.0,0.0,6.190000000000008,5.910000000000008,6.190000000000008,5.880000000000008,0.06507716914413125,0.01878791386563327,0.0462892552784979,0.05137832478596918,0.034392115646345825,0.0,0.030694668820678617,2020-04-16 07:00:00
2020-04-10 07:00:00,6.13,6.27,5.97,6.19,1529370,0.0,0.0,0.0,0.0,0.0,0.0,0.0,0.0,1.0,0.0,6.190000000000008,6.130000000000008,6.270000000000008,5.970000000000008,0.0,-0.009740336748384754,0.009740336748384804,0.049029427240318606,0.032713521668658985,0.0,0.030694668820678617,2020-04-17 07:00:00
2020-04-13 07:00:00,6.11,6.19,6.02,6.05,1323760,0.0,0.0,0.0,0.0,0.0,0.0,0.0,0.0,1.0,0.0,6.050000000000008,6.110000000000008,6.190000000000008,6.020000000000008,-0.022876814653754646,-0.013008313513000734,-0.009868501140753891,0.027847827375775083,0.03188584949521258,1.0,0.036363636363636376,2020-04-15 07:00:00
2020-04-14 07:00:00,6.0,6.3,5.97,6.24,2465220,0.0,0.0,0.0,0.0,0.0,0.0,0.0,0.0,1.0,0.0,6.240000000000009,6.000000000000008,6.300000000000008,5.970000000000008,0.03092191033858636,-0.008298802814695066,0.03922071315328133,0.053802705992976194,0.03190577347737181,0.0,0.009615384615384581,2020-04-21 07:00:00
2020-04-15 07:00:00,6.24,6.33,6.16,6.27,1664740,0.0,0.0,0.0,0.0,0.0,0.0,0.0,0.0,1.0,0.0,6.2700000000000085,6.240000000000008,6.330000000000008,6.160000000000008,0.0047961722634930135,-1.1102230246251565e-16,0.0047961722634930135,0.02722345861065643,0.030368119788611123,0.0,0.004784688995215447,2020-04-22 07:00:00
2020-04-16 07:00:00,6.16,6.46,6.16,6.38,1739850,0.0,0.0,0.0,0.0,0.0,0.0,0.0,0.0,1.0,0.0,6.380000000000009,6.160000000000008,6.460000000000009,6.160000000000008,0.01739174271186924,-0.017699577099400975,0.03509131981127019,0.04755254024908206,0.029279043060597625,-1.0,-0.029780564263322873,2020-04-23 07:00:00
2020-04-17 07:00:00,6.46,6.49,6.35,6.38,1868890,0.0,0.0,0.0,0.0,0.0,0.0,0.0,0.0,1.0,0.0,6.380000000000009,6.460000000000009,6.490000000000009,6.3500000000000085,0.0,0.012461220437812033,-0.012461220437812002,0.021807717811398484,0.02786482151199503,-1.0,-0.029780564263322873,2020-04-23 07:00:00
2020-04-20 07:00:00,6.46,6.46,6.3,6.41,1514450,0.0,0.0,0.0,0.0,0.0,0.0,0.0,0.0,1.0,0.0,6.41000000000001,6.46000000000001,6.46000000000001,6.30000000000001,0.004691173575880239,0.012461220437812033,-0.007770046861931788,0.02507968439702339,0.02651126657095399,-1.0,-0.034321372854914434,2020-04-23 07:00:00
2020-04-21 07:00:00,6.3,6.33,6.0,6.3,2704130,0.0,0.0,0.0,0.0,0.0,0.0,0.0,0.0,1.0,0.0,6.300000000000009,6.300000000000008,6.330000000000008,6.000000000000008,-0.017309637535091845,-0.01730963753509196,2.2204460492503128e-16,0.05354076692802976,0.025943003438270745,0.0,-1.1102230246251565e-16,2020-04-28 07:00:00
2020-04-22 07:00:00,6.08,6.3,6.02,6.3,1130910,0.0,0.0,0.0,0.0,0.0,0.0,0.0,0.0,1.0,0.0,6.300000000000009,6.080000000000008,6.300000000000008,6.020000000000008,0.0,-0.03554493741941147,0.0355449374194115,0.04546237407675741,0.024678541744940864,0.0,-0.009523809523809712,2020-04-29 07:00:00
2020-04-23 07:00:00,6.35,6.35,6.19,6.19,552770,0.0,0.0,0.0,0.0,0.0,0.0,0.0,0.0,1.0,0.0,6.190000000000008,6.3500000000000085,6.3500000000000085,6.190000000000008,-0.01761454670098232,0.007905179507113247,-0.025519726208095544,0.02551972620809546,0.024127234543670086,1.0,0.025848142164781818,2020-04-24 07:00:00
2020-04-24 07:00:00,6.19,6.46,6.08,6.35,3072790,0.0,0.0,0.0,0.0,0.0,0.0,0.0,0.0,1.0,0.0,6.350000000000008,6.190000000000008,6.460000000000009,6.080000000000008,0.02551972620809546,0.0,0.02551972620809546,0.06062462181643484,0.02428606551898427,-1.0,-0.0299212598425197,2020-05-04 07:00:00
2020-04-27 07:00:00,6.41,6.44,6.24,6.3,1095700,0.0,0.0,0.0,0.0,0.0,0.0,0.0,0.0,1.0,0.0,6.300000000000008,6.410000000000009,6.440000000000009,6.240000000000008,-0.007905179507113261,0.00940445802797864,-0.017309637535091845,0.03154835773492606,0.023279223279854818,0.0,-0.004761904761904634,2020-05-06 07:00:00
2020-04-28 07:00:00,6.3,6.33,6.22,6.3,497130,0.0,0.0,0.0,0.0,0.0,0.0,0.0,0.0,1.0,0.0,6.300000000000008,6.300000000000008,6.330000000000008,6.220000000000008,0.0,0.0,0.0,0.01753032940499668,0.022144080573381374,-1.0,-0.022222222222222254,2020-05-04 07:00:00
2020-04-29 07:00:00,6.24,6.3,6.19,6.24,960250,0.0,0.0,0.0,0.0,0.0,0.0,0.0,0.0,1.0,0.0,6.240000000000007,6.240000000000007,6.300000000000007,6.1900000000000075,-0.009569451016150785,-0.009569451016150785,0.0,0.017614546700982087,0.021287762211068997,1.0,0.027243589743590313,2020-05-08 07:00:00
2020-05-04 07:00:00,6.19,6.19,6.02,6.16,965810,0.0,0.0,0.0,0.0,0.0,0.0,0.0,0.0,1.0,0.0,6.160000000000007,6.1900000000000075,6.1900000000000075,6.020000000000007,-0.012903404835907841,-0.008045095684831534,-0.004858309151076406,0.027847827375775083,0.020601101785877332,1.0,0.02272727272727315,2020-05-07 07:00:00
2020-05-05 07:00:00,6.08,6.24,6.08,6.24,339970,0.0,0.0,0.0,0.0,0.0,0.0,0.0,0.0,1.0,0.0,6.240000000000009,6.080000000000008,6.240000000000008,6.080000000000008,0.012903404835908221,-0.013072081567352662,0.025975486403260736,0.025975486403260736,0.020070287364087985,1.0,0.02724358974358987,2020-05-08 07:00:00
2020-05-06 07:00:00,6.24,6.3,6.19,6.27,667010,0.0,0.0,0.0,0.0,0.0,0.0,0.0,0.0,1.0,0.0,6.2700000000000085,6.240000000000008,6.300000000000008,6.190000000000008,0.0047961722634930135,-1.1102230246251565e-16,0.0047961722634930135,0.017614546700982087,0.019148281734826453,1.0,0.02232854864433853,2020-05-08 07:00:00
2020-05-07 07:00:00,6.27,6.3,6.19,6.3,754260,0.0,0.0,0.0,0.0,0.0,0.0,0.0,0.0,1.0,0.0,6.30000000000001,6.270000000000009,6.30000000000001,6.19000000000001,0.004773278752657812,2.2204460492503128e-16,0.004773278752657812,0.017614546700982087,0.018262598224987603,1.0,0.04444444444444473,2020-05-11 07:00:00
2020-05-08 07:00:00,6.3,6.52,6.3,6.41,2580160,0.0,0.0,0.0,0.0,0.0,0.0,0.0,0.0,1.0,0.0,6.410000000000011,6.30000000000001,6.520000000000009,6.30000000000001,0.017309637535091824,0.0,0.017309637535091824,0.03432474254107446,0.018072187630636276,1.0,0.026521060842433775,2020-05-11 07:00:00
2020-05-11 07:00:00,6.58,6.58,6.27,6.58,1675860,0.0,0.0,0.0,0.0,0.0,0.0,0.0,0.0,1.0,0.0,6.580000000000012,6.580000000000012,6.580000000000012,6.270000000000011,0.026175474404647237,0.026175474404647237,0.0,0.048258390692396576,0.018629283536366684,1.0,0.024316109422492405,2020-05-12 07:00:00
2020-05-12 07:00:00,6.58,6.82,6.46,6.74,945260,0.0,0.0,0.0,0.0,0.0,0.0,0.0,0.0,1.0,0.0,6.740000000000012,6.580000000000012,6.820000000000013,6.4600000000000115,0.024025179586989836,0.0,0.024025179586989836,0.05423015406086023,0.018660199088581634,-1.0,-0.020771513353115778,2020-05-14 07:00:00
2020-05-13 07:00:00,6.69,6.77,6.55,6.63,1141710,0.0,0.0,0.0,0.0,0.0,0.0,0.0,0.0,1.0,0.0,6.6300000000000106,6.690000000000011,6.77000000000001,6.55000000000001,-0.016455120726444703,-0.0074460507840786744,-0.009009069942365968,0.03303603727702304,0.019043358233948992,1.0,0.028657616892911353,2020-05-20 07:00:00
2020-05-14 07:00:00,6.58,6.71,6.55,6.6,972630,0.0,0.0,0.0,0.0,0.0,0.0,0.0,0.0,1.0,0.0,6.600000000000011,6.580000000000012,6.7100000000000115,6.550000000000011,-0.004535155165391151,-0.007570058860545167,0.0030349036951538896,0.02413390133642987,0.01830707549184519,1.0,0.03333333333333344,2020-05-20 07:00:00
2020-05-15 07:00:00,6.58,6.63,6.41,6.6,1312550,0.0,0.0,0.0,0.0,0.0,0.0,0.0,0.0,1.0,0.0,6.600000000000011,6.580000000000012,6.630000000000011,6.410000000000012,0.0,-0.003034903695153936,0.0030349036951538896,0.033745533265192376,0.017444194427901186,1.0,0.03333333333333344,2020-05-20 07:00:00
2020-05-18 07:00:00,6.6,6.6,6.49,6.58,903500,0.0,0.0,0.0,0.0,0.0,0.0,0.0,0.0,1.0,0.0,6.580000000000012,6.600000000000011,6.600000000000011,6.490000000000012,-0.003034903695153936,0.0,-0.003034903695153936,0.01680711831638119,0.016695536083619907,1.0,0.03647416413373872,2020-05-20 07:00:00
2020-05-19 07:00:00,6.58,6.74,6.55,6.58,1219190,0.0,0.0,0.0,0.0,0.0,0.0,0.0,0.0,1.0,0.0,6.580000000000012,6.580000000000012,6.740000000000012,6.550000000000011,0.0,0.0,0.0,0.028594875277055096,0.015898781292433488,1.0,0.03647416413373872,2020-05-20 07:00:00
2020-05-20 07:00:00,6.58,6.88,6.55,6.82,2556190,0.0,0.0,0.0,0.0,0.0,0.0,0.0,0.0,1.0,0.0,6.820000000000013,6.580000000000012,6.880000000000012,6.550000000000011,0.03582472651814501,0.0,0.03582472651814501,0.0491536022980918,0.018186484301054844,-1.0,-0.019061583577712593,2020-05-25 07:00:00
2020-05-21 07:00:00,6.82,6.91,6.74,6.74,760480,0.0,0.0,0.0,0.0,0.0,0.0,0.0,0.0,1.0,0.0,6.740000000000013,6.820000000000013,6.910000000000013,6.740000000000012,-0.011799546931155055,0.0,-0.011799546931155055,0.0249097128553629,0.01806433654010504,0.0,-0.007418397626112738,2020-05-28 07:00:00
2020-05-22 07:00:00,6.69,6.8,6.63,6.74,734910,0.0,0.0,0.0,0.0,0.0,0.0,0.0,0.0,1.0,0.0,6.740000000000013,6.690000000000012,6.800000000000012,6.630000000000011,0.0,-0.0074460507840786744,0.0074460507840787525,0.02531780798429,0.017221311134178494,0.0,-0.007418397626112738,2020-05-29 07:00:00
2020-05-25 07:00:00,6.69,6.85,6.58,6.69,1204050,0.0,0.0,0.0,0.0,0.0,0.0,0.0,0.0,1.0,0.0,6.690000000000013,6.690000000000012,6.850000000000012,6.580000000000012,-0.0074460507840785626,-0.0074460507840786744,2.2204460492503128e-16,0.04021390693690811,0.016707170653937363,0.0,0.007473841554558991,2020-06-01 07:00:00
2020-05-26 07:00:00,6.77,6.82,6.69,6.77,1006110,0.0,0.0,0.0,0.0,0.0,0.0,0.0,0.0,1.0,0.0,6.770000000000013,6.770000000000013,6.820000000000014,6.690000000000014,0.011887212784046504,0.011887212784046504,0.0,0.01924559771523356,0.016145063106036597,-1.0,-0.02067946824224509,2020-05-27 07:00:00
2020-05-27 07:00:00,6.8,6.82,6.63,6.63,1059910,0.0,0.0,0.0,0.0,0.0,0.0,0.0,0.0,1.0,0.0,6.630000000000013,6.800000000000013,6.820000000000014,6.630000000000013,-0.020896282726412377,0.004421525257877477,-0.025317807984289783,0.028254667657599493,0.017001893185318185,1.0,0.033182503770738725,2020-06-02 07:00:00
2020-05-28 07:00:00,6.63,6.69,6.52,6.69,1242790,0.0,0.0,0.0,0.0,0.0,0.0,0.0,0.0,1.0,0.0,6.690000000000013,6.630000000000011,6.690000000000012,6.520000000000011,0.00900906994236591,-2.2204460492503136e-16,0.009009069942366131,0.025739498201575676,0.016349987724549278,1.0,0.02391629297458886,2020-06-02 07:00:00
2020-05-29 07:00:00,6.69,6.71,6.58,6.69,605980,0.0,0.0,0.0,0.0,0.0,0.0,0.0,0.0,1.0,0.0,6.690000000000013,6.690000000000012,6.7100000000000115,6.580000000000012,0.0,-1.1102230246251565e-16,2.2204460492503128e-16,0.01956420564636447,0.01556119564714345,1.0,0.02391629297458886,2020-06-02 07:00:00
2020-06-01 07:00:00,6.69,6.85,6.66,6.74,569410,0.0,0.0,0.0,0.0,0.0,0.0,0.0,0.0,1.0,0.0,6.740000000000013,6.690000000000012,6.850000000000012,6.660000000000012,0.007446050784078532,-1.1102230246251565e-16,0.0074460507840787525,0.02812916772183623,0.014905566531113412,1.0,0.016320474777447913,2020-06-02 07:00:00
2020-06-02 07:00:00,6.8,7.1,6.8,6.85,3323690,0.0,0.0,0.0,0.0,0.0,0.0,0.0,0.0,1.0,0.0,6.850000000000012,6.800000000000012,7.100000000000012,6.800000000000012,0.0161887273499181,0.008862687257845324,0.007326040092072881,0.043172171865208574,0.014793495660088694,1.0,0.016058394160584077,2020-06-03 07:00:00
2020-06-03 07:00:00,6.85,7.05,6.85,6.96,892370,0.0,0.0,0.0,0.0,0.0,0.0,0.0,0.0,1.0,0.0,6.960000000000013,6.850000000000013,7.050000000000014,6.850000000000013,0.01593082207219449,2.2204460492503128e-16,0.015930822072194272,0.028778964550043543,0.014560698613079914,1.0,0.02011494252873547,2020-06-08 07:00:00
2020-06-04 07:00:00,7.1,7.1,6.93,7.02,1056460,0.0,0.0,0.0,0.0,0.0,0.0,0.0,0.0,1.0,0.0,7.020000000000013,7.100000000000014,7.100000000000014,6.930000000000014,0.008583743691391435,0.019915309700941516,-0.011331566009550082,0.02423497084545775,0.013899628952779892,1.0,0.042735042735042805,2020-06-10 07:00:00
2020-06-05 07:00:00,7.05,7.05,6.91,7.02,891190,0.0,0.0,0.0,0.0,0.0,0.0,0.0,0.0,1.0,0.0,7.020000000000013,7.050000000000014,7.050000000000014,6.910000000000014,0.0,0.004264398786457739,-0.004264398786457651,0.02005797904459871,0.013308644163908484,1.0,0.042735042735042805,2020-06-10 07:00:00
2020-06-08 07:00:00,7.02,7.18,6.96,7.1,1976560,0.0,0.0,0.0,0.0,0.0,0.0,0.0,0.0,1.0,0.0,7.100000000000013,7.020000000000012,7.180000000000012,6.960000000000012,0.011331566009550018,-1.1102230246251565e-16,0.011331566009550018,0.031119908713804472,0.012821497202312192,1.0,0.030985915492957705,2020-06-10 07:00:00
2020-06-09 07:00:00,7.13,7.21,7.02,7.05,1451000,0.0,0.0,0.0,0.0,0.0,0.0,0.0,0.0,1.0,0.0,7.050000000000012,7.130000000000012,7.210000000000012,7.020000000000012,-0.007067167223092555,0.004216450378934825,-0.011283617602027283,0.026705733259138005,0.01274469236288698,1.0,0.0382978723404257,2020-06-10 07:00:00
2020-06-10 07:00:00,7.02,7.4,6.93,7.32,1984620,0.0,0.0,0.0,0.0,0.0,0.0,0.0,0.0,1.0,0.0,7.320000000000014,7.020000000000012,7.400000000000014,6.930000000000012,0.03758271114904307,-0.00426439878645754,0.041847109935500504,0.06562018700831238,0.015778223772382898,-1.0,-0.06420765027322417,2020-06-11 07:00:00
2020-06-11 07:00:00,7.32,7.51,6.82,6.85,2818360,0.0,0.0,0.0,0.0,0.0,0.0,0.0,0.0,1.0,0.0,6.850000000000012,7.320000000000014,7.510000000000013,6.820000000000013,-0.06636167569908641,0.0,-0.06636167569908641,0.09637599392067256,0.026770112586675096,-1.0,-0.027737226277372296,2020-06-15 07:00:00
2020-06-12 07:00:00,6.52,6.8,6.52,6.8,1769700,0.0,0.0,0.0,0.0,0.0,0.0,0.0,0.0,1.0,0.0,6.800000000000011,6.520000000000011,6.800000000000012,6.520000000000011,-0.00732604009207301,-0.04937427633557241,0.042048236243499404,0.04204823624349962,0.025565020943108856,0.0,0.0,2020-06-19 07:00:00
2020-06-15 07:00:00,6.77,6.8,6.35,6.66,1784580,0.0,0.0,0.0,0.0,0.0,0.0,0.0,0.0,1.0,0.0,6.660000000000012,6.770000000000012,6.800000000000012,6.350000000000011,-0.020803127629763173,-0.004421525257877263,-0.016381602371885882,0.06846779927746083,0.025075148270909647,0.0,0.024024024024023927,2020-06-22 07:00:00
2020-06-16 07:00:00,6.69,6.77,6.58,6.71,834780,0.0,0.0,0.0,0.0,0.0,0.0,0.0,0.0,1.0,0.0,6.7100000000000115,6.690000000000012,6.770000000000012,6.580000000000012,0.007479466431292653,0.004494389587839267,0.0029850768434532774,0.0284663415869577,0.024036907026342348,1.0,0.025335320417287477,2020-06-23 07:00:00
2020-06-17 07:00:00,6.71,6.85,6.6,6.63,797480,0.0,0.0,0.0,0.0,0.0,0.0,0.0,0.0,1.0,0.0,6.630000000000011,6.7100000000000115,6.850000000000012,6.600000000000011,-0.011994146785819278,0.0,-0.011994146785819278,0.03717900324175403,0.023081944331074942,1.0,0.02564102564102555,2020-06-19 07:00:00
2020-06-18 07:00:00,6.55,6.63,6.49,6.63,807310,0.0,0.0,0.0,0.0,0.0,0.0,0.0,0.0,1.0,0.0,6.630000000000011,6.550000000000011,6.630000000000011,6.490000000000012,0.0,-0.012139754550610546,0.012139754550610478,0.021342273481772357,0.021968011900390928,1.0,0.02564102564102555,2020-06-19 07:00:00
2020-06-19 07:00:00,6.6,6.82,6.6,6.8,1217400,0.0,0.0,0.0,0.0,0.0,0.0,0.0,0.0,1.0,0.0,6.800000000000011,6.600000000000011,6.820000000000013,6.600000000000011,0.025317807984289786,-0.004535155165391262,0.02985296314968113,0.03278982282299097,0.022484112063632097,0.0,-0.013235294117647012,2020-06-26 07:00:00
2020-06-22 07:00:00,6.85,6.85,6.69,6.82,718120,0.0,0.0,0.0,0.0,0.0,0.0,0.0,0.0,1.0,0.0,6.820000000000012,6.850000000000012,6.850000000000012,6.690000000000012,0.0029368596733097057,0.0073260400920731016,-0.004389180418763208,0.023634778133996764,0.021400505548718037,0.0,-0.016129032258064502,2020-06-29 07:00:00
2020-06-23 07:00:00,6.71,6.93,6.71,6.88,1228080,0.0,0.0,0.0,0.0,0.0,0.0,0.0,0.0,1.0,0.0,6.880000000000011,6.7100000000000115,6.930000000000012,6.7100000000000115,0.008759180089881554,-0.01626052087178029,0.025019700961661718,0.03226086221822148,0.02050284614639772,-1.0,-0.024709302325581328,2020-06-26 07:00:00
2020-06-24 07:00:00,6.88,6.91,6.71,6.82,989120,0.0,0.0,0.0,0.0,0.0,0.0,0.0,0.0,1.0,0.0,6.820000000000012,6.880000000000012,6.910000000000013,6.7100000000000115,-0.008759180089881465,2.2204460492503128e-16,-0.008759180089881578,0.029370686795988196,0.019740602989040634,0.0,-0.002932551319647758,2020-07-01 07:00:00
2020-06-25 07:00:00,6.69,6.85,6.63,6.85,630320,0.0,0.0,0.0,0.0,0.0,0.0,0.0,0.0,1.0,0.0,6.850000000000012,6.690000000000012,6.850000000000012,6.630000000000011,0.004389180418763187,-0.019245597715233632,0.023634778133996764,0.032643848076362884,0.018814849457871433,-1.0,-0.020437956204379604,2020-06-26 07:00:00
2020-06-26 07:00:00,6.77,7.05,6.71,6.71,682720,0.0,0.0,0.0,0.0,0.0,0.0,0.0,0.0,1.0,0.0,6.7100000000000115,6.770000000000012,7.050000000000012,6.7100000000000115,-0.02064970129054354,-0.011747565349950305,-0.008902135940593265,0.04942866584058678,0.019027587189642748,1.0,0.06706408345752646,2020-07-03 07:00:00
2020-06-29 07:00:00,6.71,6.71,6.33,6.71,1944850,0.0,0.0,0.0,0.0,0.0,0.0,0.0,0.0,1.0,0.0,6.7100000000000115,6.7100000000000115,6.7100000000000115,6.330000000000012,0.0,0.0,0.0,0.05829871482750542,0.018102667722566402,1.0,0.06706408345752646,2020-07-03 07:00:00
2020-06-30 07:00:00,6.71,6.8,6.58,6.77,1882420,0.0,0.0,0.0,0.0,0.0,0.0,0.0,0.0,1.0,0.0,6.770000000000013,6.710000000000013,6.800000000000013,6.580000000000013,0.00890213594059347,2.2204460492503128e-16,0.00890213594059303,0.032887866844834995,0.017481486062384626,1.0,0.057607090103397374,2020-07-03 07:00:00
2020-07-01 07:00:00,6.63,6.82,6.63,6.8,707110,0.0,0.0,0.0,0.0,0.0,0.0,0.0,0.0,1.0,0.0,6.800000000000014,6.630000000000013,6.820000000000014,6.630000000000013,0.004421525257877477,-0.020896282726412377,0.02531780798429,0.028254667657599493,0.016685441224690067,1.0,0.05294117647058827,2020-07-03 07:00:00
2020-07-02 07:00:00,6.8,6.88,6.69,6.77,680740,0.0,0.0,0.0,0.0,0.0,0.0,0.0,0.0,1.0,0.0,6.770000000000014,6.800000000000013,6.880000000000013,6.690000000000014,-0.004421525257877374,-1.1102230246251565e-16,-0.004421525257877263,0.028004777805115146,0.015933882034380384,1.0,0.057607090103397374,2020-07-03 07:00:00
2020-07-03 07:00:00,6.77,7.18,6.74,7.16,1446490,0.0,0.0,0.0,0.0,0.0,0.0,0.0,0.0,1.0,0.0,7.160000000000014,6.770000000000013,7.180000000000014,6.7400000000000135,0.05600889404837065,-1.1102230246251565e-16,0.05600889404837065,0.06323945813591718,0.02271588480726782,1.0,0.04189944134078205,2020-07-09 07:00:00
2020-07-06 07:00:00,7.16,7.21,6.99,7.16,734240,0.0,0.0,0.0,0.0,0.0,0.0,0.0,0.0,1.0,0.0,7.160000000000014,7.160000000000014,7.210000000000014,6.990000000000014,0.0,0.0,0.0,0.030988395051138717,0.021663296931208876,1.0,0.04189944134078205,2020-07-09 07:00:00
2020-07-07 07:00:00,7.18,7.18,7.02,7.02,751350,0.0,0.0,0.0,0.0,0.0,0.0,0.0,0.0,1.0,0.0,7.020000000000014,7.180000000000014,7.180000000000014,7.020000000000014,-0.019746762934834558,0.0027894020875785922,-0.022536165022413058,0.022536165022413127,0.021880134352899937,1.0,0.06267806267806253,2020-07-09 07:00:00
2020-07-08 07:00:00,6.96,7.16,6.91,7.16,1307570,0.0,0.0,0.0,0.0,0.0,0.0,0.0,0.0,1.0,0.0,7.1600000000000135,6.960000000000012,7.160000000000013,6.910000000000013,0.0197467629348345,-0.008583743691391666,0.02833050662622599,0.035540343192975714,0.021460992764252555,1.0,0.04189944134078205,2020-07-09 07:00:00
2020-07-09 07:00:00,7.16,7.57,7.16,7.46,4201640,0.0,0.0,0.0,0.0,0.0,0.0,0.0,0.0,1.0,0.0,7.460000000000014,7.160000000000014,7.570000000000015,7.160000000000014,0.041045433243115166,2.2204460492503128e-16,0.041045433243115166,0.05568308647680322,0.023261506612408337,0.0,0.0,2020-07-16 07:00:00
2020-07-10 07:00:00,7.38,7.49,7.29,7.38,866960,0.0,0.0,0.0,0.0,0.0,0.0,0.0,0.0,1.0,0.0,7.380000000000014,7.380000000000015,7.490000000000015,7.290000000000014,-0.010781775603288362,-0.01078177560328825,-1.1102230246251565e-16,0.02706525150856135,0.02280379728294706,1.0,0.0257452574525745,2020-07-15 07:00:00
2020-07-13 07:00:00,7.38,7.71,7.35,7.54,2668160,0.0,0.0,0.0,0.0,0.0,0.0,0.0,0.0,1.0,0.0,7.540000000000015,7.380000000000015,7.710000000000015,7.350000000000015,0.021448543407483693,2.2204460492503128e-16,0.021448543407483475,0.047817874350492735,0.022197130070040264,-1.0,-0.05039787798408513,2020-07-20 07:00:00
2020-07-14 07:00:00,7.46,7.63,7.43,7.54,814620,0.0,0.0,0.0,0.0,0.0,0.0,0.0,0.0,1.0,0.0,7.540000000000015,7.460000000000015,7.630000000000015,7.430000000000015,0.0,-0.010666767804195192,0.010666767804195228,0.026561986566697848,0.02122740432775344,-1.0,-0.05039787798408513,2020-07-20 07:00:00
2020-07-15 07:00:00,7.63,7.71,7.57,7.57,1022160,0.0,0.0,0.0,0.0,0.0,0.0,0.0,0.0,1.0,0.0,7.5700000000000145,7.630000000000013,7.710000000000013,7.570000000000014,0.00397088542949272,0.011865663276500762,-0.007894777847008037,0.018325120125880695,0.0202067160850993,-1.0,-0.05416116248348757,2020-07-20 07:00:00
2020-07-16 07:00:00,7.57,7.57,7.4,7.46,1148560,0.0,0.0,0.0,0.0,0.0,0.0,0.0,0.0,1.0,0.0,7.460000000000014,7.570000000000015,7.570000000000015,7.4000000000000155,-0.014637653233687991,2.2204460492503128e-16,-0.014637653233688104,0.022713067239233217,0.020232375796086104,-1.0,-0.040214477211796384,2020-07-20 07:00:00
2020-07-17 07:00:00,7.51,7.63,7.4,7.46,1010710,0.0,0.0,0.0,0.0,0.0,0.0,0.0,0.0,1.0,0.0,7.460000000000014,7.510000000000015,7.630000000000015,7.4000000000000155,0.0,0.006680051560374008,-0.006680051560374023,0.030607845086241366,0.019289253886445656,-1.0,-0.040214477211796384,2020-07-20 07:00:00
2020-07-20 07:00:00,7.51,7.51,7.16,7.16,1066200,0.0,0.0,0.0,0.0,0.0,0.0,0.0,0.0,1.0,0.0,7.160000000000013,7.510000000000013,7.510000000000013,7.160000000000013,-0.04104543324311538,0.0066800515603737875,-0.04772548480348914,0.04772548480348912,0.022806091374016395,-1.0,-0.05027932960893866,2020-07-24 07:00:00
2020-07-21 07:00:00,7.21,7.27,7.13,7.16,1101940,0.0,0.0,0.0,0.0,0.0,0.0,0.0,0.0,1.0,0.0,7.160000000000013,7.210000000000012,7.270000000000013,7.130000000000012,0.0,0.0069589703243035225,-0.0069589703243034574,0.019445057119223376,0.021693180124641945,-1.0,-0.05027932960893866,2020-07-24 07:00:00
2020-07-22 07:00:00,7.16,7.21,6.99,7.05,703280,0.0,0.0,0.0,0.0,0.0,0.0,0.0,0.0,1.0,0.0,7.050000000000012,7.160000000000013,7.210000000000012,6.990000000000013,-0.015482364148376988,0.0,-0.015482364148376988,0.030988395051138717,0.02113362637058097,-1.0,-0.03546099290780147,2020-07-24 07:00:00
2020-07-23 07:00:00,7.05,7.13,6.96,7.1,870080,0.0,0.0,0.0,0.0,0.0,0.0,0.0,0.0,1.0,0.0,7.100000000000012,7.050000000000012,7.130000000000012,6.960000000000012,0.007067167223092353,0.0,0.007067167223092353,0.02413176007987622,0.020277246409964724,-1.0,-0.04225352112676062,2020-07-24 07:00:00
2020-07-24 07:00:00,7.02,7.05,6.63,6.8,1752990,0.0,0.0,0.0,0.0,0.0,0.0,0.0,0.0,1.0,0.0,6.800000000000011,7.020000000000012,7.050000000000012,6.630000000000011,-0.04317217186520878,-0.01133156600954997,-0.031840605855658774,0.06142281262640614,0.023106652316150975,0.0,-0.013235294117647012,2020-07-31 07:00:00
2020-07-27 07:00:00,6.52,6.8,6.33,6.8,4211890,0.0,0.0,0.0,0.0,0.0,0.0,0.0,0.0,1.0,0.0,6.800000000000011,6.520000000000011,6.800000000000012,6.330000000000012,0.0,-0.04204823624349939,0.042048236243499404,0.07162237602597625,0.022029231908826084,0.0,0.002941176470588225,2020-08-03 07:00:00
2020-07-28 07:00:00,6.8,6.96,6.63,6.82,1497590,0.0,0.0,0.0,0.0,0.0,0.0,0.0,0.0,1.0,0.0,6.820000000000012,6.800000000000012,6.960000000000012,6.630000000000011,0.0029368596733097057,2.2204460492503128e-16,0.0029368596733097057,0.04857467014855718,0.021072544511152213,0.0,0.008797653958944274,2020-08-04 07:00:00
2020-07-29 07:00:00,6.74,6.8,6.46,6.8,1409900,0.0,0.0,0.0,0.0,0.0,0.0,0.0,0.0,1.0,0.0,6.800000000000011,6.740000000000012,6.800000000000012,6.4600000000000115,-0.002936859673309825,-0.011799546931155055,0.008862687257845324,0.05129329438755048,0.020045555207208778,1.0,0.0235294117647058,2020-08-05 07:00:00
2020-07-30 07:00:00,6.69,6.8,6.63,6.77,605280,0.0,0.0,0.0,0.0,0.0,0.0,0.0,0.0,1.0,0.0,6.770000000000012,6.690000000000012,6.800000000000012,6.630000000000011,-0.004421525257877263,-0.016308738041923874,0.011887212784046504,0.02531780798429,0.019068399442173967,1.0,0.028064992614475592,2020-08-05 07:00:00
2020-07-31 07:00:00,6.63,6.85,6.63,6.71,905010,0.0,0.0,0.0,0.0,0.0,0.0,0.0,0.0,1.0,0.0,6.7100000000000115,6.630000000000011,6.850000000000012,6.630000000000011,-0.008902135940593265,-0.020896282726412488,0.011994146785819242,0.032643848076362884,0.018203671393572363,1.0,0.025335320417287477,2020-08-04 07:00:00
2020-08-03 07:00:00,6.77,6.82,6.63,6.82,1061230,0.0,0.0,0.0,0.0,0.0,0.0,0.0,0.0,1.0,0.0,6.820000000000012,6.770000000000012,6.820000000000013,6.630000000000011,0.016260520871780326,0.008902135940593251,0.007358384931186957,0.028254667657599708,0.0183839284587196,1.0,0.02052785923753664,2020-08-05 07:00:00
2020-08-04 07:00:00,6.85,6.93,6.82,6.88,518480,0.0,0.0,0.0,0.0,0.0,0.0,0.0,0.0,1.0,0.0,6.880000000000011,6.850000000000012,6.930000000000012,6.820000000000013,0.008759180089881554,0.004389180418763187,0.0043699996711181665,0.01600034134644112,0.017800752486765308,0.0,-0.008720930232558044,2020-08-11 07:00:00
2020-08-05 07:00:00,6.88,6.99,6.8,6.96,1371480,0.0,0.0,0.0,0.0,0.0,0.0,0.0,0.0,1.0,0.0,6.9600000000000115,6.8800000000000106,6.990000000000011,6.8000000000000105,0.011560822401076006,-1.1102230246251565e-16,0.011560822401076006,0.027557944063657993,0.017365453313730798,-1.0,-0.02298850574712641,2020-08-06 07:00:00
2020-08-06 07:00:00,6.93,6.96,6.8,6.8,713030,0.0,0.0,0.0,0.0,0.0,0.0,0.0,0.0,1.0,0.0,6.800000000000011,6.930000000000012,6.960000000000012,6.800000000000012,-0.023256862164267235,-0.004319661144516284,-0.018937201019750955,0.023256862164267183,0.017938746652241627,1.0,0.032352941176470695,2020-08-12 07:00:00
2020-08-07 07:00:00,6.82,6.85,6.52,6.82,938260,0.0,0.0,0.0,0.0,0.0,0.0,0.0,0.0,1.0,0.0,6.820000000000012,6.820000000000013,6.850000000000012,6.520000000000011,0.0029368596733097057,0.0029368596733099273,-1.1102230246251565e-16,0.04937427633557238,0.017134135097133366,1.0,0.029325513196480912,2020-08-12 07:00:00
2020-08-10 07:00:00,6.82,6.88,6.8,6.82,859180,0.0,0.0,0.0,0.0,0.0,0.0,0.0,0.0,1.0,0.0,6.820000000000012,6.820000000000013,6.880000000000012,6.800000000000012,0.0,2.2204460492503128e-16,-1.1102230246251565e-16,0.011696039763191236,0.016306271882516734,1.0,0.029325513196480912,2020-08-12 07:00:00
2020-08-11 07:00:00,6.82,6.85,6.77,6.82,369820,0.0,0.0,0.0,0.0,0.0,0.0,0.0,0.0,1.0,0.0,6.820000000000012,6.820000000000013,6.850000000000012,6.770000000000012,0.0,2.2204460492503128e-16,-1.1102230246251565e-16,0.011747565349950235,0.015517634182983077,1.0,0.029325513196480912,2020-08-12 07:00:00
2020-08-12 07:00:00,6.82,7.1,6.82,7.02,2122580,0.0,0.0,0.0,0.0,0.0,0.0,0.0,0.0,1.0,0.0,7.020000000000012,6.820000000000013,7.100000000000012,6.820000000000013,0.028903746182348995,2.2204460492503128e-16,0.02890374618234878,0.040235312191898756,0.017358243019042246,0.0,0.01139601139601143,2020-08-19 07:00:00
2020-08-13 07:00:00,7.1,7.1,6.96,7.02,971120,0.0,0.0,0.0,0.0,0.0,0.0,0.0,0.0,1.0,0.0,7.020000000000012,7.100000000000012,7.100000000000012,6.960000000000012,0.0,0.011331566009550018,-0.01133156600954997,0.019915309700941297,0.01651684681555422,0.0,0.0,2020-08-20 07:00:00
2020-08-14 07:00:00,7.02,7.07,6.96,6.99,794740,0.0,0.0,0.0,0.0,0.0,0.0,0.0,0.0,1.0,0.0,6.990000000000013,7.020000000000012,7.070000000000013,6.960000000000012,-0.004282661792000736,0.0,-0.004282661792000736,0.015681005562153075,0.015801075608626,0.0,0.008583690987124193,2020-08-21 07:00:00
2020-08-17 07:00:00,6.99,6.99,6.85,6.93,925430,0.0,0.0,0.0,0.0,0.0,0.0,0.0,0.0,1.0,0.0,6.930000000000012,6.990000000000013,6.990000000000013,6.850000000000012,-0.008620743043907088,0.0,-0.008620743043907088,0.020231903971585117,0.015294623673534529,1.0,0.020202020202020332,2020-08-18 07:00:00
2020-08-18 07:00:00,6.96,7.16,6.96,7.07,1985090,0.0,0.0,0.0,0.0,0.0,0.0,0.0,0.0,1.0,0.0,7.070000000000013,6.960000000000012,7.160000000000013,6.960000000000012,0.02000066670666965,0.00431966114451638,0.015681005562153075,0.02833050662622599,0.01575825354368451,0.0,0.004243281471003835,2020-08-25 07:00:00
2020-08-19 07:00:00,7.1,7.13,7.05,7.1,1433580,0.0,0.0,0.0,0.0,0.0,0.0,0.0,0.0,1.0,0.0,7.100000000000012,7.100000000000012,7.130000000000012,7.050000000000012,0.004234304138788164,0.004234304138788164,0.0,0.0112836176020273,0.015006900101021417,1.0,0.026760563380281432,2020-08-26 07:00:00
2020-08-20 07:00:00,7.05,7.13,6.99,7.02,659540,0.0,0.0,0.0,0.0,0.0,0.0,0.0,0.0,1.0,0.0,7.020000000000012,7.050000000000012,7.130000000000012,6.990000000000013,-0.01133156600954997,-0.007067167223092443,-0.00426439878645754,0.019830678180485495,0.014831473469085048,1.0,0.0384615384615381,2020-08-26 07:00:00
2020-08-21 07:00:00,7.02,7.13,6.99,7.05,1431230,0.0,0.0,0.0,0.0,0.0,0.0,0.0,0.0,1.0,0.0,7.050000000000011,7.02000000000001,7.1300000000000106,6.990000000000011,0.004264398786457518,-2.2204460492503136e-16,0.004264398786457739,0.019830678180485495,0.014146854169810708,1.0,0.03404255319148919,2020-08-26 07:00:00
2020-08-24 07:00:00,7.13,7.27,7.07,7.1,2086710,0.0,0.0,0.0,0.0,0.0,0.0,0.0,0.0,1.0,0.0,7.10000000000001,7.1300000000000106,7.270000000000011,7.070000000000011,0.007067167223092353,0.01128361760202708,-0.004216450378934915,0.027895811636946696,0.013575881624746296,1.0,0.026760563380281654,2020-08-26 07:00:00
2020-08-25 07:00:00,7.13,7.18,6.99,7.1,2154980,0.0,0.0,0.0,0.0,0.0,0.0,0.0,0.0,1.0,0.0,7.10000000000001,7.1300000000000106,7.180000000000011,6.990000000000011,0.0,0.004216450378934825,-0.004216450378934915,0.026818826814413957,0.012922993189893291,1.0,0.026760563380281654,2020-08-26 07:00:00
2020-08-26 07:00:00,7.1,7.38,7.05,7.29,2319110,0.0,0.0,0.0,0.0,0.0,0.0,0.0,0.0,1.0,0.0,7.290000000000011,7.10000000000001,7.380000000000011,7.0500000000000105,0.02640876197329701,0.0,0.02640876197329701,0.0457460217882038,0.014399248894600902,-1.0,-0.017832647462277085,2020-08-31 07:00:00
2020-08-27 07:00:00,7.29,7.32,7.18,7.24,1263650,0.0,0.0,0.0,0.0,0.0,0.0,0.0,0.0,1.0,0.0,7.240000000000011,7.290000000000012,7.320000000000012,7.180000000000011,-0.006882339622941789,2.2204460492503128e-16,-0.006882339622941901,0.019310944913087522,0.014074693354509768,0.0,-0.00828729281767937,2020-09-04 07:00:00
2020-08-28 07:00:00,7.27,7.4,7.21,7.21,2092330,0.0,0.0,0.0,0.0,0.0,0.0,0.0,0.0,1.0,0.0,7.210000000000011,7.270000000000011,7.400000000000012,7.2100000000000115,-0.004152255100767307,0.004135085147803017,-0.008287340248570382,0.02601104891326635,0.013553000486153764,1.0,0.02357836338418884,2020-09-07 07:00:00
2020-08-31 07:00:00,7.35,7.4,7.16,7.16,2063120,0.0,0.0,0.0,0.0,0.0,0.0,0.0,0.0,1.0,0.0,7.160000000000011,7.350000000000011,7.400000000000012,7.160000000000012,-0.0069589703243034574,0.019231361927887592,-0.026190332252191112,0.0329700192375699,0.013182482559462716,1.0,0.030726256983240496,2020-09-07 07:00:00
2020-09-01 07:00:00,7.13,7.24,7.13,7.18,1027820,0.0,0.0,0.0,0.0,0.0,0.0,0.0,0.0,1.0,0.0,7.180000000000011,7.1300000000000106,7.240000000000012,7.1300000000000106,0.0027894020875785922,-0.004198746546349716,0.006988148633928383,0.01530997197142051,0.012546888783889635,1.0,0.027855153203342642,2020-09-07 07:00:00
2020-09-03 07:00:00,7.18,7.24,7.13,7.16,1377660,0.0,0.0,0.0,0.0,0.0,0.0,0.0,0.0,1.0,0.0,7.160000000000012,7.180000000000011,7.240000000000012,7.1300000000000106,-0.0027894020875785254,0.0,-0.0027894020875785254,0.01530997197142051,0.012002783664082875,1.0,0.030726256983240274,2020-09-07 07:00:00
2020-09-04 07:00:00,7.1,7.18,7.07,7.18,1303070,0.0,0.0,0.0,0.0,0.0,0.0,0.0,0.0,1.0,0.0,7.180000000000012,7.100000000000012,7.180000000000012,7.070000000000013,0.0027894020875785922,-0.008415196925284472,0.011204599012863062,0.015438903151651409,0.01142890659452082,1.0,0.027855153203342642,2020-09-07 07:00:00
2020-09-07 07:00:00,7.24,7.6,7.18,7.38,4945420,0.0,0.0,0.0,0.0,0.0,0.0,0.0,0.0,1.0,0.0,7.380000000000012,7.240000000000013,7.600000000000013,7.180000000000012,0.027474255552248337,0.008321823337492278,0.019152432214756137,0.05684886423215259,0.013442898315025898,1.0,0.014905149051490652,2020-09-09 07:00:00
2020-09-08 07:00:00,7.4,7.51,7.38,7.43,1725590,0.0,0.0,0.0,0.0,0.0,0.0,0.0,0.0,1.0,0.0,7.430000000000013,7.400000000000014,7.510000000000013,7.380000000000013,0.006752220117286651,0.0027063615977430673,0.004045858519543575,0.017461827163662288,0.012819353014436584,1.0,0.014804845222072816,2020-09-11 07:00:00
2020-09-09 07:00:00,7.4,7.51,7.29,7.49,1166460,0.0,0.0,0.0,0.0,0.0,0.0,0.0,0.0,1.0,0.0,7.4900000000000135,7.400000000000014,7.510000000000013,7.290000000000013,0.008042938799460449,-0.0040458585195436835,0.012088797319004028,0.029731919755476535,0.012254063684764456,1.0,0.04806408544726315,2020-09-14 07:00:00
2020-09-10 07:00:00,7.49,7.51,7.43,7.43,1450980,0.0,0.0,0.0,0.0,0.0,0.0,0.0,0.0,1.0,0.0,7.430000000000013,7.4900000000000135,7.510000000000013,7.430000000000013,-0.00804293879946041,0.0,-0.00804293879946041,0.010709607046375538,0.012242757735465166,1.0,0.014804845222072816,2020-09-11 07:00:00
2020-09-11 07:00:00,7.4,7.6,7.38,7.54,2018590,0.0,0.0,0.0,0.0,0.0,0.0,0.0,0.0,1.0,0.0,7.540000000000014,7.400000000000014,7.600000000000013,7.380000000000013,0.014696323290197042,-0.0040458585195436835,0.018742181809740664,0.029374608679904102,0.012148369406667664,1.0,0.04111405835543769,2020-09-14 07:00:00
2020-09-14 07:00:00,7.57,7.9,7.57,7.85,2757700,0.0,0.0,0.0,0.0,0.0,0.0,0.0,0.0,1.0,0.0,7.850000000000015,7.570000000000015,7.900000000000016,7.570000000000015,0.04029134977445238,0.003970885429492942,0.036320464344959405,0.04266969202361848,0.015843359505093423,1.0,0.020382165605095315,2020-09-16 07:00:00
2020-09-15 07:00:00,7.9,8.15,7.9,7.96,3450400,0.0,0.0,0.0,0.0,0.0,0.0,0.0,0.0,1.0,0.0,7.960000000000015,7.900000000000016,8.150000000000016,7.900000000000016,0.013915468061974579,0.006349227678658966,0.007566240383315656,0.03115516777979548,0.015184775989016512,0.0,0.010050251256281229,2020-09-22 07:00:00
2020-09-16 07:00:00,7.9,8.04,7.85,8.01,1778680,0.0,0.0,0.0,0.0,0.0,0.0,0.0,0.0,1.0,0.0,8.010000000000014,7.900000000000015,8.040000000000013,7.850000000000014,0.006261761223976096,-0.007566240383315925,0.013828001607291897,0.023915551396557932,0.014456876517321108,-1.0,-0.017478152309612915,2020-09-17 07:00:00
2020-09-17 07:00:00,7.93,8.01,7.71,7.87,2857800,0.0,0.0,0.0,0.0,0.0,0.0,0.0,0.0,1.0,0.0,7.870000000000014,7.930000000000014,8.010000000000014,7.710000000000013,-0.017632698650955923,-0.01003772543351126,-0.0075949732174447485,0.03817257350502981,0.015788036035323694,1.0,0.021601016518424165,2020-09-18 07:00:00
2020-09-18 07:00:00,7.9,8.18,7.79,8.04,1617820,0.0,0.0,0.0,0.0,0.0,0.0,0.0,0.0,1.0,0.0,8.040000000000013,7.900000000000015,8.180000000000014,7.790000000000014,0.021371020761562918,0.0038046970436640664,0.017566323717899065,0.048851290731998585,0.01574434381266954,0.0,0.0,2020-09-25 07:00:00
2020-09-21 07:00:00,8.01,8.23,7.9,7.98,2222270,0.0,0.0,0.0,0.0,0.0,0.0,0.0,0.0,1.0,0.0,7.980000000000014,8.010000000000014,8.230000000000015,7.900000000000015,-0.007490671729157514,-0.003738322110607104,-0.003752349618550464,0.04092325521600263,0.015612755477527522,1.0,0.03884711779448602,2020-09-28 07:00:00
2020-09-22 07:00:00,7.9,8.07,7.87,8.04,1056290,0.0,0.0,0.0,0.0,0.0,0.0,0.0,0.0,1.0,0.0,8.040000000000013,7.900000000000015,8.070000000000014,7.870000000000014,0.007490671729157438,-0.010075651988741476,0.017566323717899065,0.02509541985254546,0.014859740201298119,1.0,0.031094527363183966,2020-09-28 07:00:00
2020-09-23 07:00:00,8.04,8.09,7.96,7.98,1274730,0.0,0.0,0.0,0.0,0.0,0.0,0.0,0.0,1.0,0.0,7.980000000000014,8.040000000000013,8.090000000000014,7.960000000000014,-0.007490671729157514,0.0,-0.007490671729157514,0.016199731214108608,0.014701247573465767,1.0,0.03884711779448602,2020-09-28 07:00:00
2020-09-24 07:00:00,7.93,8.12,7.93,8.04,1875070,0.0,0.0,0.0,0.0,0.0,0.0,0.0,0.0,1.0,0.0,8.040000000000013,7.930000000000014,8.120000000000013,7.930000000000014,0.007490671729157438,-0.006285375814960753,0.013776047544118333,0.023677118526829757,0.01400973610950393,1.0,0.031094527363183966,2020-09-28 07:00:00
2020-09-25 07:00:00,8.04,8.09,7.96,8.04,956720,0.0,0.0,0.0,0.0,0.0,0.0,0.0,0.0,1.0,0.0,8.040000000000013,8.040000000000013,8.090000000000014,7.960000000000014,0.0,0.0,0.0,0.016199731214108608,0.013408203028174824,1.0,0.031094527363183966,2020-09-28 07:00:00
2020-09-28 07:00:00,8.09,8.43,8.04,8.29,3498850,0.0,0.0,0.0,0.0,0.0,0.0,0.0,0.0,1.0,0.0,8.290000000000013,8.090000000000014,8.430000000000014,8.040000000000013,0.030620885956328496,0.006199647879525429,0.024421238076803138,0.04736768882288906,0.014991818641353237,1.0,0.016887816646562248,2020-09-30 07:00:00
2020-09-29 07:00:00,8.48,8.62,8.18,8.32,2710770,0.0,0.0,0.0,0.0,0.0,0.0,0.0,0.0,1.0,0.0,8.320000000000014,8.480000000000015,8.620000000000015,8.180000000000014,0.003612285685913787,0.02266048065660828,-0.019048194970694474,0.052392934060946174,0.014295400125783456,1.0,0.07211538461538436,2020-10-01 07:00:00
2020-09-30 07:00:00,8.32,8.59,8.29,8.43,4110520,0.0,0.0,0.0,0.0,0.0,0.0,0.0,0.0,1.0,0.0,8.430000000000014,8.320000000000014,8.590000000000016,8.290000000000013,0.013134517180646763,0.0,0.013134517180646763,0.035548766848960536,0.01373802323426213,1.0,0.058125741399762676,2020-10-01 07:00:00
2020-10-01 07:00:00,8.56,8.92,8.48,8.92,3530660,0.0,0.0,0.0,0.0,0.0,0.0,0.0,0.0,1.0,0.0,8.920000000000014,8.560000000000013,8.920000000000014,8.480000000000013,0.05649917457815385,0.015303418139886487,0.04119575643826733,0.050585496788106456,0.019767692051749657,1.0,0.06838565022421528,2020-10-02 07:00:00
2020-10-02 07:00:00,8.95,9.53,8.92,9.53,4112670,0.0,0.0,0.0,0.0,0.0,0.0,0.0,0.0,1.0,0.0,9.530000000000015,8.950000000000015,9.530000000000017,8.920000000000016,0.06614877107419276,0.003357585694846169,0.06279118537934657,0.06614877107419276,0.02490152302689462,1.0,0.06715634837355755,2020-10-05 07:00:00
2020-10-05 07:00:00,10.17,10.19,9.67,10.17,7500610,0.0,0.0,0.0,0.0,0.0,0.0,0.0,0.0,1.0,0.0,10.17000000000002,10.17000000000002,10.190000000000019,9.67000000000002,0.06499749239435818,0.06499749239435818,0.0,0.05237853776943034,0.02773255849349639,-1.0,-0.03048180924287114,2020-10-06 07:00:00
2020-10-06 07:00:00,10.06,10.44,9.67,9.86,5528700,0.0,0.0,0.0,0.0,0.0,0.0,0.0,0.0,1.0,0.0,9.860000000000019,10.06000000000002,10.44000000000002,9.67000000000002,-0.03095604144592448,-0.010875045388875402,-0.020080996057049133,0.0766162729892896,0.030773251880625626,1.0,0.03144016227180524,2020-10-09 07:00:00
2020-10-07 07:00:00,9.75,10.28,9.7,9.78,3920670,0.0,0.0,0.0,0.0,0.0,0.0,0.0,0.0,1.0,0.0,9.780000000000017,9.750000000000018,10.280000000000017,9.700000000000017,-0.00814668456781825,-0.01121888360478829,0.003072199036970059,0.05807437451768192,0.030209040604615947,1.0,0.039877300613497146,2020-10-09 07:00:00
2020-10-08 07:00:00,9.78,9.89,9.5,9.89,5360750,0.0,0.0,0.0,0.0,0.0,0.0,0.0,0.0,1.0,0.0,9.890000000000018,9.780000000000017,9.890000000000018,9.500000000000018,0.011184661587894789,0.0,0.011184661587894789,0.04023234702812568,0.028749752712863938,0.0,0.0,2020-10-15 07:00:00
2020-10-09 07:00:00,10.17,10.22,9.86,10.17,3176960,0.0,0.0,0.0,0.0,0.0,0.0,0.0,0.0,1.0,0.0,10.17000000000002,10.17000000000002,10.22000000000002,9.860000000000019,0.027918064425847915,0.027918064425847915,0.0,0.03586041616101446,0.027666087041929455,-1.0,-0.03048180924287114,2020-10-13 07:00:00
2020-10-12 07:00:00,10.39,10.58,10.03,10.03,4457970,0.0,0.0,0.0,0.0,0.0,0.0,0.0,0.0,1.0,0.0,10.030000000000019,10.390000000000022,10.580000000000021,10.030000000000019,-0.013861608086624429,0.021401595050667594,-0.03526320313729207,0.05338482445630921,0.02774456256701356,1.0,0.03290129611166459,2020-10-19 07:00:00
2020-10-13 07:00:00,9.95,10.06,9.86,9.86,1934130,0.0,0.0,0.0,0.0,0.0,0.0,0.0,0.0,1.0,0.0,9.860000000000019,9.950000000000019,10.06000000000002,9.860000000000019,-0.017094433359300068,-0.0080080508033428,-0.009086382555957371,0.020080996057049126,0.027858833423755235,1.0,0.050709939148072536,2020-10-19 07:00:00
2020-10-14 07:00:00,9.84,9.86,9.64,9.81,2202370,0.0,0.0,0.0,0.0,0.0,0.0,0.0,0.0,1.0,0.0,9.81000000000002,9.84000000000002,9.860000000000019,9.64000000000002,-0.005083895037272173,-0.0020304575503819517,-0.0030534374868902317,0.022565059992089725,0.026871449895873097,1.0,0.030581039755351425,2020-10-16 07:00:00
2020-10-15 07:00:00,9.89,10.0,9.61,9.89,2842470,0.0,0.0,0.0,0.0,0.0,0.0,0.0,0.0,1.0,0.0,9.890000000000018,9.890000000000018,10.000000000000018,9.610000000000017,0.008121872057348933,0.008121872057348933,0.0,0.03978087001184446,0.025559909591126573,1.0,0.04752275025278019,2020-10-19 07:00:00
2020-10-16 07:00:00,9.95,10.44,9.92,10.11,3603210,0.0,0.0,0.0,0.0,0.0,0.0,0.0,0.0,1.0,0.0,10.110000000000017,9.950000000000017,10.440000000000017,9.920000000000018,0.02200088739775916,0.006048405535880436,0.01595248186187863,0.051091661157711084,0.024660421385371282,1.0,0.02472799208704224,2020-10-19 07:00:00
2020-10-19 07:00:00,10.06,10.55,9.92,10.36,4382630,0.0,0.0,0.0,0.0,0.0,0.0,0.0,0.0,1.0,0.0,10.360000000000015,10.060000000000016,10.550000000000017,9.920000000000016,0.024427203798956666,-0.004957868360786997,0.029385072159743682,0.06157293862529405,0.023878167742925175,1.0,0.045366795366795554,2020-10-20 07:00:00
2020-10-20 07:00:00,10.36,10.83,10.28,10.83,4615600,0.0,0.0,0.0,0.0,0.0,0.0,0.0,0.0,1.0,0.0,10.830000000000018,10.360000000000015,10.830000000000016,10.280000000000015,0.044367824181562425,0.0,0.044367824181562425,0.052119800985880226,0.02483540068653657,-1.0,-0.025854108956602118,2020-10-21 07:00:00
2020-10-21 07:00:00,10.83,11.11,10.55,10.55,2639450,0.0,0.0,0.0,0.0,0.0,0.0,0.0,0.0,1.0,0.0,10.550000000000017,10.830000000000016,11.110000000000017,10.550000000000017,-0.026194201090823828,-1.1102230246251565e-16,-0.026194201090823602,0.05171974372946301,0.026569816738579968,0.0,0.0,2020-10-28 07:00:00
2020-10-22 07:00:00,10.53,10.77,10.39,10.72,2432340,0.0,0.0,0.0,0.0,0.0,0.0,0.0,0.0,1.0,0.0,10.720000000000017,10.530000000000015,10.770000000000016,10.390000000000017,0.01598529572058048,-0.0018975337761914996,0.017882829496771974,0.03592068605716104,0.02533004555640707,0.0,-0.013059701492537323,2020-10-29 07:00:00
2020-10-23 07:00:00,10.77,10.83,10.53,10.61,1967510,0.0,0.0,0.0,0.0,0.0,0.0,0.0,0.0,1.0,0.0,10.610000000000017,10.77000000000002,10.83000000000002,10.530000000000019,-0.010314203016764122,0.004653335525641571,-0.014967538542405578,0.028091734867015085,0.024924730769628048,0.0,-0.002827521206409167,2020-10-30 07:00:00
2020-10-26 07:00:00,10.72,11.05,10.55,10.77,6975230,0.0,0.0,0.0,0.0,0.0,0.0,0.0,0.0,1.0,0.0,10.770000000000017,10.720000000000017,11.050000000000018,10.550000000000017,0.014967538542405399,0.010314203016764044,0.00465333552564135,0.04630456804168637,0.023779396327550238,0.0,-0.01021355617455888,2020-11-02 07:00:00
2020-10-27 07:00:00,10.72,10.8,10.58,10.66,2883500,0.0,0.0,0.0,0.0,0.0,0.0,0.0,0.0,1.0,0.0,10.660000000000018,10.72000000000002,10.80000000000002,10.58000000000002,-0.010266072430598634,-0.004653335525641048,-0.005612736904957659,0.020580707700020663,0.023384502363262952,0.0,0.0056285178236397115,2020-11-03 07:00:00
2020-10-28 07:00:00,10.61,10.94,10.55,10.55,4443690,0.0,0.0,0.0,0.0,0.0,0.0,0.0,0.0,1.0,0.0,10.550000000000017,10.610000000000015,10.940000000000017,10.550000000000017,-0.010372558815623049,-0.004701466111806958,-0.005671092703816169,0.03629993707175969,0.02288970943519164,1.0,0.06540284360189585,2020-11-04 07:00:00
2020-10-29 07:00:00,10.61,10.86,10.55,10.58,2678150,0.0,0.0,0.0,0.0,0.0,0.0,0.0,0.0,1.0,0.0,10.580000000000016,10.610000000000015,10.860000000000017,10.550000000000017,0.002839566508077739,0.005671092703816103,-0.0028315261957383405,0.028960454583713848,0.021791406363617916,1.0,0.06238185255198503,2020-11-04 07:00:00
2020-10-30 07:00:00,10.77,10.77,10.44,10.58,2657280,0.0,0.0,0.0,0.0,0.0,0.0,0.0,0.0,1.0,0.0,10.580000000000016,10.770000000000016,10.770000000000016,10.440000000000015,0.0,0.017799064738143716,-0.017799064738143754,0.031119908713804472,0.02079551059118662,1.0,0.06238185255198503,2020-11-04 07:00:00
2020-11-02 07:00:00,10.58,10.75,10.58,10.66,1491620,0.0,0.0,0.0,0.0,0.0,0.0,0.0,0.0,1.0,0.0,10.660000000000018,10.58000000000002,10.75000000000002,10.58000000000002,0.00753299230754523,4.440892098500625e-16,0.00753299230754501,0.015940328143518524,0.019794735101696097,1.0,0.054409005628517804,2020-11-04 07:00:00
2020-11-03 07:00:00,10.72,10.75,10.61,10.72,1424920,0.0,0.0,0.0,0.0,0.0,0.0,0.0,0.0,1.0,0.0,10.720000000000017,10.720000000000017,10.750000000000016,10.610000000000015,0.005612736904957385,0.005612736904957385,0.0,0.013108801947780148,0.01882882145278058,1.0,0.04850746268656714,2020-11-04 07:00:00
2020-11-04 07:00:00,10.77,11.41,10.77,11.24,7604770,0.0,0.0,0.0,0.0,0.0,0.0,0.0,0.0,1.0,0.0,11.240000000000018,10.770000000000016,11.410000000000018,10.770000000000016,0.04736768882288906,0.0046533355256411285,0.042714353297247896,0.05772567270568721,0.02193656802870182,-1.0,-0.024021352313167155,2020-11-05 07:00:00
2020-11-05 07:00:00,11.33,11.33,10.97,10.97,2009220,0.0,0.0,0.0,0.0,0.0,0.0,0.0,0.0,1.0,0.0,10.970000000000018,11.330000000000018,11.330000000000018,10.970000000000018,-0.02431457017840603,0.007975230574369822,-0.03228980075277591,0.032289800752775995,0.023193904420144993,0.0,0.01731996353691878,2020-11-12 07:00:00
2020-11-06 07:00:00,10.97,11.13,10.86,11.05,1894420,0.0,0.0,0.0,0.0,0.0,0.0,0.0,0.0,1.0,0.0,11.050000000000018,10.970000000000018,11.130000000000019,10.860000000000017,0.007266153676622977,0.0,0.007266153676622977,0.024557850781664184,0.022064545396362344,0.0,0.012669683257918507,2020-11-13 07:00:00
2020-11-09 07:00:00,11.05,11.27,11.0,11.16,3792160,0.0,0.0,0.0,0.0,0.0,0.0,0.0,0.0,1.0,0.0,11.16000000000002,11.05000000000002,11.27000000000002,11.00000000000002,0.009905528989403242,2.2204460492503128e-16,0.009905528989403022,0.02424905525331427,0.02101688023482472,-1.0,-0.024193548387096864,2020-11-10 07:00:00
2020-11-10 07:00:00,11.16,11.27,10.83,10.89,3855660,0.0,0.0,0.0,0.0,0.0,0.0,0.0,0.0,1.0,0.0,10.890000000000018,11.160000000000018,11.270000000000017,10.830000000000016,-0.02449102000829587,-1.1102230246251565e-16,-0.02449102000829564,0.03982426703878574,0.022071762242123722,1.0,0.024793388429751984,2020-11-12 07:00:00
2020-11-11 07:00:00,10.86,11.02,10.8,10.91,2226740,0.0,0.0,0.0,0.0,0.0,0.0,0.0,0.0,1.0,0.0,10.910000000000018,10.860000000000017,11.020000000000017,10.800000000000017,0.0018348629001102184,-0.0027586224390798624,0.004593485339190115,0.02016566959459442,0.021001268028960098,1.0,0.0229147571035746,2020-11-12 07:00:00
2020-11-12 07:00:00,10.91,11.33,10.8,11.16,2436400,0.0,0.0,0.0,0.0,0.0,0.0,0.0,0.0,1.0,0.0,11.160000000000018,10.910000000000018,11.330000000000018,10.800000000000017,0.022656157108185332,0.0,0.022656157108185332,0.04790794090974091,0.02079726398987315,1.0,0.032258064516129226,2020-11-17 07:00:00
2020-11-13 07:00:00,11.16,11.24,11.02,11.19,3034670,0.0,0.0,0.0,0.0,0.0,0.0,0.0,0.0,1.0,0.0,11.190000000000017,11.160000000000018,11.240000000000018,11.020000000000017,0.002684565370668983,0.0,0.002684565370668983,0.019767040740776582,0.01979751003058639,1.0,0.029490616621984156,2020-11-17 07:00:00
2020-11-16 07:00:00,11.24,11.58,11.16,11.36,5099720,0.0,0.0,0.0,0.0,0.0,0.0,0.0,0.0,1.0,0.0,11.36000000000002,11.24000000000002,11.580000000000021,11.16000000000002,0.015077890969171727,0.004458322141711449,0.010619568827460351,0.036943515191684484,0.01907290681213557,1.0,0.029049295774647987,2020-11-20 07:00:00
2020-11-17 07:00:00,11.49,11.52,11.36,11.52,2465550,0.0,0.0,0.0,0.0,0.0,0.0,0.0,0.0,1.0,0.0,11.520000000000021,11.49000000000002,11.520000000000021,11.360000000000019,0.01398624197473987,0.011378678567658815,0.002607563407080991,0.01398624197474009,0.01830130738945911,1.0,0.02170138888888906,2020-11-24 07:00:00
2020-11-18 07:00:00,11.52,11.69,11.41,11.49,2349900,0.0,0.0,0.0,0.0,0.0,0.0,0.0,0.0,1.0,0.0,11.490000000000022,11.520000000000021,11.69000000000002,11.41000000000002,-0.0026075634070808302,0.0,-0.0026075634070808302,0.024243611609992853,0.01763450128790551,1.0,0.024369016536118338,2020-11-24 07:00:00
2020-11-19 07:00:00,11.6,11.6,11.38,11.41,2308570,0.0,0.0,0.0,0.0,0.0,0.0,0.0,0.0,1.0,0.0,11.410000000000023,11.600000000000023,11.600000000000023,11.380000000000024,-0.006986927986679891,0.009528006251654732,-0.01651493423833464,0.019147669414133855,0.01721391864681054,1.0,0.024539877300613355,2020-11-20 07:00:00
2020-11-20 07:00:00,11.44,11.85,11.38,11.69,2942400,0.0,0.0,0.0,0.0,0.0,0.0,0.0,0.0,1.0,0.0,11.690000000000023,11.440000000000023,11.850000000000023,11.380000000000024,0.024243611609992635,0.0026258220776675858,0.021617789532325227,0.040470438882955206,0.01740636490960918,1.0,0.02566295979469646,2020-11-27 07:00:00
2020-11-23 07:00:00,11.74,12.05,11.66,11.69,2066260,0.0,0.0,0.0,0.0,0.0,0.0,0.0,0.0,1.0,0.0,11.690000000000023,11.740000000000023,12.050000000000026,11.660000000000023,0.0,0.004268038915973332,-0.004268038915973405,0.032900479014317766,0.016672096094308315,1.0,0.02566295979469646,2020-11-27 07:00:00
2020-11-24 07:00:00,11.85,11.94,11.63,11.77,3227320,0.0,0.0,0.0,0.0,0.0,0.0,0.0,0.0,1.0,0.0,11.770000000000023,11.850000000000023,11.940000000000023,11.630000000000024,0.006820145788208327,0.013594092097163191,-0.006773946308954805,0.0263061414338828,0.015860847189180162,1.0,0.018691588785046953,2020-11-27 07:00:00
2020-11-25 07:00:00,11.77,11.88,11.49,11.8,3422440,0.0,0.0,0.0,0.0,0.0,0.0,0.0,0.0,1.0,0.0,11.800000000000024,11.770000000000023,11.880000000000024,11.490000000000023,0.002545610199433818,0.0,0.002545610199433818,0.03337922207383461,0.015121898698551715,-1.0,-0.016949152542372947,2020-11-26 07:00:00
2020-11-26 07:00:00,11.69,11.82,11.58,11.6,2404020,0.0,0.0,0.0,0.0,0.0,0.0,0.0,0.0,1.0,0.0,11.600000000000023,11.690000000000023,11.820000000000023,11.580000000000023,-0.017094433359300183,-0.009365755987642164,-0.00772867737165808,0.02051353983310303,0.015930861299337046,1.0,0.03362068965517251,2020-11-27 07:00:00
2020-11-27 07:00:00,11.6,12.38,11.6,11.99,4639810,0.0,0.0,0.0,0.0,0.0,0.0,0.0,0.0,1.0,0.0,11.990000000000025,11.600000000000023,12.380000000000026,11.600000000000023,0.033067870927104004,0.0,0.033067870927104004,0.06507716914413125,0.017579328403920118,1.0,0.03252710592160146,2020-11-30 07:00:00
2020-11-30 07:00:00,12.21,12.71,12.05,12.38,5399340,0.0,0.0,0.0,0.0,0.0,0.0,0.0,0.0,1.0,0.0,12.380000000000027,12.210000000000027,12.71000000000003,12.050000000000027,0.03200929821702729,0.018182319083190547,0.01382697913383679,0.05332442526469871,0.01842735357588742,1.0,0.07350565428109856,2020-12-02 07:00:00
2020-12-01 07:00:00,12.27,12.93,12.27,12.43,8146210,0.0,0.0,0.0,0.0,0.0,0.0,0.0,0.0,1.0,0.0,12.430000000000028,12.270000000000026,12.930000000000028,12.270000000000026,0.004030638266169639,-0.008925008533630105,0.012955646799799735,0.052392934060946174,0.01758533740084242,1.0,0.06918744971842306,2020-12-02 07:00:00
2020-12-02 07:00:00,12.99,13.29,12.76,13.29,5619890,0.0,0.0,0.0,0.0,0.0,0.0,0.0,0.0,1.0,0.0,13.29000000000003,12.990000000000029,13.29000000000003,12.760000000000028,0.0668989672025341,0.04406692515988828,0.02283204204264569,0.04069659480851021,0.02431640090946806,1.0,0.06847253574115886,2020-12-03 07:00:00
2020-12-03 07:00:00,14.15,14.2,13.81,14.2,3521260,0.0,0.0,0.0,0.0,0.0,0.0,0.0,0.0,1.0,0.0,14.200000000000031,14.150000000000032,14.200000000000031,13.81000000000003,0.06623009188206117,0.06270275136409281,0.0035273405179684406,0.027848997186014357,0.02799230984735449,1.0,0.030985915492957927,2020-12-04 07:00:00
2020-12-04 07:00:00,14.64,15.11,14.17,14.64,6448020,0.0,0.0,0.0,0.0,0.0,0.0,0.0,0.0,1.0,0.0,14.640000000000036,14.640000000000036,15.110000000000037,14.170000000000034,0.030515543925950628,0.030515543925950628,0.0,0.06422972258205924,0.026856246801946808,-1.0,-0.07172131147540994,2020-12-10 07:00:00
2020-12-07 07:00:00,14.42,14.81,13.95,14.45,4605900,0.0,0.0,0.0,0.0,0.0,0.0,0.0,0.0,1.0,0.0,14.450000000000035,14.420000000000035,14.810000000000036,13.950000000000033,-0.013063093974724433,-0.015141376676362443,0.002078282701638149,0.05982312001233274,0.027414614279345616,-1.0,-0.05951557093425608,2020-12-10 07:00:00
2020-12-08 07:00:00,14.48,14.7,14.31,14.5,3643160,0.0,0.0,0.0,0.0,0.0,0.0,0.0,0.0,1.0,0.0,14.500000000000036,14.480000000000036,14.700000000000035,14.310000000000036,0.0034542348680876036,0.002073972399129172,0.0013802624689582686,0.026888900216331,0.02638568855427276,-1.0,-0.06275862068965532,2020-12-10 07:00:00
2020-12-09 07:00:00,14.59,14.59,14.31,14.31,3902570,0.0,0.0,0.0,0.0,0.0,0.0,0.0,0.0,1.0,0.0,14.310000000000034,14.590000000000035,14.590000000000035,14.310000000000036,-0.01319005585816918,0.00618771310816555,-0.019377768966334804,0.019377768966334565,0.026548773723974982,-1.0,-0.05031446540880513,2020-12-10 07:00:00
2020-12-10 07:00:00,14.28,14.28,13.59,13.59,7480540,0.0,0.0,0.0,0.0,0.0,0.0,0.0,0.0,1.0,0.0,13.590000000000032,14.280000000000035,14.280000000000035,13.590000000000034,-0.0516243654053073,-0.0020986366569211382,-0.04952572874838604,0.04952572874838602,0.031849013659776604,1.0,0.058866813833701404,2020-12-14 07:00:00
2020-12-11 07:00:00,13.54,13.95,13.32,13.87,3403730,0.0,0.0,0.0,0.0,0.0,0.0,0.0,0.0,1.0,0.0,13.870000000000035,13.540000000000035,13.950000000000037,13.320000000000036,0.020394006163688125,-0.003685960678923168,0.024079966842611326,0.04621284315513141,0.030574756752543095,1.0,0.037490987743330706,2020-12-14 07:00:00
2020-12-14 07:00:00,14.03,14.59,13.79,14.39,3857790,0.0,0.0,0.0,0.0,0.0,0.0,0.0,0.0,1.0,0.0,14.390000000000034,14.030000000000033,14.590000000000035,13.790000000000033,0.03680528657253601,0.01146965978762913,0.02533562678490681,0.056392670729483965,0.030350027012222582,1.0,0.05003474635163285,2020-12-18 07:00:00
2020-12-15 07:00:00,14.37,14.48,13.81,14.01,4494850,0.0,0.0,0.0,0.0,0.0,0.0,0.0,0.0,1.0,0.0,14.010000000000034,14.370000000000035,14.480000000000036,13.810000000000034,-0.026762160550360774,-0.0013908208083428532,-0.025371339742017947,0.04737541953636957,0.030998299128729197,1.0,0.07851534618129885,2020-12-18 07:00:00
2020-12-16 07:00:00,14.03,14.26,13.95,14.03,2877220,0.0,0.0,0.0,0.0,0.0,0.0,0.0,0.0,1.0,0.0,14.03000000000003,14.030000000000031,14.260000000000032,13.95000000000003,0.001426533765453578,0.0014265337654537995,-1.1102230246251565e-16,0.021978906718775382,0.0295357673831918,1.0,0.07697790449037778,2020-12-18 07:00:00
2020-12-17 07:00:00,13.9,14.42,13.76,14.31,4142520,0.0,0.0,0.0,0.0,0.0,0.0,0.0,0.0,1.0,0.0,14.310000000000032,13.90000000000003,14.420000000000032,13.76000000000003,0.019760699453990036,-0.009309053977723412,0.02906975343171346,0.04685029935160539,0.028371783974727983,1.0,0.05590496156533886,2020-12-18 07:00:00
2020-12-18 07:00:00,14.31,15.22,14.31,15.11,6476930,0.0,0.0,0.0,0.0,0.0,0.0,0.0,0.0,1.0,0.0,15.110000000000033,14.310000000000032,15.220000000000034,14.310000000000032,0.0543981827162886,0.0,0.0543981827162886,0.06165175886518027,0.030408798660272827,-1.0,-0.0324288550628723,2020-12-24 07:00:00
2020-12-21 07:00:00,15.2,15.42,14.89,15.36,6100610,0.0,0.0,0.0,0.0,0.0,0.0,0.0,0.0,1.0,0.0,15.360000000000031,15.20000000000003,15.42000000000003,14.89000000000003,0.016409951434877855,0.005938651567582325,0.010471299867295437,0.0349755214392658,0.028951047950249824,-1.0,-0.04817708333333326,2020-12-24 07:00:00
2020-12-22 07:00:00,15.2,15.42,15.11,15.36,3156420,0.0,0.0,0.0,0.0,0.0,0.0,0.0,0.0,1.0,0.0,15.360000000000031,15.20000000000003,15.42000000000003,15.11000000000003,0.0,-0.010471299867295478,0.010471299867295437,0.02030859185053528,0.027801828594320756,-1.0,-0.02864583333333326,2020-12-23 07:00:00
2020-12-23 07:00:00,15.25,15.25,14.64,14.92,3666820,0.0,0.0,0.0,0.0,0.0,0.0,0.0,0.0,1.0,0.0,14.920000000000032,15.250000000000034,15.250000000000034,14.640000000000033,-0.02906413294391124,-0.0071872246661052915,-0.02187690827780595,0.0408219945202552,0.02912782631378105,-1.0,-0.029490616621983823,2020-12-25 07:00:00
2020-12-24 07:00:00,14.86,15.0,13.9,14.62,5946530,0.0,0.0,0.0,0.0,0.0,0.0,0.0,0.0,1.0,0.0,14.620000000000031,14.860000000000033,15.000000000000034,13.90000000000003,-0.02031214045398236,-0.004029555486001577,-0.016282584967980712,0.07616136096556395,0.02895494349270392,1.0,0.03146374829001375,2020-12-29 07:00:00
2020-12-25 07:00:00,14.42,14.92,14.31,14.48,2328570,0.0,0.0,0.0,0.0,0.0,0.0,0.0,0.0,1.0,0.0,14.480000000000032,14.420000000000032,14.920000000000034,14.310000000000032,-0.009622067364061983,-0.0137743224648294,0.004152255100767288,0.041744001207255146,0.02788952946153577,1.0,0.04143646408839774,2020-12-29 07:00:00
2020-12-28 07:00:00,14.64,14.75,14.39,14.45,4346940,0.0,0.0,0.0,0.0,0.0,0.0,0.0,0.0,1.0,0.0,14.450000000000031,14.640000000000033,14.750000000000032,14.390000000000033,-0.00207397239912926,0.010989121575595165,-0.013063093974724433,0.02470956188655238,0.02658263827202312,1.0,0.04359861591695502,2020-12-29 07:00:00
2020-12-29 07:00:00,14.48,15.28,14.37,15.08,5659820,0.0,0.0,0.0,0.0,0.0,0.0,0.0,0.0,1.0,0.0,15.080000000000032,14.480000000000032,15.280000000000033,14.370000000000031,0.04267494802136885,0.002073972399129172,0.04060097562223966,0.06140208364744089,0.027962096732830344,1.0,0.0828912466843501,2021-01-04 07:00:00
2020-12-30 07:00:00,15.47,15.8,15.11,15.11,3939190,0.0,0.0,0.0,0.0,0.0,0.0,0.0,0.0,1.0,0.0,15.110000000000033,15.470000000000034,15.800000000000036,15.110000000000033,0.0019874137048381956,0.025533302005164845,-0.02354588830032658,0.0446531637482731,0.02663685483052806,1.0,0.08074123097286545,2021-01-04 07:00:00
2020-12-31 07:00:00,15.2,15.44,15.08,15.31,2312570,0.0,0.0,0.0,0.0,0.0,0.0,0.0,0.0,1.0,0.0,15.310000000000034,15.200000000000033,15.440000000000033,15.080000000000034,0.013149433384944231,0.005938651567582547,0.007210781817361842,0.02359218201681998,0.025419346561590745,1.0,0.06662312214239052,2021-01-04 07:00:00
2021-01-04 07:00:00,15.58,16.36,15.47,16.33,7909000,0.0,0.0,0.0,0.0,0.0,0.0,0.0,0.0,1.0,0.0,16.330000000000034,15.580000000000034,16.360000000000035,15.470000000000034,0.0644976973127813,0.01748183077300969,0.04701586653977149,0.05593666658962626,0.029740602236100918,1.0,0.06613594611145146,2021-01-05 07:00:00
2021-01-05 07:00:00,16.58,17.46,16.47,17.41,7069400,0.0,0.0,0.0,0.0,0.0,0.0,0.0,0.0,1.0,0.0,17.41000000000004,16.580000000000034,17.46000000000004,16.470000000000034,0.06404084679772407,0.01519324272477518,0.04884760407294898,0.05837200622190746,0.032271765330791194,1.0,0.0677771395749569,2021-01-12 07:00:00
2021-01-06 07:00:00,17.9,17.93,16.96,17.24,4237900,0.0,0.0,0.0,0.0,0.0,0.0,0.0,0.0,1.0,0.0,17.240000000000038,17.900000000000038,17.93000000000004,16.96000000000004,-0.009812488544550716,0.027755959066611394,-0.037568447611162174,0.055617657253284256,0.0317705625443865,1.0,0.0783062645011603,2021-01-12 07:00:00
2021-01-07 07:00:00,17.24,17.76,16.85,17.57,5114000,0.0,0.0,0.0,0.0,0.0,0.0,0.0,0.0,1.0,0.0,17.57000000000004,17.240000000000038,17.76000000000004,16.85000000000004,0.01896063696345883,0.0,0.01896063696345883,0.05259808076565317,0.03024587538333328,1.0,0.05805350028457612,2021-01-12 07:00:00
2021-01-08 07:00:00,17.68,17.88,17.29,17.43,3082700,0.0,0.0,0.0,0.0,0.0,0.0,0.0,0.0,1.0,0.0,17.43000000000004,17.68000000000004,17.880000000000038,17.29000000000004,-0.008000042667076265,0.0062411550104915165,-0.014241197677567773,0.03355447005016888,0.029605226823190185,1.0,0.06655192197360882,2021-01-12 07:00:00
2021-01-11 07:00:00,17.49,17.63,17.07,17.38,2381400,0.0,0.0,0.0,0.0,0.0,0.0,0.0,0.0,1.0,0.0,17.380000000000038,17.490000000000038,17.630000000000038,17.07000000000004,-0.00287273969468364,0.0034364294985810974,-0.006309169193264721,0.032279459603429386,0.028562158774579342,1.0,0.06962025316455711,2021-01-12 07:00:00
2021-01-12 07:00:00,17.41,18.59,17.07,18.59,5545800,0.0,0.0,0.0,0.0,0.0,0.0,0.0,0.0,1.0,0.0,18.590000000000042,17.41000000000004,18.590000000000042,17.07000000000004,0.0673036818961068,0.0017246339428517237,0.06557904795325496,0.08530126492700342,0.031950544242301177,1.0,0.03604088219472823,2021-01-18 07:00:00
2021-01-13 07:00:00,18.79,18.9,18.34,18.46,4217000,0.0,0.0,0.0,0.0,0.0,0.0,0.0,0.0,1.0,0.0,18.460000000000043,18.790000000000042,18.90000000000004,18.34000000000004,-0.007017572658646535,0.010701011692021294,-0.017718584350667692,0.030077455237277954,0.03122535579885064,1.0,0.04333694474539529,2021-01-18 07:00:00
2021-01-14 07:00:00,18.29,18.73,18.18,18.54,4045000,0.0,0.0,0.0,0.0,0.0,0.0,0.0,0.0,1.0,0.0,18.54000000000004,18.290000000000035,18.73000000000004,18.180000000000035,0.004324331063002803,-0.009251766671932223,0.013576097734934844,0.029804427706664492,0.02985960790708578,1.0,0.03883495145631066,2021-01-18 07:00:00
2021-01-15 07:00:00,18.79,18.87,18.43,18.62,4032600,0.0,0.0,0.0,0.0,0.0,0.0,0.0,0.0,1.0,0.0,18.62000000000004,18.79000000000004,18.87000000000004,18.430000000000035,0.004305711711212013,0.013394253287664823,-0.009088541576452808,0.023593587698727228,0.028538307169189932,1.0,0.03437164339419985,2021-01-18 07:00:00
2021-01-18 07:00:00,19.92,19.92,19.01,19.26,6304500,0.0,0.0,0.0,0.0,0.0,0.0,0.0,0.0,1.0,0.0,19.26000000000004,19.92000000000004,19.92000000000004,19.01000000000004,0.03379413452105855,0.06748798030753114,-0.033693845786472644,0.04675909565611427,0.027880861624900184,-1.0,-0.06905503634475596,2021-01-19 07:00:00
2021-01-19 07:00:00,19.23,19.45,17.93,17.93,3821000,0.0,0.0,0.0,0.0,0.0,0.0,0.0,0.0,1.0,0.0,17.93000000000004,19.230000000000043,19.450000000000042,17.93000000000004,-0.07155511875293798,-0.0015588467692909678,-0.06999627198364691,0.08137178244741375,0.03711948654108914,-1.0,-0.04461795872838814,2021-01-26 07:00:00
2021-01-20 07:00:00,17.93,18.18,16.69,17.68,4201900,0.0,0.0,0.0,0.0,0.0,0.0,0.0,0.0,1.0,0.0,17.680000000000035,17.930000000000035,18.180000000000035,16.690000000000033,-0.014041230407544278,-2.2204460492503136e-16,-0.014041230407544052,0.08551235107558905,0.035843943495331675,1.0,0.04242081447963808,2021-01-21 07:00:00
2021-01-21 07:00:00,18.07,18.43,17.13,18.43,3773300,0.0,0.0,0.0,0.0,0.0,0.0,0.0,0.0,1.0,0.0,18.43000000000004,18.07000000000004,18.430000000000042,17.130000000000038,0.0415457144722346,0.021819047394639888,0.01972666707759482,0.07314845934570337,0.035872008836644834,-1.0,-0.07053716766142148,2021-01-26 07:00:00
2021-01-22 07:00:00,18.4,18.73,18.15,18.23,3990300,0.0,0.0,0.0,0.0,0.0,0.0,0.0,0.0,1.0,0.0,18.23000000000004,18.400000000000038,18.730000000000043,18.150000000000038,-0.010911182991160158,-0.0016291070667920553,-0.009282075924368183,0.0314559557451375,0.03459526799029222,-1.0,-0.06034009873834334,2021-01-26 07:00:00
2021-01-25 07:00:00,17.96,18.9,17.96,18.29,6015400,0.0,0.0,0.0,0.0,0.0,0.0,0.0,0.0,1.0,0.0,18.290000000000042,17.96000000000004,18.90000000000004,17.96000000000004,0.003285873712202672,-0.014921525816518075,0.0182073995287209,0.05101485919154311,0.032918666817435084,-1.0,-0.06342263531984693,2021-01-26 07:00:00
2021-01-26 07:00:00,18.34,18.34,17.02,17.13,4933000,0.0,0.0,0.0,0.0,0.0,0.0,0.0,0.0,1.0,0.0,17.130000000000038,18.34000000000004,18.34000000000004,17.02000000000004,-0.0655231500667458,0.002730004425544212,-0.06825315449229018,0.07469534368309058,0.03799820484701283,-1.0,-0.06946876824284876,2021-01-27 07:00:00
2021-01-27 07:00:00,16.85,17.05,15.94,15.94,6653000,0.0,0.0,0.0,0.0,0.0,0.0,0.0,0.0,1.0,0.0,15.940000000000037,16.850000000000044,17.050000000000043,15.940000000000039,-0.0719996389739595,-0.016480655537657384,-0.0555189834363021,0.06731853036745684,0.04201783438494808,-1.0,-0.06900878293600998,2021-01-28 07:00:00
2021-01-28 07:00:00,14.84,15.2,14.84,14.84,2765800,0.0,0.0,0.0,0.0,0.0,0.0,0.0,0.0,1.0,0.0,14.840000000000035,14.840000000000035,15.200000000000037,14.840000000000035,-0.07150543562283453,-0.07150543562283453,0.0,0.023969190112996402,0.04435606737092041,1.0,0.07951482479784344,2021-02-03 07:00:00
2021-01-29 07:00:00,13.81,15.36,13.81,14.84,8174300,0.0,0.0,0.0,0.0,0.0,0.0,0.0,0.0,1.0,0.0,14.840000000000035,13.810000000000034,15.360000000000037,13.810000000000034,0.0,-0.07193327031803359,0.07193327031803352,0.1063737602983252,0.04239262750495189,1.0,0.07951482479784344,2021-02-03 07:00:00
2021-02-01 07:00:00,14.53,15.31,14.09,14.81,4716600,0.0,0.0,0.0,0.0,0.0,0.0,0.0,0.0,1.0,0.0,14.810000000000034,14.530000000000031,15.310000000000034,14.090000000000032,-0.0020236094595270943,-0.021110760157043086,0.01908715069751614,0.08304088375900358,0.04044446641105521,1.0,0.08170155300472648,2021-02-03 07:00:00
2021-02-02 07:00:00,15.2,15.66,14.7,15.31,3892900,0.0,0.0,0.0,0.0,0.0,0.0,0.0,0.0,1.0,0.0,15.310000000000034,15.200000000000033,15.660000000000036,14.700000000000031,0.033203581389884884,0.02599279957252307,0.007210781817361842,0.06326219677796653,0.040749890326225356,1.0,0.04637491835401697,2021-02-03 07:00:00
2021-02-03 07:00:00,15.64,16.25,15.44,16.02,4069400,0.0,0.0,0.0,0.0,0.0,0.0,0.0,0.0,1.0,0.0,16.020000000000035,15.640000000000036,16.250000000000036,15.440000000000033,0.045331731970620764,0.021325525447572723,0.024006206523047954,0.051131364179116345,0.041861592151007716,1.0,0.04681647940074929,2021-02-17 07:00:00
2021-02-04 07:00:00,16.02,16.25,15.58,15.75,3422300,0.0,0.0,0.0,0.0,0.0,0.0,0.0,0.0,1.0,0.0,15.750000000000034,16.020000000000035,16.250000000000036,15.580000000000034,-0.016997576368571136,0.0,-0.016997576368571136,0.04210486833314437,0.04006804115417815,1.0,0.06476190476190502,2021-02-17 07:00:00
2021-02-05 07:00:00,15.8,16.36,15.47,16.36,3989500,0.0,0.0,0.0,0.0,0.0,0.0,0.0,0.0,1.0,0.0,16.360000000000035,15.800000000000036,16.360000000000035,15.470000000000034,0.037998965902958926,0.0031695747612792606,0.03482939114167963,0.05593666658962626,0.040116735667609364,1.0,0.04034229828850866,2021-02-18 07:00:00
2021-02-08 07:00:00,16.36,17.07,15.25,15.91,5152900,0.0,0.0,0.0,0.0,0.0,0.0,0.0,0.0,1.0,0.0,15.910000000000036,16.360000000000035,17.07000000000004,15.250000000000034,-0.027891488824905414,0.0,-0.027891488824905414,0.11274303375292864,0.03909705180640057,1.0,0.05405405405405417,2021-02-17 07:00:00
2021-02-09 07:00:00,15.91,16.3,15.53,16.11,2238000,0.0,0.0,0.0,0.0,0.0,0.0,0.0,0.0,1.0,0.0,16.11000000000004,15.91000000000004,16.30000000000004,15.530000000000037,0.012492354839187562,2.2204460492503128e-16,0.012492354839187344,0.048391470652121134,0.03745504312186978,1.0,0.040968342644320144,2021-02-17 07:00:00
2021-02-17 07:00:00,16.36,16.8,16.25,16.77,3014600,0.0,0.0,0.0,0.0,0.0,0.0,0.0,0.0,1.0,0.0,16.77000000000004,16.360000000000035,16.80000000000004,16.250000000000036,0.040151378646234324,0.015399133985717805,0.024752244660516558,0.033285977633466975,0.03771131540583249,0.0,0.02146690518783534,2021-02-24 07:00:00
2021-02-18 07:00:00,16.83,17.07,16.58,17.02,4573000,0.0,0.0,0.0,0.0,0.0,0.0,0.0,0.0,1.0,0.0,17.02000000000004,16.830000000000037,17.07000000000004,16.580000000000034,0.014797547310110654,0.0035714323675971795,0.011226114942513458,0.029125387099200487,0.036045928951514934,0.0,0.014688601645123534,2021-02-25 07:00:00
2021-02-19 07:00:00,16.8,17.68,16.8,17.38,4262200,0.0,0.0,0.0,0.0,0.0,0.0,0.0,0.0,1.0,0.0,17.38000000000004,16.800000000000043,17.680000000000042,16.800000000000043,0.020930996692017964,-0.013010236736014551,0.03394123342803262,0.05105517080028396,0.03465785418331901,1.0,0.04142692750287691,2021-02-26 07:00:00
2021-02-22 07:00:00,17.41,17.57,16.91,17.1,3052500,0.0,0.0,0.0,0.0,0.0,0.0,0.0,0.0,1.0,0.0,17.10000000000004,17.41000000000004,17.57000000000004,16.91000000000004,-0.016241656328631837,0.001724633942851502,-0.017966290271483377,0.03828773928851683,0.03362379072252344,1.0,0.0584795321637428,2021-02-26 07:00:00
2021-02-23 07:00:00,17.13,17.46,16.85,17.18,3087500,0.0,0.0,0.0,0.0,0.0,0.0,0.0,0.0,1.0,0.0,17.18000000000004,17.130000000000038,17.46000000000004,16.85000000000004,0.004667453047495021,0.0017528488274141652,0.002914604220080849,0.03556189361308536,0.03198410736407779,1.0,0.05355064027939482,2021-02-26 07:00:00
2021-02-24 07:00:00,17.41,17.63,16.85,17.13,6517300,0.0,0.0,0.0,0.0,0.0,0.0,0.0,0.0,1.0,0.0,17.130000000000038,17.41000000000004,17.630000000000038,16.85000000000004,-0.0029146042200807825,0.013298837223988296,-0.016213441444069148,0.04525133961140792,0.030488817391779735,1.0,0.05662580268534767,2021-02-26 07:00:00
2021-02-25 07:00:00,17.24,17.52,17.07,17.27,5124400,0.0,0.0,0.0,0.0,0.0,0.0,0.0,0.0,1.0,0.0,17.270000000000042,17.24000000000004,17.520000000000042,17.070000000000043,0.008139579822558817,0.0064009528995187534,0.001738626923040219,0.02602054870189606,0.029040298590273694,1.0,0.04806022003474242,2021-02-26 07:00:00
2021-02-26 07:00:00,17.13,18.23,17.05,18.1,6989700,0.0,0.0,0.0,0.0,0.0,0.0,0.0,0.0,1.0,0.0,18.100000000000044,17.13000000000004,18.230000000000047,17.050000000000043,0.046941046113192914,-0.008139579822558743,0.05508062593575162,0.06691838496104598,0.03055389771320142,-1.0,-0.05690607734806641,2021-03-04 07:00:00
2021-03-01 07:00:00,18.34,18.4,17.96,18.1,3684900,0.0,0.0,0.0,0.0,0.0,0.0,0.0,0.0,1.0,0.0,18.100000000000044,18.340000000000046,18.400000000000045,17.960000000000043,0.0,0.013172528556538738,-0.013172528556538781,0.0242036017408864,0.02915520852449797,-1.0,-0.05690607734806641,2021-03-04 07:00:00
2021-03-02 07:00:00,18.15,18.18,17.88,17.9,4039900,0.0,0.0,0.0,0.0,0.0,0.0,0.0,0.0,1.0,0.0,17.90000000000004,18.15000000000004,18.180000000000042,17.88000000000004,-0.011111225425070835,0.0027586224390796607,-0.01386984786415039,0.016639319003964724,0.028262142965188856,-1.0,-0.04636871508379892,2021-03-04 07:00:00
2021-03-03 07:00:00,17.79,17.93,17.63,17.79,5704700,0.0,0.0,0.0,0.0,0.0,0.0,0.0,0.0,1.0,0.0,17.790000000000042,17.790000000000042,17.930000000000042,17.63000000000004,-0.0061642111689655015,-0.0061642111689655015,0.0,0.01687329120726258,0.027101734407902374,-1.0,-0.04047217537942671,2021-03-04 07:00:00
2021-03-04 07:00:00,17.79,17.9,16.69,17.07,5940300,0.0,0.0,0.0,0.0,0.0,0.0,0.0,0.0,1.0,0.0,17.07000000000004,17.79000000000004,17.900000000000038,16.690000000000037,-0.041313964871394604,-2.2204460492503136e-16,-0.04131396487139437,0.0699909751729656,0.029191991372532044,0.0,-0.006444053895723223,2021-03-11 07:00:00
2021-03-05 07:00:00,16.74,16.99,16.3,16.85,5172100,0.0,0.0,0.0,0.0,0.0,0.0,0.0,0.0,1.0,0.0,16.850000000000044,16.74000000000004,16.99000000000004,16.30000000000004,-0.012971880007978194,-0.01952147174501984,0.006549591737041734,0.04145982787112398,0.028033748581702357,1.0,0.04272997032640946,2021-03-12 07:00:00
2021-03-08 07:00:00,17.07,17.13,16.69,16.85,3977100,0.0,0.0,0.0,0.0,0.0,0.0,0.0,0.0,1.0,0.0,16.850000000000044,17.070000000000043,17.13000000000004,16.69000000000004,0.0,0.012971880007978345,-0.01297188000797842,0.026021574662284885,0.02666867238082763,1.0,0.04272997032640946,2021-03-12 07:00:00
2021-03-09 07:00:00,16.71,17.24,16.11,16.85,4092600,0.0,0.0,0.0,0.0,0.0,0.0,0.0,0.0,1.0,0.0,16.850000000000044,16.71000000000004,17.24000000000004,16.11000000000004,0.0,-0.008343314191068653,0.008343314191068681,0.06779206804666402,0.025369771341491768,1.0,0.04272997032640946,2021-03-12 07:00:00
2021-03-10 07:00:00,16.91,17.02,16.58,16.88,2295100,0.0,0.0,0.0,0.0,0.0,0.0,0.0,0.0,1.0,0.0,16.88000000000004,16.910000000000043,17.020000000000042,16.580000000000037,0.0017788323694402312,0.003554506112118012,-0.0017756737426779723,0.026191973438079292,0.02414739661532387,1.0,0.040876777251185104,2021-03-12 07:00:00
2021-03-11 07:00:00,17.13,17.13,16.85,16.96,3437600,0.0,0.0,0.0,0.0,0.0,0.0,0.0,0.0,1.0,0.0,16.960000000000043,17.13000000000004,17.13000000000004,16.850000000000044,0.004728141195946116,0.01470182316821754,-0.009973681972271407,0.016480655537657676,0.023030238465034946,1.0,0.035966981132075526,2021-03-12 07:00:00
2021-03-12 07:00:00,17.13,17.9,17.02,17.57,8198600,0.0,0.0,0.0,0.0,0.0,0.0,0.0,0.0,1.0,0.0,17.570000000000046,17.130000000000045,17.900000000000045,17.020000000000046,0.035335271835248865,0.009973681972271614,0.0253615898629772,0.05041158970148101,0.024397022012544345,0.0,0.020489470688674016,2021-03-19 07:00:00
2021-03-15 07:00:00,17.68,17.88,17.43,17.52,4324300,0.0,0.0,0.0,0.0,0.0,0.0,0.0,0.0,1.0,0.0,17.520000000000046,17.680000000000046,17.880000000000045,17.430000000000046,-0.002849816690760456,0.0062411550104915165,-0.009090971701251963,0.025489910213438473,0.02327463157346383,1.0,0.02340182648401834,2021-03-19 07:00:00
2021-03-16 07:00:00,17.46,17.52,17.07,17.27,3373400,0.0,0.0,0.0,0.0,0.0,0.0,0.0,0.0,1.0,0.0,17.270000000000046,17.460000000000047,17.520000000000046,17.070000000000046,-0.014372193349658112,-0.0034305350967891368,-0.010941658252868986,0.02602054870189606,0.022714809965590735,1.0,0.038216560509554354,2021-03-19 07:00:00
2021-03-17 07:00:00,17.13,17.35,17.1,17.24,3387900,0.0,0.0,0.0,0.0,0.0,0.0,0.0,0.0,1.0,0.0,17.240000000000045,17.130000000000045,17.350000000000048,17.100000000000048,-0.001738626923040245,-0.008139579822558743,0.006400952899518533,0.014514042884254012,0.02162070849582618,1.0,0.022621809744779453,2021-03-18 07:00:00
2021-03-18 07:00:00,17.29,17.96,17.16,17.63,6024700,0.0,0.0,0.0,0.0,0.0,0.0,0.0,0.0,1.0,0.0,17.630000000000045,17.290000000000045,17.960000000000047,17.160000000000046,0.022369731174231695,0.0028960344596522087,0.019473696714579564,0.0455659688142373,0.021580725374972666,-1.0,-0.025524673851389568,2021-03-23 07:00:00
2021-03-19 07:00:00,17.68,18.1,17.68,17.93,5792900,0.0,0.0,0.0,0.0,0.0,0.0,0.0,0.0,1.0,0.0,17.93000000000005,17.680000000000046,18.10000000000005,17.680000000000046,0.0168732912072628,0.002832060799718468,0.014041230407544302,0.02347788106228282,0.020965391368558125,-1.0,-0.04182933630786401,2021-03-23 07:00:00
2021-03-22 07:00:00,17.96,17.99,17.57,17.82,3742500,0.0,0.0,0.0,0.0,0.0,0.0,0.0,0.0,1.0,0.0,17.82000000000005,17.960000000000054,17.99000000000005,17.57000000000005,-0.0061538655743782235,0.001671775257012246,-0.00782564083139049,0.023623145763435893,0.020178189354858916,-1.0,-0.03591470258136942,2021-03-23 07:00:00
2021-03-23 07:00:00,17.82,17.82,17.07,17.18,4698300,0.0,0.0,0.0,0.0,0.0,0.0,0.0,0.0,1.0,0.0,17.180000000000046,17.820000000000046,17.820000000000046,17.070000000000046,-0.03657550548655412,-2.2204460492503136e-16,-0.03657550548655388,0.04299888523631381,0.022607712508098288,-1.0,-0.023864959254947804,2021-03-25 07:00:00
2021-03-24 07:00:00,16.85,17.18,16.52,16.85,5067300,0.0,0.0,0.0,0.0,0.0,0.0,0.0,0.0,1.0,0.0,16.850000000000048,16.850000000000048,17.180000000000046,16.520000000000042,-0.019395259757738422,-0.019395259757738422,0.0,0.03917414846327739,0.022230234241844327,0.0,-0.005341246290801127,2021-03-31 07:00:00
2021-03-25 07:00:00,16.85,17.07,16.49,16.77,2822700,0.0,0.0,0.0,0.0,0.0,0.0,0.0,0.0,1.0,0.0,16.770000000000042,16.850000000000044,17.070000000000043,16.490000000000038,-0.004759080963253591,-2.2204460492503136e-16,-0.004759080963253368,0.03456840023484202,0.021156433268993535,1.0,0.050089445438282754,2021-04-01 07:00:00
2021-03-26 07:00:00,16.58,16.8,15.69,16.52,3871100,0.0,0.0,0.0,0.0,0.0,0.0,0.0,0.0,1.0,0.0,16.520000000000046,16.580000000000044,16.80000000000005,15.690000000000044,-0.0150198077422852,-0.01139442612796838,-0.003625381614316857,0.06835531966427226,0.020463766590696444,1.0,0.025423728813559254,2021-03-30 07:00:00
2021-03-29 07:00:00,16.58,16.8,16.44,16.58,3139800,0.0,0.0,0.0,0.0,0.0,0.0,0.0,0.0,1.0,0.0,16.580000000000044,16.580000000000044,16.80000000000005,16.440000000000047,0.0036253816143168366,0.0036253816143168366,0.0,0.021661496781179467,0.019595043028287212,1.0,0.021712907117008573,2021-03-30 07:00:00
2021-03-30 07:00:00,17.06,17.09,16.76,16.94,2756700,0.0,0.0,0.0,0.0,0.0,0.0,0.0,0.0,1.0,0.0,16.940000000000047,17.060000000000045,17.090000000000046,16.760000000000048,0.021480539516759545,0.028539392356384165,-0.0070588528396245765,0.019498402073562477,0.0200601975705405,1.0,0.03955135773317564,2021-04-01 07:00:00
2021-03-31 07:00:00,17.0,17.06,16.7,16.76,1511900,0.0,0.0,0.0,0.0,0.0,0.0,0.0,0.0,1.0,0.0,16.760000000000048,17.000000000000046,17.060000000000045,16.700000000000045,-0.010682594169971285,0.0035356548323075758,-0.014218249002278912,0.021327822640823543,0.01931170673192712,1.0,0.050715990453460424,2021-04-01 07:00:00
2021-04-01 07:00:00,16.97,17.61,16.76,17.61,2053500,0.0,0.0,0.0,0.0,0.0,0.0,0.0,0.0,1.0,0.0,17.610000000000046,16.970000000000045,17.610000000000046,16.760000000000048,0.0494718274541776,0.012451984192197866,0.037019843261979775,0.0494718274541776,0.023986077657279146,1.0,0.06530380465644536,2021-04-08 07:00:00
2021-04-02 07:00:00,18.03,18.19,17.61,17.73,3454700,0.0,0.0,0.0,0.0,0.0,0.0,0.0,0.0,1.0,0.0,17.730000000000047,18.03000000000005,18.19000000000005,17.610000000000046,0.0067911975780017555,0.023570114707111366,-0.016778917129109592,0.03240507002191635,0.022841870419552195,1.0,0.05809362662154549,2021-04-08 07:00:00
2021-04-05 07:00:00,17.79,17.97,17.49,17.67,3027200,0.0,0.0,0.0,0.0,0.0,0.0,0.0,0.0,1.0,0.0,17.670000000000048,17.790000000000045,17.970000000000045,17.490000000000045,-0.0033898337545114282,0.0033783815916271906,-0.0067682153461386275,0.027074411764957004,0.021825327447542803,1.0,0.06168647425014151,2021-04-08 07:00:00
2021-04-06 07:00:00,17.49,17.64,17.37,17.49,2170200,0.0,0.0,0.0,0.0,0.0,0.0,0.0,0.0,1.0,0.0,17.490000000000045,17.490000000000045,17.640000000000047,17.370000000000047,-0.010238997301094538,-0.010238997301094538,0.0,0.015424470325631512,0.021129766341245436,1.0,0.07261292166952571,2021-04-08 07:00:00
2021-04-07 07:00:00,17.34,17.94,17.18,17.79,3419700,0.0,0.0,0.0,0.0,0.0,0.0,0.0,0.0,1.0,0.0,17.790000000000045,17.340000000000046,17.940000000000047,17.180000000000046,0.01700721264723315,-0.008613317678114836,0.025620530325347828,0.043286940074540675,0.02062819758799809,1.0,0.05452501405283883,2021-04-08 07:00:00
2021-04-08 07:00:00,17.91,18.82,17.88,18.76,10477800,0.0,0.0,0.0,0.0,0.0,0.0,0.0,0.0,1.0,0.0,18.76000000000005,17.910000000000046,18.82000000000005,17.880000000000045,0.05309044190033498,0.0067227143948767375,0.04636772750545834,0.05123736441186561,0.024740559839595725,-1.0,-0.031982942430703654,2021-04-13 07:00:00
2021-04-09 07:00:00,18.82,18.82,18.58,18.61,3320600,0.0,0.0,0.0,0.0,0.0,0.0,0.0,0.0,1.0,0.0,18.610000000000053,18.820000000000054,18.820000000000054,18.58000000000005,-0.008027872923919177,0.0031931905791549855,-0.011221063503074172,0.012834400771541188,0.024012000271192428,-1.0,-0.024180548092423537,2021-04-13 07:00:00
2021-04-12 07:00:00,18.67,18.82,18.4,18.73,5356300,0.0,0.0,0.0,0.0,0.0,0.0,0.0,0.0,1.0,0.0,18.730000000000054,18.670000000000055,18.820000000000054,18.400000000000052,0.006427445801837682,0.0032188868994719303,0.0032085589023657505,0.022569469542293673,0.0228399958706146,-1.0,-0.03043246129204491,2021-04-13 07:00:00
2021-04-13 07:00:00,18.82,18.82,17.97,18.16,5191300,0.0,0.0,0.0,0.0,0.0,0.0,0.0,0.0,1.0,0.0,18.16000000000005,18.82000000000005,18.82000000000005,17.970000000000045,-0.030905143282849976,0.0047936177012362835,-0.03569876098408621,0.04621643336176601,0.02444736995383226,-1.0,-0.030286343612334732,2021-04-15 07:00:00
2021-04-14 07:00:00,17.91,18.16,17.73,18.09,3294800,0.0,0.0,0.0,0.0,0.0,0.0,0.0,0.0,1.0,0.0,18.09000000000005,17.910000000000046,18.16000000000005,17.730000000000047,-0.0038620737659435275,-0.013862157100527017,0.01000008333458362,0.023963253087030772,0.02333984268484652,-1.0,-0.026533996683250405,2021-04-15 07:00:00
2021-04-15 07:00:00,18.09,18.16,17.61,17.61,4035000,0.0,0.0,0.0,0.0,0.0,0.0,0.0,0.0,1.0,0.0,17.61000000000005,18.090000000000053,18.160000000000053,17.61000000000005,-0.026892376899088983,2.2204460492503128e-16,-0.026892376899089097,0.030754450665032594,0.02386074028137798,-1.0,-0.05678591709256087,2021-04-22 07:00:00
2021-04-16 07:00:00,17.31,17.64,16.76,17.24,6207600,0.0,0.0,0.0,0.0,0.0,0.0,0.0,0.0,1.0,0.0,17.240000000000048,17.31000000000005,17.64000000000005,16.76000000000005,-0.02123465727256775,-0.0171825533199969,-0.004052103952570886,0.051173955524708034,0.02352975946065534,1.0,0.024941995359629043,2021-04-19 07:00:00
2021-04-19 07:00:00,17.24,17.73,16.94,17.67,3177500,0.0,0.0,0.0,0.0,0.0,0.0,0.0,0.0,1.0,0.0,17.670000000000055,17.24000000000005,17.730000000000057,16.940000000000055,0.024636021096058256,2.2204460492503128e-16,0.02463602109605804,0.045580430862208234,0.023835524072618304,-1.0,-0.059988681380871656,2021-04-22 07:00:00
2021-04-20 07:00:00,17.82,17.85,17.0,17.34,2726600,0.0,0.0,0.0,0.0,0.0,0.0,0.0,0.0,1.0,0.0,17.340000000000053,17.820000000000057,17.85000000000006,17.000000000000053,-0.018852314979209302,0.00845313571105841,-0.02730545069026756,0.04879016416943205,0.02337275316923996,-1.0,-0.04209919261822381,2021-04-22 07:00:00
2021-04-22 07:00:00,17.0,17.34,16.58,16.61,3356300,0.0,0.0,0.0,0.0,0.0,0.0,0.0,0.0,1.0,0.0,16.61000000000005,17.00000000000005,17.34000000000005,16.580000000000044,-0.043011047727192345,-0.01980262729617987,-0.023208420431012584,0.04481882164524702,0.025463428455763257,-1.0,-0.03853100541842247,2021-04-27 07:00:00
2021-04-23 07:00:00,16.52,17.0,16.09,17.0,3311500,0.0,0.0,0.0,0.0,0.0,0.0,0.0,0.0,1.0,0.0,17.00000000000005,16.520000000000046,17.00000000000005,16.090000000000046,0.023208420431012455,-0.005433155532371719,0.028641575963384153,0.05501538305192423,0.025739335467594087,-1.0,-0.04294117647058815,2021-04-26 07:00:00
2021-04-26 07:00:00,17.0,17.0,16.27,16.27,2015500,0.0,0.0,0.0,0.0,0.0,0.0,0.0,0.0,1.0,0.0,16.27000000000005,17.000000000000053,17.000000000000053,16.27000000000005,-0.04389042282526956,2.2204460492503128e-16,-0.043890422825269795,0.04389042282526984,0.027411116983938017,0.0,0.022741241548863034,2021-05-05 07:00:00
2021-04-27 07:00:00,16.21,16.33,15.97,15.97,2776600,0.0,0.0,0.0,0.0,0.0,0.0,0.0,0.0,1.0,0.0,15.97000000000005,16.21000000000005,16.330000000000048,15.97000000000005,-0.01861095900402526,-0.003694585483361564,-0.014916373520663644,0.02229194475545239,0.026312325764162498,1.0,0.04195366311834681,2021-05-05 07:00:00
2021-04-28 07:00:00,16.0,16.33,15.88,16.06,1726000,0.0,0.0,0.0,0.0,0.0,0.0,0.0,0.0,1.0,0.0,16.06000000000005,16.00000000000005,16.330000000000048,15.88000000000005,0.005619746291694365,0.0018767600128601842,0.003742986278834297,0.02794345116338381,0.025360827629781067,1.0,0.036114570361145626,2021-05-05 07:00:00
2021-04-29 07:00:00,16.09,16.7,16.03,16.24,2157900,0.0,0.0,0.0,0.0,0.0,0.0,0.0,0.0,1.0,0.0,16.240000000000048,16.09000000000005,16.700000000000053,16.03000000000005,0.011145626214916323,0.0018662524856762341,0.009279373729239999,0.04094675280124773,0.024713295742473808,1.0,0.039408866995073843,2021-05-06 07:00:00
2021-05-04 07:00:00,15.79,16.61,15.73,16.39,2559400,0.0,0.0,0.0,0.0,0.0,0.0,0.0,0.0,1.0,0.0,16.39000000000005,15.790000000000049,16.610000000000053,15.73000000000005,0.00919405802220662,-0.02810050646598109,0.03729456448818749,0.054435206555016935,0.0238917438624089,1.0,0.029896278218425776,2021-05-06 07:00:00
2021-05-05 07:00:00,16.52,16.73,16.49,16.64,3565600,0.0,0.0,0.0,0.0,0.0,0.0,0.0,0.0,1.0,0.0,16.64000000000005,16.520000000000046,16.73000000000005,16.490000000000045,0.015138042637324165,0.007900375337093328,0.007237667300230823,0.014449378427225457,0.023418287162749955,1.0,0.027043269230769162,2021-05-12 07:00:00
2021-05-06 07:00:00,16.64,17.18,16.52,16.88,4692300,0.0,0.0,0.0,0.0,0.0,0.0,0.0,0.0,1.0,0.0,16.88000000000005,16.64000000000005,17.18000000000005,16.520000000000046,0.014320053774748471,0.0,0.014320053774748471,0.03917414846327739,0.022801142188208525,-1.0,-0.027251184834123032,2021-05-07 07:00:00
2021-05-07 07:00:00,16.88,16.94,16.3,16.42,2877300,0.0,0.0,0.0,0.0,0.0,0.0,0.0,0.0,1.0,0.0,16.42000000000005,16.880000000000052,16.940000000000055,16.30000000000005,-0.0276293851435287,2.2204460492503128e-16,-0.02762938514352881,0.0385125814111919,0.023196769374545685,1.0,0.02436053593179044,2021-05-11 07:00:00
2021-05-10 07:00:00,16.27,16.61,16.06,16.33,2803400,0.0,0.0,0.0,0.0,0.0,0.0,0.0,0.0,1.0,0.0,16.330000000000048,16.27000000000005,16.610000000000053,16.06000000000005,-0.005496197041908556,-0.00917718279333585,0.003680985751427293,0.03367321510658802,0.022078282415138914,1.0,0.030006123698714138,2021-05-11 07:00:00
2021-05-11 07:00:00,16.27,17.31,16.21,16.82,7519400,0.0,0.0,0.0,0.0,0.0,0.0,0.0,0.0,1.0,0.0,16.82000000000005,16.270000000000046,17.31000000000005,16.210000000000047,0.029564747562428363,-0.003680985751427396,0.033245733313855816,0.065656033440533,0.023197716856393612,1.0,0.03269916765755054,2021-05-14 07:00:00
2021-05-12 07:00:00,16.94,17.18,16.76,17.09,3816800,0.0,0.0,0.0,0.0,0.0,0.0,0.0,0.0,1.0,0.0,17.09000000000005,16.94000000000005,17.18000000000005,16.76000000000005,0.01592484258269741,0.007109034679106361,0.008815807903590985,0.024750821502172133,0.022583155817105335,-1.0,-0.036863662960795796,2021-05-18 07:00:00
2021-05-13 07:00:00,17.06,17.31,16.94,17.03,4119800,0.0,0.0,0.0,0.0,0.0,0.0,0.0,0.0,1.0,0.0,17.03000000000005,17.06000000000005,17.31000000000005,16.94000000000005,-0.00351700245290252,-0.0017569550639664733,-0.0017600473889360546,0.021606679964209247,0.021533544190910105,-1.0,-0.03347034644744584,2021-05-18 07:00:00
2021-05-14 07:00:00,17.03,17.61,16.94,17.37,6557900,0.0,0.0,0.0,0.0,0.0,0.0,0.0,0.0,1.0,0.0,17.37000000000005,17.03000000000005,17.61000000000005,16.94000000000005,0.019768085578416587,0.0,0.019768085578416587,0.03878923328420617,0.021247681385013255,-1.0,-0.021301093839954155,2021-05-17 07:00:00
2021-05-17 07:00:00,17.37,17.55,16.88,17.0,3421000,0.0,0.0,0.0,0.0,0.0,0.0,0.0,0.0,1.0,0.0,17.000000000000046,17.370000000000047,17.550000000000047,16.880000000000045,-0.021531236196797702,-2.2204460492503136e-16,-0.021531236196797476,0.03892446074406377,0.021497198227200188,-1.0,-0.031764705882352806,2021-05-18 07:00:00
2021-05-18 07:00:00,16.94,17.0,16.39,16.46,4099800,0.0,0.0,0.0,0.0,0.0,0.0,0.0,0.0,1.0,0.0,16.460000000000047,16.94000000000005,17.00000000000005,16.390000000000047,-0.032280148807292186,-0.003535654832307421,-0.028744493974984776,0.03654195130047776,0.022703213948396975,1.0,0.038274605103280734,2021-05-21 07:00:00
2021-05-19 07:00:00,16.15,16.36,15.97,16.09,5388000,0.0,0.0,0.0,0.0,0.0,0.0,0.0,0.0,1.0,0.0,16.090000000000042,16.15000000000004,16.360000000000042,15.970000000000043,-0.02273523424463209,-0.019013145580258548,-0.0037220886643735927,0.024127368947679872,0.022426763998560362,1.0,0.041640770665009486,2021-05-20 07:00:00
2021-05-20 07:00:00,16.06,16.82,15.91,16.76,4162400,0.0,0.0,0.0,0.0,0.0,0.0,0.0,0.0,1.0,0.0,16.760000000000048,16.06000000000004,16.820000000000046,15.910000000000043,0.040797134049645294,-0.0018662524856762606,0.04266338653532175,0.05562081219510656,0.025330579027866524,1.0,0.09069212410501204,2021-05-24 07:00:00
2021-05-21 07:00:00,16.88,17.31,16.7,17.09,5507700,0.0,0.0,0.0,0.0,0.0,0.0,0.0,0.0,1.0,0.0,17.09000000000005,16.88000000000005,17.31000000000005,16.70000000000005,0.019498402073562696,0.007134394113874111,0.012364007959688441,0.03587564976540843,0.024816543232767285,1.0,0.06963136337039222,2021-05-24 07:00:00
2021-05-24 07:00:00,17.09,18.28,17.09,18.28,13356900,0.0,0.0,0.0,0.0,0.0,0.0,0.0,0.0,1.0,0.0,18.280000000000054,17.09000000000005,18.280000000000054,17.09000000000005,0.0673140688985046,0.0,0.0673140688985046,0.0673140688985046,0.030796049149021888,1.0,0.0448577680525164,2021-05-28 07:00:00
2021-05-25 07:00:00,18.4,18.58,17.94,17.94,6398800,0.0,0.0,0.0,0.0,0.0,0.0,0.0,0.0,1.0,0.0,17.940000000000055,18.400000000000052,18.58000000000005,17.940000000000055,-0.01877470939535383,0.006543098588935887,-0.025317807984289672,0.03505287675504209,0.030374225336904787,1.0,0.04905239687848373,2021-05-27 07:00:00
2021-05-26 07:00:00,17.82,18.52,17.73,18.34,8263200,0.0,0.0,0.0,0.0,0.0,0.0,0.0,0.0,1.0,0.0,18.340000000000057,17.820000000000057,18.520000000000056,17.730000000000057,0.02205161019766886,-0.006711434587986692,0.02876304478565541,0.043593109131916705,0.029325927249961147,1.0,0.04143947655398028,2021-05-28 07:00:00
2021-05-27 07:00:00,18.34,19.43,18.34,18.82,8583300,0.0,0.0,0.0,0.0,0.0,0.0,0.0,0.0,1.0,0.0,18.820000000000057,18.340000000000057,19.43000000000006,18.340000000000057,0.025835667328914673,0.0,0.025835667328914673,0.05773379656102984,0.028468725294039814,1.0,0.02922422954303938,2021-05-31 07:00:00
2021-05-28 07:00:00,19.25,19.37,18.91,19.1,5309000,0.0,0.0,0.0,0.0,0.0,0.0,0.0,0.0,1.0,0.0,19.10000000000006,19.250000000000057,19.370000000000058,18.910000000000053,0.01476820089535052,0.0225909265765596,-0.007822725681208932,0.024034594748538484,0.02713984690866922,1.0,0.03298429319371721,2021-06-01 07:00:00
2021-05-31 07:00:00,18.94,19.43,18.49,19.37,7717600,0.0,0.0,0.0,0.0,0.0,0.0,0.0,0.0,1.0,0.0,19.37000000000006,18.94000000000006,19.43000000000006,18.490000000000055,0.014037142366320384,-0.008412247294651743,0.022449389660972315,0.04958821799031527,0.025854225055110307,0.0,-0.012390294269489122,2021-06-07 07:00:00
2021-06-01 07:00:00,19.49,20.34,19.49,19.73,5572300,0.0,0.0,0.0,0.0,0.0,0.0,0.0,0.0,1.0,0.0,19.730000000000057,19.490000000000055,20.34000000000006,19.490000000000055,0.01841484261561914,0.006176036100564603,0.012238806515054561,0.04268787710094456,0.024729766228748375,-1.0,-0.02736948808920414,2021-06-02 07:00:00
2021-06-02 07:00:00,19.55,19.86,19.01,19.19,7367900,0.0,0.0,0.0,0.0,0.0,0.0,0.0,0.0,1.0,0.0,19.190000000000058,19.550000000000058,19.860000000000056,19.010000000000055,-0.027751010014915315,-0.009165033603149124,-0.018585976411766174,0.043742502116688585,0.026204297156767982,1.0,0.03335070349140179,2021-06-04 07:00:00
2021-06-03 07:00:00,19.43,19.67,19.13,19.52,7911900,0.0,0.0,0.0,0.0,0.0,0.0,0.0,0.0,1.0,0.0,19.52000000000006,19.43000000000006,19.670000000000062,19.13000000000006,0.01705027096533788,0.01242895336974021,0.004621317595597692,0.027836848948806177,0.025110555619061607,-1.0,-0.05122950819672156,2021-06-08 07:00:00
2021-06-04 07:00:00,19.55,20.04,19.55,19.83,7540200,0.0,0.0,0.0,0.0,0.0,0.0,0.0,0.0,1.0,0.0,19.83000000000006,19.55000000000006,20.040000000000063,19.55000000000006,0.01575636154675804,0.001535705446428386,0.014220656100329724,0.024754989785289193,0.02400172735484307,-1.0,-0.03530005042864348,2021-06-07 07:00:00
2021-06-07 07:00:00,19.95,19.98,18.46,19.13,7216200,0.0,0.0,0.0,0.0,0.0,0.0,0.0,0.0,1.0,0.0,19.130000000000056,19.950000000000056,19.980000000000057,18.460000000000054,-0.03593815907954311,0.006033200804167692,-0.04197135988371091,0.07912554414570125,0.026486813252018196,-1.0,-0.03188708834291698,2021-06-08 07:00:00
2021-06-08 07:00:00,19.52,20.01,18.45,18.52,7883400,0.0,0.0,0.0,0.0,0.0,0.0,0.0,0.0,1.0,0.0,18.520000000000053,19.520000000000056,20.01000000000006,18.450000000000053,-0.03240655423412828,0.020181797532784884,-0.052588351766913136,0.08116777810910598,0.02752530617615112,-1.0,-0.05345572354211636,2021-06-10 07:00:00
2021-06-09 07:00:00,18.17,18.49,17.39,18.35,6433300,0.0,0.0,0.0,0.0,0.0,0.0,0.0,0.0,1.0,0.0,18.35000000000006,18.17000000000006,18.490000000000055,17.390000000000054,-0.00922165471745368,-0.01907934680995314,0.009857692092499313,0.06133471703284167,0.02635859497477258,-1.0,-0.0446866485013625,2021-06-10 07:00:00
2021-06-10 07:00:00,18.1,18.24,17.39,17.53,7400000,0.0,0.0,0.0,0.0,0.0,0.0,0.0,0.0,1.0,0.0,17.530000000000054,18.10000000000006,18.240000000000055,17.390000000000054,-0.04571587556743626,-0.013717636228799195,-0.03199823933863705,0.04772165627999367,0.028594204255277367,1.0,0.03251568739304056,2021-06-14 07:00:00
2021-06-11 07:00:00,17.53,18.1,17.39,17.88,5915700,0.0,0.0,0.0,0.0,0.0,0.0,0.0,0.0,1.0,0.0,17.880000000000052,17.53000000000005,18.100000000000055,17.39000000000005,0.01976907081222467,-2.2204460492503136e-16,0.019769070812224888,0.040016609905588495,0.0281567025516975,1.0,0.039709172259507985,2021-06-15 07:00:00
2021-06-14 07:00:00,17.96,18.38,17.74,18.1,4313300,0.0,0.0,0.0,0.0,0.0,0.0,0.0,0.0,1.0,0.0,18.10000000000006,17.960000000000058,18.380000000000056,17.740000000000055,0.012229168526412383,0.004464293128685749,0.007764875397726602,0.03544114004610745,0.027128300507521463,1.0,0.03149171270718232,2021-06-16 07:00:00
2021-06-15 07:00:00,18.1,18.74,17.85,18.59,5490100,0.0,0.0,0.0,0.0,0.0,0.0,0.0,0.0,1.0,0.0,18.590000000000057,18.10000000000006,18.740000000000055,17.85000000000006,0.02671186346157251,0.0,0.02671186346157251,0.04865676858462767,0.02709668886540741,1.0,0.032813340505648325,2021-06-18 07:00:00
2021-06-16 07:00:00,18.74,19.27,18.59,18.67,7697300,0.0,0.0,0.0,0.0,0.0,0.0,0.0,0.0,1.0,0.0,18.67000000000006,18.740000000000055,19.27000000000006,18.590000000000057,0.00429415582027864,0.008036475076923422,-0.0037423192566447424,0.0359256806929224,0.025784425811854046,1.0,0.028387787895018723,2021-06-18 07:00:00
2021-06-17 07:00:00,18.1,18.88,18.1,18.67,4574800,0.0,0.0,0.0,0.0,0.0,0.0,0.0,0.0,1.0,0.0,18.67000000000006,18.10000000000006,18.88000000000006,18.10000000000006,0.0,-0.031006019281851094,0.03100601928185118,0.04219122244557444,0.024534044847624864,1.0,0.028387787895018723,2021-06-18 07:00:00
2021-06-18 07:00:00,18.74,19.52,18.45,19.2,10892800,0.0,0.0,0.0,0.0,0.0,0.0,0.0,0.0,1.0,0.0,19.20000000000006,18.740000000000055,19.52000000000006,18.450000000000056,0.027992321480104596,0.0037423192566447467,0.02425000222345992,0.05637521049841026,0.024623958288794184,-1.0,-0.050000000000000266,2021-06-23 07:00:00
2021-06-21 07:00:00,19.16,19.41,18.98,19.09,5415900,0.0,0.0,0.0,0.0,0.0,0.0,0.0,0.0,1.0,0.0,19.090000000000057,19.160000000000057,19.410000000000057,18.980000000000054,-0.005745641296079736,-0.0020855064910214817,-0.0036601348050582104,0.022402603999137138,0.02361998211859583,-1.0,-0.04452592980618142,2021-06-23 07:00:00
2021-06-22 07:00:00,19.23,19.3,18.81,18.95,3702100,0.0,0.0,0.0,0.0,0.0,0.0,0.0,0.0,1.0,0.0,18.950000000000056,19.23000000000006,19.30000000000006,18.810000000000056,-0.0073607062092208575,0.007306921863032304,-0.014667628072253244,0.02571645259790114,0.022700528239933983,-1.0,-0.037467018469657165,2021-06-23 07:00:00
2021-06-23 07:00:00,18.88,18.91,18.2,18.24,7469200,0.0,0.0,0.0,0.0,0.0,0.0,0.0,0.0,1.0,0.0,18.24000000000005,18.880000000000052,18.910000000000053,18.200000000000053,-0.0381869468822502,-0.0037007708110809554,-0.0344861760711692,0.03826928858761633,0.024811481539401607,1.0,0.027412280701754277,2021-06-28 07:00:00
2021-06-24 07:00:00,18.17,18.38,17.88,18.03,4146700,0.0,0.0,0.0,0.0,0.0,0.0,0.0,0.0,1.0,0.0,18.030000000000054,18.170000000000055,18.380000000000052,17.880000000000052,-0.011579947430959197,-0.0038451022381052885,-0.007734845192853946,0.027580347182172886,0.023796006722759326,1.0,0.03937881308929536,2021-06-28 07:00:00
2021-06-25 07:00:00,18.03,18.28,17.78,18.17,3732300,0.0,0.0,0.0,0.0,0.0,0.0,0.0,0.0,1.0,0.0,18.170000000000055,18.030000000000054,18.280000000000054,17.78000000000005,0.007734845192853907,0.0,0.007734845192853907,0.027733335940245473,0.022840739286796495,1.0,0.03137039075398973,2021-06-28 07:00:00
2021-06-28 07:00:00,18.13,18.81,18.03,18.74,6787100,0.0,0.0,0.0,0.0,0.0,0.0,0.0,0.0,1.0,0.0,18.74000000000005,18.130000000000052,18.810000000000052,18.030000000000054,0.03088839440219596,-0.0022038576413202825,0.03309225204351632,0.042351606097712866,0.023810839786170424,-1.0,-0.028815368196371316,2021-06-30 07:00:00
2021-06-29 07:00:00,18.81,18.81,18.45,18.52,2988800,0.0,0.0,0.0,0.0,0.0,0.0,0.0,0.0,1.0,0.0,18.520000000000053,18.810000000000052,18.810000000000052,18.450000000000053,-0.011809047592242695,0.0037283665026628604,-0.015537414094905576,0.019324272826402842,0.023006707560015386,-1.0,-0.04589632829373602,2021-07-05 07:00:00
2021-06-30 07:00:00,18.52,18.52,18.2,18.2,2660800,0.0,0.0,0.0,0.0,0.0,0.0,0.0,0.0,1.0,0.0,18.200000000000053,18.520000000000053,18.520000000000053,18.200000000000053,-0.017429635135283648,0.0,-0.017429635135283648,0.017429635135283596,0.02252845329791446,-1.0,-0.029120879120878684,2021-07-05 07:00:00
2021-07-01 07:00:00,18.2,18.45,18.03,18.42,3660900,0.0,0.0,0.0,0.0,0.0,0.0,0.0,0.0,1.0,0.0,18.42000000000006,18.200000000000056,18.450000000000056,18.030000000000058,0.012015436744411516,2.2204460492503128e-16,0.012015436744411297,0.023027333271310055,0.021803860676973923,-1.0,-0.04071661237785007,2021-07-05 07:00:00
2021-07-02 07:00:00,18.52,18.52,18.1,18.1,4055600,0.0,0.0,0.0,0.0,0.0,0.0,0.0,0.0,1.0,0.0,18.10000000000006,18.520000000000056,18.520000000000056,18.10000000000006,-0.01752509255538073,0.00541419839087232,-0.022939290946253115,0.022939290946253008,0.02139466303845211,-1.0,-0.023756906077347928,2021-07-05 07:00:00
2021-07-05 07:00:00,18.1,18.13,17.6,17.67,4773800,0.0,0.0,0.0,0.0,0.0,0.0,0.0,0.0,1.0,0.0,17.67000000000006,18.10000000000006,18.130000000000056,17.600000000000055,-0.024043651940174892,0.0,-0.024043651940174892,0.029669122722653516,0.02143008890050489,-1.0,-0.06791171477079805,2021-07-06 07:00:00
2021-07-06 07:00:00,17.74,17.74,16.47,16.47,5408200,0.0,0.0,0.0,0.0,0.0,0.0,0.0,0.0,1.0,0.0,16.470000000000052,17.74000000000006,17.74000000000006,16.470000000000052,-0.07032774214205617,0.003953690549828329,-0.07428143269188467,0.0742814326918846,0.028568446015389916,-1.0,-0.030358227079538613,2021-07-07 07:00:00
2021-07-07 07:00:00,16.25,16.47,15.51,15.97,5843200,0.0,0.0,0.0,0.0,0.0,0.0,0.0,0.0,1.0,0.0,15.97000000000005,16.25000000000005,16.47000000000005,15.510000000000048,-0.03082858196262795,-0.013447635413802566,-0.017380946548825355,0.06005556700110134,0.027875427363563684,1.0,0.031308703819661776,2021-07-08 07:00:00
2021-07-08 07:00:00,16.32,17.03,16.22,16.47,4320900,0.0,0.0,0.0,0.0,0.0,0.0,0.0,0.0,1.0,0.0,16.470000000000052,16.320000000000054,17.030000000000058,16.220000000000052,0.0308285819626278,0.021679387309039955,0.009149194653587862,0.04873144598733018,0.02950702227897979,0.0,-0.010928961748633781,2021-07-15 07:00:00
2021-07-09 07:00:00,16.54,16.68,15.61,16.68,3355000,0.0,0.0,0.0,0.0,0.0,0.0,0.0,0.0,1.0,0.0,16.680000000000053,16.54000000000005,16.680000000000053,15.610000000000047,0.012669852741051686,0.004241145405995986,0.00842870733505575,0.06629866240326025,0.028753207034391604,-1.0,-0.029976019184652425,2021-07-12 07:00:00
2021-07-12 07:00:00,16.39,16.39,15.54,16.18,5701400,0.0,0.0,0.0,0.0,0.0,0.0,0.0,0.0,1.0,0.0,16.18000000000005,16.39000000000005,16.39000000000005,15.540000000000047,-0.03043448530025522,-0.0175390041748625,-0.012895481125392677,0.05325404781623701,0.02831530278636154,1.0,0.03708281829419047,2021-07-16 07:00:00
2021-07-13 07:00:00,15.97,16.22,15.61,16.18,2159900,0.0,0.0,0.0,0.0,0.0,0.0,0.0,0.0,1.0,0.0,16.18000000000005,15.97000000000005,16.22000000000005,15.610000000000047,0.0,-0.013063949403424514,0.013063949403424431,0.03833331415992621,0.02705206423070852,1.0,0.03708281829419047,2021-07-16 07:00:00
2021-07-14 07:00:00,16.11,16.68,15.76,16.15,3196900,0.0,0.0,0.0,0.0,0.0,0.0,0.0,0.0,1.0,0.0,16.15000000000005,16.11000000000005,16.680000000000053,15.76000000000005,-0.0018558619616801562,-0.004335714441462677,0.0024798524797825334,0.056735312500867746,0.025789919977380206,1.0,0.03900928792569691,2021-07-16 07:00:00
2021-07-15 07:00:00,15.86,16.54,15.86,16.29,1987800,0.0,0.0,0.0,0.0,0.0,0.0,0.0,0.0,1.0,0.0,16.290000000000052,15.860000000000053,16.540000000000056,15.860000000000053,0.008631372945288358,-0.018119833461963313,0.026751206407251822,0.04198147338884342,0.0249822275863397,1.0,0.030079803560466578,2021-07-16 07:00:00
2021-07-16 07:00:00,16.29,16.89,16.25,16.78,4053500,0.0,0.0,0.0,0.0,0.0,0.0,0.0,0.0,1.0,0.0,16.780000000000054,16.29000000000005,16.890000000000054,16.25000000000005,0.02963627842510639,-2.2204460492503136e-16,0.029636278425106605,0.038628822043962396,0.026020692108152933,-1.0,-0.0697258641239572,2021-07-19 07:00:00
2021-07-19 07:00:00,16.08,16.68,15.61,15.61,5933700,0.0,0.0,0.0,0.0,0.0,0.0,0.0,0.0,1.0,0.0,15.61000000000005,16.080000000000048,16.680000000000053,15.610000000000047,-0.07227596651171954,-0.04261143728824012,-0.029664529223479463,0.06629866240326025,0.03252419978236524,1.0,0.0685458039718132,2021-07-22 07:00:00
2021-07-20 07:00:00,15.68,15.97,14.98,15.83,3168200,0.0,0.0,0.0,0.0,0.0,0.0,0.0,0.0,1.0,0.0,15.830000000000052,15.680000000000051,15.970000000000054,14.98000000000005,0.013995139365580157,0.004474280394921107,0.009520858970659036,0.06399598413784777,0.03169492627962933,1.0,0.05369551484523072,2021-07-22 07:00:00
2021-07-21 07:00:00,15.83,16.08,15.61,15.61,2280800,0.0,0.0,0.0,0.0,0.0,0.0,0.0,0.0,1.0,0.0,15.610000000000051,15.830000000000053,16.08000000000005,15.610000000000051,-0.013995139365580073,2.2204460492503128e-16,-0.013995139365580186,0.02966452922347964,0.030227677372042388,1.0,0.06854580397181298,2021-07-22 07:00:00
2021-07-22 07:00:00,15.58,16.68,15.44,16.68,7460500,0.0,0.0,0.0,0.0,0.0,0.0,0.0,0.0,1.0,0.0,16.680000000000057,15.580000000000052,16.680000000000057,15.440000000000051,0.06629866240326004,-0.0019236940847384802,0.06822235648799861,0.07724885233397065,0.03632305908476857,1.0,0.04856115107913639,2021-07-26 07:00:00
2021-07-23 07:00:00,16.82,17.39,16.64,16.68,7180600,0.0,0.0,0.0,0.0,0.0,0.0,0.0,0.0,1.0,0.0,16.680000000000057,16.820000000000057,17.390000000000057,16.640000000000057,0.0,0.008358257614201245,-0.008358257614201248,0.04408589297312895,0.034550312783517875,1.0,0.04856115107913639,2021-07-26 07:00:00
2021-07-26 07:00:00,16.54,17.74,16.47,17.49,6889400,0.0,0.0,0.0,0.0,0.0,0.0,0.0,0.0,1.0,0.0,17.490000000000055,16.540000000000056,17.74000000000006,16.470000000000052,0.04741889209990972,-0.008428707335055503,0.055847599434965256,0.0742814326918846,0.035874414110627945,1.0,0.03887935963407663,2021-07-30 07:00:00
2021-07-27 07:00:00,17.74,17.78,17.03,17.39,6942500,0.0,0.0,0.0,0.0,0.0,0.0,0.0,0.0,1.0,0.0,17.390000000000057,17.74000000000006,17.78000000000006,17.030000000000058,-0.005733960664318916,0.014192687850922866,-0.01992664851524174,0.04309773541116177,0.03425435775949534,1.0,0.04485336400230011,2021-07-30 07:00:00
2021-07-28 07:00:00,17.32,18.1,17.25,17.71,7046200,0.0,0.0,0.0,0.0,0.0,0.0,0.0,0.0,1.0,0.0,17.710000000000058,17.320000000000054,18.10000000000006,17.250000000000053,0.018234123428550415,-0.00403342523190274,0.022267548660453225,0.04809979479441138,0.032893149301615174,1.0,0.03613777526820994,2021-08-03 07:00:00
2021-07-29 07:00:00,17.78,17.88,17.53,17.85,5504400,0.0,0.0,0.0,0.0,0.0,0.0,0.0,0.0,1.0,0.0,17.85000000000006,17.780000000000058,17.880000000000056,17.530000000000054,0.007874056430905866,0.003944778291016325,0.003929278139889557,0.019769070812224888,0.03130238171407964,1.0,0.08123249299719881,2021-08-04 07:00:00
2021-07-30 07:00:00,17.88,18.56,17.81,18.17,8428600,0.0,0.0,0.0,0.0,0.0,0.0,0.0,0.0,1.0,0.0,18.17000000000006,17.880000000000056,18.560000000000056,17.810000000000056,0.01776837418243167,0.0016792615197197722,0.016089112662711756,0.04124863005648404,0.030022303292986642,1.0,0.06219042377545403,2021-08-04 07:00:00
2021-08-02 07:00:00,17.92,18.52,17.88,17.96,5303900,0.0,0.0,0.0,0.0,0.0,0.0,0.0,0.0,1.0,0.0,17.960000000000054,17.920000000000055,18.520000000000053,17.880000000000052,-0.011624819534026432,-0.013854474861295606,0.0022296553272690683,0.03516845947266512,0.029057343180835537,1.0,0.07461024498886437,2021-08-04 07:00:00
2021-08-03 07:00:00,17.99,18.42,17.85,18.35,7361000,0.0,0.0,0.0,0.0,0.0,0.0,0.0,0.0,1.0,0.0,18.35000000000006,17.990000000000055,18.42000000000006,17.85000000000006,0.021482511626525792,0.0016689850883881618,0.019813526538137692,0.031433522601512595,0.028107950723278517,1.0,0.05177111716621252,2021-08-04 07:00:00
2021-08-04 07:00:00,18.7,19.52,18.67,19.3,19655200,0.0,0.0,0.0,0.0,0.0,0.0,0.0,0.0,1.0,0.0,19.30000000000006,18.700000000000056,19.52000000000006,18.67000000000006,0.05047552141026058,0.018893949359961394,0.03158157205029905,0.044521623431315105,0.029887105249148872,1.0,0.06839378238341953,2021-08-06 07:00:00
2021-08-05 07:00:00,19.3,19.98,19.2,19.69,10349700,0.0,0.0,0.0,0.0,0.0,0.0,0.0,0.0,1.0,0.0,19.69000000000006,19.30000000000006,19.98000000000006,19.20000000000006,0.020005796740194245,0.0,0.020005796740194245,0.03982149418667151,0.028576746207957516,1.0,0.047232097511426874,2021-08-06 07:00:00
2021-08-06 07:00:00,19.73,21.04,19.45,20.62,17865900,0.0,0.0,0.0,0.0,0.0,0.0,0.0,0.0,1.0,0.0,20.62000000000006,19.730000000000057,21.04000000000006,19.450000000000056,0.04615058593777946,0.0020294273834896024,0.04412115855428989,0.07857831780505371,0.029141543626148854,1.0,0.06013579049466533,2021-08-09 07:00:00
2021-08-09 07:00:00,20.79,21.93,20.76,21.86,14605800,0.0,0.0,0.0,0.0,0.0,0.0,0.0,0.0,1.0,0.0,21.860000000000063,20.79000000000006,21.930000000000064,20.760000000000062,0.058397004159578596,0.008210623281107525,0.05018638087847092,0.054827504132108844,0.030698870792711396,1.0,0.05672461116193972,2021-08-12 07:00:00
2021-08-10 07:00:00,22.14,22.32,21.11,21.5,22463500,0.0,0.0,0.0,0.0,0.0,0.0,0.0,0.0,1.0,0.0,21.50000000000006,22.140000000000065,22.320000000000064,21.11000000000006,-0.016605547614775513,0.012727444532098241,-0.029332992146873828,0.05573627565288108,0.031082460296116984,1.0,0.07441860465116301,2021-08-12 07:00:00
2021-08-11 07:00:00,21.5,21.89,21.08,21.72,15671800,0.0,0.0,0.0,0.0,0.0,0.0,0.0,0.0,1.0,0.0,21.720000000000063,21.50000000000006,21.890000000000065,21.08000000000006,0.010180559932117743,0.0,0.010180559932117743,0.037705187861610125,0.02960696580942698,1.0,0.06353591160221006,2021-08-12 07:00:00
2021-08-12 07:00:00,22.0,23.21,22.0,23.1,18911600,0.0,0.0,0.0,0.0,0.0,0.0,0.0,0.0,1.0,0.0,23.10000000000007,22.000000000000064,23.21000000000007,22.000000000000064,0.061599122462013274,0.012808958292581241,0.04879016416943205,0.05354076692802976,0.03147893389823487,1.0,0.04458874458874429,2021-08-13 07:00:00
2021-08-13 07:00:00,22.71,24.56,21.93,24.13,15929400,0.0,0.0,0.0,0.0,0.0,0.0,0.0,0.0,1.0,0.0,24.130000000000067,22.710000000000065,24.56000000000007,21.930000000000064,0.04362326210919222,-0.017027261410280933,0.060650523519473164,0.11326354084914478,0.030822315701930874,-1.0,-0.054289266473269926,2021-08-17 07:00:00
2021-08-16 07:00:00,24.84,24.84,24.06,24.06,13009500,0.0,0.0,0.0,0.0,0.0,0.0,0.0,0.0,1.0,0.0,24.060000000000066,24.84000000000007,24.84000000000007,24.06000000000007,-0.0029051690904075,0.028999377428337737,-0.031904546518745344,0.03190454651874507,0.03023669366504532,-1.0,-0.05153782211138824,2021-08-17 07:00:00
2021-08-17 07:00:00,23.74,23.81,22.82,22.82,17656000,0.0,0.0,0.0,0.0,0.0,0.0,0.0,0.0,1.0,0.0,22.82000000000006,23.740000000000062,23.810000000000063,22.82000000000006,-0.052913366112603284,-0.013389321365010975,-0.03952404474759241,0.04246831606484178,0.03606120402308571,1.0,0.057405784399649384,2021-08-18 07:00:00
2021-08-18 07:00:00,22.71,24.41,22.64,24.13,12154000,0.0,0.0,0.0,0.0,0.0,0.0,0.0,0.0,1.0,0.0,24.130000000000063,22.71000000000006,24.410000000000064,22.64000000000006,0.05581853520301074,-0.004831988316462437,0.060650523519473164,0.07527463106988641,0.036704901541689094,-1.0,-0.04392871943638621,2021-08-20 07:00:00
2021-08-19 07:00:00,24.49,25.05,24.49,24.7,7994000,0.0,0.0,0.0,0.0,0.0,0.0,0.0,0.0,1.0,0.0,24.700000000000067,24.490000000000062,25.050000000000068,24.490000000000062,0.023347363996991322,0.014808991327135992,0.008538372669855264,0.022608956566797685,0.03497294239850007,-1.0,-0.06599190283400813,2021-08-20 07:00:00
2021-08-20 07:00:00,24.38,24.77,22.99,23.07,22874200,0.0,0.0,0.0,0.0,0.0,0.0,0.0,0.0,1.0,0.0,23.07000000000006,24.380000000000063,24.770000000000067,22.99000000000006,-0.06827017144826925,-0.013040119580806147,-0.055230051867463166,0.07457390472617809,0.04206491096540093,-1.0,-0.05851755526658009,2021-08-24 07:00:00
2021-08-23 07:00:00,22.89,23.78,22.43,23.03,13341300,0.0,0.0,0.0,0.0,0.0,0.0,0.0,0.0,1.0,0.0,23.030000000000065,22.890000000000068,23.78000000000007,22.430000000000064,-0.001735358353068254,-0.007832938221186612,0.0060975798681183165,0.05844554273051891,0.040143924761563934,-1.0,-0.056882327399044974,2021-08-24 07:00:00
2021-08-24 07:00:00,23.42,23.56,21.65,21.72,13581300,0.0,0.0,0.0,0.0,0.0,0.0,0.0,0.0,1.0,0.0,21.720000000000056,23.420000000000066,23.560000000000063,21.650000000000055,-0.058564218766859404,0.016792644336977445,-0.07535686310383687,0.08454490433488729,0.04313325601723269,1.0,0.06860036832412542,2021-08-25 07:00:00
2021-08-25 07:00:00,21.86,23.21,21.72,23.21,9676500,0.0,0.0,0.0,0.0,0.0,0.0,0.0,0.0,1.0,0.0,23.210000000000065,21.860000000000056,23.21000000000006,21.720000000000056,0.06634972522061115,0.006424987682657741,0.05992473753795335,0.06634972522061115,0.04541345333573338,1.0,0.06721240844463594,2021-08-31 07:00:00
2021-08-26 07:00:00,23.63,23.78,22.71,23.1,8716500,0.0,0.0,0.0,0.0,0.0,0.0,0.0,0.0,1.0,0.0,23.10000000000007,23.630000000000067,23.78000000000007,22.710000000000065,-0.004750602758597641,0.017933870912470784,-0.022684473671068465,0.046039535145168724,0.043363389973051766,1.0,0.07229437229437208,2021-08-31 07:00:00
2021-08-27 07:00:00,22.71,24.49,22.64,23.92,17419500,0.0,0.0,0.0,0.0,0.0,0.0,0.0,0.0,1.0,0.0,23.92000000000007,22.710000000000065,24.49000000000007,22.640000000000065,0.034882311554683104,-0.017027261410280933,0.051909572964964006,0.07854661762909411,0.04211365232367719,1.0,0.05769230769230749,2021-09-01 07:00:00
2021-08-30 07:00:00,23.99,24.41,23.63,23.92,11127900,0.0,0.0,0.0,0.0,0.0,0.0,0.0,0.0,1.0,0.0,23.92000000000007,23.990000000000066,24.41000000000007,23.630000000000067,0.0,0.0029221477691719674,-0.002922147769172051,0.032475793206052324,0.040156823076805966,1.0,0.05769230769230749,2021-09-01 07:00:00
2021-08-31 07:00:00,23.99,25.27,23.78,24.77,18841000,0.0,0.0,0.0,0.0,0.0,0.0,0.0,0.0,1.0,0.0,24.77000000000007,23.990000000000066,25.270000000000074,23.78000000000007,0.034918314418837096,0.0029221477691719674,0.03199616664966503,0.060773030137467106,0.0390193767364456,-1.0,-0.046023415421881486,2021-09-07 07:00:00
2021-09-01 07:00:00,24.7,25.55,24.56,25.3,8905000,0.0,0.0,0.0,0.0,0.0,0.0,0.0,0.0,1.0,0.0,25.300000000000068,24.700000000000067,25.550000000000068,24.560000000000063,0.021171152232206315,-0.0028299998673367785,0.024001152099543045,0.0395182133707719,0.037241636857503875,-1.0,-0.06600790513833998,2021-09-07 07:00:00
2021-09-06 07:00:00,25.51,25.73,24.73,24.77,12458200,0.0,0.0,0.0,0.0,0.0,0.0,0.0,0.0,1.0,0.0,24.770000000000064,25.51000000000007,25.730000000000068,24.730000000000068,-0.021171152232206464,0.008266136420245429,-0.02943728865245199,0.039640544760327925,0.036801231833932455,-1.0,-0.046023415421881264,2021-09-07 07:00:00
2021-09-07 07:00:00,24.49,24.63,23.42,23.63,18877300,0.0,0.0,0.0,0.0,0.0,0.0,0.0,0.0,1.0,0.0,23.630000000000063,24.490000000000062,24.630000000000063,23.420000000000066,-0.047116152302451676,-0.011368372537191888,-0.035747779765259766,0.050374853962875096,0.03884408186505598,-1.0,-0.04655099449851874,2021-09-14 07:00:00
2021-09-08 07:00:00,23.46,24.17,23.46,23.85,6705600,0.0,0.0,0.0,0.0,0.0,0.0,0.0,0.0,1.0,0.0,23.850000000000065,23.460000000000065,24.170000000000066,23.460000000000065,0.009267126135533736,-0.00722024797348702,0.01648737410902083,0.029815351490062116,0.03698935088668445,-1.0,-0.05534591194968552,2021-09-14 07:00:00
2021-09-09 07:00:00,24.13,24.34,23.78,24.2,4133100,0.0,0.0,0.0,0.0,0.0,0.0,0.0,0.0,1.0,0.0,24.200000000000063,24.130000000000063,24.340000000000064,23.780000000000065,0.014568415828290413,0.011671662302589992,0.0028967535257004135,0.02327619629674516,0.035327021745623396,-1.0,-0.045454545454545414,2021-09-13 07:00:00
2021-09-10 07:00:00,24.34,24.34,23.85,23.92,6236900,0.0,0.0,0.0,0.0,0.0,0.0,0.0,0.0,1.0,0.0,23.920000000000066,24.340000000000064,24.340000000000064,23.850000000000065,-0.011637704080209598,0.005768454396740448,-0.01740615847694996,0.02033687022503074,0.033975340607453976,-1.0,-0.03428093645484953,2021-09-13 07:00:00
2021-09-13 07:00:00,23.95,24.13,22.96,23.1,13771600,0.0,0.0,0.0,0.0,0.0,0.0,0.0,0.0,1.0,0.0,23.100000000000062,23.950000000000063,24.130000000000063,22.96000000000006,-0.03488231155468317,0.0012533947744931152,-0.03613570632917632,0.049702308185574695,0.034315871825146664,1.0,0.04632034632034632,2021-09-17 07:00:00
2021-09-14 07:00:00,22.92,23.39,22.07,22.53,11020500,0.0,0.0,0.0,0.0,0.0,0.0,0.0,0.0,1.0,0.0,22.53000000000006,22.920000000000062,23.390000000000065,22.07000000000006,-0.024984863083594742,-0.007822725681209045,-0.01716213740238575,0.058089360327442725,0.03348273753740789,1.0,0.04260985352862834,2021-09-16 07:00:00
2021-09-15 07:00:00,22.5,23.42,22.36,22.99,4802900,0.0,0.0,0.0,0.0,0.0,0.0,0.0,0.0,1.0,0.0,22.99000000000006,22.50000000000006,23.420000000000066,22.36000000000006,0.020211584330936904,-0.001332445233778712,0.02154402956471563,0.046316709882672905,0.03257916960971286,1.0,0.05132666376685524,2021-09-17 07:00:00
2021-09-16 07:00:00,23.31,23.56,23.03,23.49,5163400,0.0,0.0,0.0,0.0,0.0,0.0,0.0,0.0,1.0,0.0,23.49000000000006,23.31000000000006,23.560000000000063,23.03000000000006,0.021515459895731278,0.013823114272575597,0.007692345623155645,0.022752644950792066,0.03168414546916975,-1.0,-0.033205619412515874,2021-09-20 07:00:00
2021-09-17 07:00:00,23.85,24.34,23.63,24.17,9864000,0.0,0.0,0.0,0.0,0.0,0.0,0.0,0.0,1.0,0.0,24.170000000000062,23.85000000000006,24.34000000000006,23.630000000000056,0.028537396044570337,0.015209418663528708,0.013327977381041562,0.029603996360564832,0.031203743175196818,-1.0,-0.060405461315680586,2021-09-20 07:00:00
2021-09-20 07:00:00,23.74,24.06,22.71,22.71,11818300,0.0,0.0,0.0,0.0,0.0,0.0,0.0,0.0,1.0,0.0,22.710000000000058,23.740000000000055,24.06000000000006,22.710000000000058,-0.06230683859792453,-0.017950805533869917,-0.04435603306405472,0.05774535442906569,0.035814223683884726,-1.0,-0.08102157639806251,2021-09-27 07:00:00
2021-09-21 07:00:00,22.07,23.28,21.72,22.78,11863300,0.0,0.0,0.0,0.0,0.0,0.0,0.0,0.0,1.0,0.0,22.780000000000058,22.070000000000054,23.280000000000058,21.720000000000052,0.0030776019015689047,-0.028586135848822206,0.03166373775039113,0.06936112779750253,0.03410172032818163,-1.0,-0.08384547848990342,2021-09-27 07:00:00
2021-09-22 07:00:00,22.92,23.21,22.57,22.85,4831000,0.0,0.0,0.0,0.0,0.0,0.0,0.0,0.0,1.0,0.0,22.85000000000006,22.92000000000006,23.210000000000058,22.570000000000057,0.0030681593211776266,0.006126933827502738,-0.0030587745063251357,0.02796162945690123,0.032467688540834226,-1.0,-0.086652078774617,2021-09-27 07:00:00
2021-09-23 07:00:00,23.07,23.53,22.57,22.57,5532200,0.0,0.0,0.0,0.0,0.0,0.0,0.0,0.0,1.0,0.0,22.570000000000057,23.070000000000057,23.530000000000058,22.570000000000057,-0.012329526510769441,0.009581954845448536,-0.0219114813562179,0.04165461190982673,0.031065682920417236,-1.0,-0.07532122286220644,2021-09-27 07:00:00
2021-09-24 07:00:00,22.57,22.82,22.43,22.43,4210900,0.0,0.0,0.0,0.0,0.0,0.0,0.0,0.0,1.0,0.0,22.430000000000057,22.570000000000057,22.820000000000057,22.430000000000053,-0.00622224229732737,0.0,-0.00622224229732737,0.017237995901812745,0.029573914648780855,-1.0,-0.0695497102095407,2021-09-27 07:00:00
2021-09-27 07:00:00,22.39,22.64,20.87,20.87,10003500,0.0,0.0,0.0,0.0,0.0,0.0,0.0,0.0,1.0,0.0,20.870000000000054,22.390000000000054,22.640000000000057,20.87000000000005,-0.07208662744300748,-0.0017849179214535825,-0.0703017095215539,0.0814055322458729,0.03506048948270953,1.0,0.05414470531863924,2021-09-28 07:00:00
2021-09-28 07:00:00,20.58,22.0,20.44,22.0,8840600,0.0,0.0,0.0,0.0,0.0,0.0,0.0,0.0,1.0,0.0,22.00000000000006,20.58000000000005,22.000000000000057,20.440000000000055,0.05272973226920652,-0.013992990683205982,0.06672272295241262,0.073548688022812,0.03821340935196818,0.0,0.0031818181818183966,2021-10-05 07:00:00
2021-09-29 07:00:00,21.86,22.5,21.58,22.0,6735500,0.0,0.0,0.0,0.0,0.0,0.0,0.0,0.0,1.0,0.0,22.00000000000006,21.860000000000056,22.50000000000006,21.580000000000055,0.0,-0.0063839706099235605,0.006383970609923534,0.041748349380385893,0.036361952787444536,1.0,0.07272727272727297,2021-10-06 07:00:00
2021-09-30 07:00:00,22.21,22.71,21.97,22.0,3555400,0.0,0.0,0.0,0.0,0.0,0.0,0.0,0.0,1.0,0.0,22.00000000000006,22.21000000000006,22.71000000000006,21.970000000000056,0.0,0.0095001845480202,-0.009500184548020202,0.03312746972094844,0.03459894527814668,1.0,0.07272727272727297,2021-10-06 07:00:00
2021-10-01 07:00:00,21.75,22.14,21.65,21.65,4461300,0.0,0.0,0.0,0.0,0.0,0.0,0.0,0.0,1.0,0.0,21.65000000000006,21.750000000000064,22.140000000000065,21.650000000000063,-0.016036998909817076,-0.011428695823622518,-0.004608303086194442,0.02238047283199198,0.03315372733495088,1.0,0.0900692840646653,2021-10-06 07:00:00
2021-10-04 07:00:00,21.65,22.29,20.94,21.33,6076600,0.0,0.0,0.0,0.0,0.0,0.0,0.0,0.0,1.0,0.0,21.33000000000006,21.650000000000063,22.290000000000063,20.94000000000006,-0.014890921965239667,2.2204460492503128e-16,-0.01489092196523978,0.062476941955386674,0.0317060319656585,1.0,0.034692920768870206,2021-10-05 07:00:00
2021-10-05 07:00:00,21.65,22.29,21.29,22.07,4583300,0.0,0.0,0.0,0.0,0.0,0.0,0.0,0.0,1.0,0.0,22.070000000000064,21.650000000000063,22.290000000000063,21.29000000000006,0.0341046877853859,0.014890921965239813,0.01921376582014613,0.045900668492389496,0.0323791444141144,1.0,0.0693248753964657,2021-10-06 07:00:00
2021-10-06 07:00:00,22.64,23.6,22.36,23.6,12520700,0.0,0.0,0.0,0.0,0.0,0.0,0.0,0.0,1.0,0.0,23.60000000000007,22.640000000000065,23.60000000000007,22.360000000000063,0.06702749176291926,0.02549903306633707,0.041528458696582275,0.053973063744666004,0.03704048976526832,1.0,0.0466101694915253,2021-10-12 07:00:00
2021-10-07 07:00:00,23.78,24.2,23.6,23.6,6183600,0.0,0.0,0.0,0.0,0.0,0.0,0.0,0.0,1.0,0.0,23.60000000000007,23.78000000000007,24.20000000000007,23.60000000000007,0.0,0.007598179231071323,-0.007598179231071367,0.02510592113107626,0.03526744320602007,1.0,0.0466101694915253,2021-10-12 07:00:00
2021-10-08 07:00:00,23.99,24.49,23.7,23.85,7017700,0.0,0.0,0.0,0.0,0.0,0.0,0.0,0.0,1.0,0.0,23.85000000000007,23.990000000000066,24.49000000000007,23.700000000000067,0.0105375053027857,0.016390364820038753,-0.00585285951725287,0.03278982282299097,0.03359186320932968,1.0,0.03563941299790363,2021-10-12 07:00:00
2021-10-11 07:00:00,24.13,24.41,23.78,23.85,7767400,0.0,0.0,0.0,0.0,0.0,0.0,0.0,0.0,1.0,0.0,23.85000000000007,24.13000000000007,24.41000000000007,23.78000000000007,0.0,0.011671662302590213,-0.01167166230259018,0.026147993142232914,0.03199159551889263,1.0,0.03563941299790363,2021-10-12 07:00:00
2021-10-12 07:00:00,24.02,24.98,23.81,24.7,11015900,0.0,0.0,0.0,0.0,0.0,0.0,0.0,0.0,1.0,0.0,24.70000000000007,24.02000000000007,24.98000000000007,23.810000000000066,0.035019026299581354,0.007102599317487405,0.027916426982093887,0.047969844198660336,0.031764842561418004,1.0,0.07449392712550607,2021-10-14 07:00:00
2021-10-13 07:00:00,24.98,25.34,24.77,25.12,7369900,0.0,0.0,0.0,0.0,0.0,0.0,0.0,0.0,1.0,0.0,25.120000000000076,24.98000000000007,25.340000000000074,24.77000000000007,0.01686109796606655,0.011272261063500122,0.0055888369025664155,0.022750931391724998,0.030341551902468376,1.0,0.056528662420382014,2021-10-14 07:00:00
2021-10-14 07:00:00,25.41,26.61,25.34,26.54,13356200,0.0,0.0,0.0,0.0,0.0,0.0,0.0,0.0,1.0,0.0,26.540000000000074,25.410000000000075,26.610000000000078,25.340000000000074,0.05498868730406338,0.0114784557320748,0.04351023157198848,0.04890291009660477,0.03207415161944909,1.0,0.06706857573474001,2021-10-21 07:00:00
2021-10-15 07:00:00,26.76,27.11,26.05,26.54,9412500,0.0,0.0,0.0,0.0,0.0,0.0,0.0,0.0,1.0,0.0,26.540000000000074,26.76000000000008,27.110000000000078,26.050000000000075,0.0,0.008255206355966344,-0.00825520635596646,0.03988489531119821,0.030756880456741586,1.0,0.06706857573474001,2021-10-21 07:00:00
2021-10-18 07:00:00,26.65,27.25,26.65,27.08,8939900,0.0,0.0,0.0,0.0,0.0,0.0,0.0,0.0,1.0,0.0,27.080000000000076,26.650000000000077,27.250000000000078,26.650000000000077,0.020142419140012743,0.004136121707792253,0.016006297432220578,0.022264370497399506,0.02936547813072918,1.0,0.04579025110782853,2021-10-21 07:00:00
2021-10-19 07:00:00,27.0,27.08,26.47,26.51,8316400,0.0,0.0,0.0,0.0,0.0,0.0,0.0,0.0,1.0,0.0,26.51000000000008,27.000000000000078,27.080000000000076,26.470000000000077,-0.021273427743139933,-0.002958582039745043,-0.018314845703394776,0.02278343180506429,0.029728451512152473,1.0,0.06827612221803059,2021-10-21 07:00:00
2021-10-20 07:00:00,26.44,27.89,26.44,27.22,9870500,0.0,0.0,0.0,0.0,0.0,0.0,0.0,0.0,1.0,0.0,27.220000000000073,26.440000000000072,27.890000000000075,26.440000000000072,0.026429976922385433,-0.002644005317448929,0.02907398223983454,0.05339018665591193,0.02874412330815257,1.0,0.040411462160176326,2021-10-21 07:00:00
2021-10-21 07:00:00,27.61,28.39,27.36,28.32,7651500,0.0,0.0,0.0,0.0,0.0,0.0,0.0,0.0,1.0,0.0,28.32000000000008,27.610000000000074,28.390000000000075,27.360000000000074,0.03961627160219899,0.014226028718742957,0.025390242883456142,0.03695487773053007,0.02867342988457744,1.0,0.06744350282485878,2021-10-22 07:00:00
2021-10-22 07:00:00,28.74,30.27,28.42,30.23,10895300,0.0,0.0,0.0,0.0,0.0,0.0,0.0,0.0,1.0,0.0,30.230000000000086,28.74000000000008,30.27000000000009,28.420000000000083,0.06526653996584769,0.014721611825359927,0.050544928140487916,0.06306400036467269,0.031390939472118844,-1.0,-0.0327489249090307,2021-10-25 07:00:00
2021-10-25 07:00:00,30.52,31.12,29.24,29.24,9600700,0.0,0.0,0.0,0.0,0.0,0.0,0.0,0.0,1.0,0.0,29.240000000000084,30.52000000000009,31.12000000000009,29.240000000000084,-0.03329717390978886,0.009547397624889629,-0.04284457153467849,0.062313064428613056,0.03369915283466488,1.0,0.050957592339261115,2021-10-26 07:00:00
2021-10-26 07:00:00,29.24,30.84,28.67,30.73,12336200,0.0,0.0,0.0,0.0,0.0,0.0,0.0,0.0,1.0,0.0,30.730000000000086,29.240000000000077,30.84000000000008,28.67000000000008,0.04970174126081537,-2.2204460492503136e-16,0.04970174126081579,0.0729612687998501,0.03384443549265151,1.0,0.06703547022453615,2021-10-27 07:00:00
2021-10-27 07:00:00,31.48,32.86,31.23,32.79,8079900,0.0,0.0,0.0,0.0,0.0,0.0,0.0,0.0,1.0,0.0,32.790000000000084,31.480000000000086,32.860000000000085,31.230000000000082,0.06488421471416347,0.024113047406809026,0.04077116730735429,0.05087694131413482,0.035266113228940965,1.0,0.06068923452272057,2021-10-28 07:00:00
2021-10-28 07:00:00,33.36,34.78,33.21,34.78,6773800,0.0,0.0,0.0,0.0,0.0,0.0,0.0,0.0,1.0,0.0,34.78000000000009,33.36000000000009,34.78000000000009,33.210000000000086,0.0589189180695803,0.01723398663398924,0.041684931435590926,0.04619147353748182,0.03537509344204254,1.0,0.03852788959171938,2021-10-29 07:00:00
2021-10-29 07:00:00,35.41,36.76,35.13,36.12,10850400,0.0,0.0,0.0,0.0,0.0,0.0,0.0,0.0,1.0,0.0,36.1200000000001,35.41000000000009,36.7600000000001,35.130000000000095,0.0378042196226477,0.017951757197675233,0.01985246242497254,0.04535483120975064,0.03386262175248417,1.0,0.06893687707641205,2021-11-01 07:00:00
2021-11-01 07:00:00,36.12,38.61,35.34,38.61,11113000,0.0,0.0,0.0,0.0,0.0,0.0,0.0,0.0,1.0,0.0,38.610000000000106,36.1200000000001,38.6100000000001,35.340000000000096,0.0666645817273604,0.0,0.0666645817273604,0.08849584338459458,0.03441896269252157,1.0,0.06993006993007,2021-11-02 07:00:00
2021-11-02 07:00:00,40.45,41.31,40.45,41.31,4217600,0.0,0.0,0.0,0.0,0.0,0.0,0.0,0.0,1.0,0.0,41.310000000000116,40.45000000000011,41.31000000000011,40.45000000000011,0.06759329113252825,0.04655533322835575,0.021037957904172674,0.021037957904172455,0.03462010356739409,-1.0,-0.06874848704914072,2021-11-03 07:00:00
2021-11-03 07:00:00,44.14,44.14,38.47,38.47,22938300,0.0,0.0,0.0,0.0,0.0,0.0,0.0,0.0,1.0,0.0,38.470000000000105,44.14000000000012,44.14000000000012,38.4700000000001,-0.0712258846444695,0.06626179941991717,-0.13748768406438663,0.13748768406438683,0.045655772582988856,1.0,0.06992461658435145,2021-11-09 07:00:00
2021-11-04 07:00:00,38.32,40.81,36.41,39.82,15810500,0.0,0.0,0.0,0.0,0.0,0.0,0.0,0.0,1.0,0.0,39.820000000000114,38.320000000000114,40.81000000000012,36.4100000000001,0.03449058187184664,-0.003906763661543706,0.03839734553339035,0.11408368723037234,0.04354701947311139,1.0,0.1049723756906078,2021-11-10 07:00:00
2021-11-05 07:00:00,41.16,41.73,39.39,39.46,6322900,0.0,0.0,0.0,0.0,0.0,0.0,0.0,0.0,1.0,0.0,39.46000000000011,41.1600000000001,41.73000000000011,39.39000000000011,-0.009081798041581135,0.033097612329798354,-0.0421794103713794,0.057708317620646564,0.04265962205798856,1.0,0.04308160162189578,2021-11-09 07:00:00
2021-11-08 07:00:00,39.46,40.45,38.75,39.46,7357400,0.0,0.0,0.0,0.0,0.0,0.0,0.0,0.0,1.0,0.0,39.46000000000011,39.46000000000011,40.45000000000011,38.75000000000011,0.0,0.0,0.0,0.042935887705144546,0.04109411783818363,1.0,0.04308160162189578,2021-11-09 07:00:00
2021-11-09 07:00:00,39.11,41.52,38.82,41.16,8542000,0.0,0.0,0.0,0.0,0.0,0.0,0.0,0.0,1.0,0.0,41.16000000000012,39.11000000000011,41.520000000000124,38.820000000000114,0.042179410371379754,-0.008909311827046372,0.05108872219842615,0.06723966111676898,0.03967976460457313,1.0,0.06899902818270176,2021-11-10 07:00:00
2021-11-10 07:00:00,42.58,44.0,41.87,44.0,6260900,0.0,0.0,0.0,0.0,0.0,0.0,0.0,0.0,1.0,0.0,44.00000000000013,42.58000000000012,44.00000000000013,41.87000000000012,0.06672272295241241,0.03391774849948439,0.03280497445292785,0.049620053887209234,0.040107378663182154,1.0,0.06931818181818183,2021-11-11 07:00:00
2021-11-11 07:00:00,45.99,47.05,44.36,47.05,8510700,0.0,0.0,0.0,0.0,0.0,0.0,0.0,0.0,1.0,0.0,47.05000000000014,45.990000000000144,47.050000000000146,44.360000000000134,0.0670212321131275,0.044234347633571446,0.022786884479556083,0.05887270354922234,0.04010354823611646,1.0,0.06950053134962819,2021-11-12 07:00:00
2021-11-12 07:00:00,47.62,50.32,47.2,50.32,6613800,0.0,0.0,0.0,0.0,0.0,0.0,0.0,0.0,1.0,0.0,50.32000000000016,47.62000000000015,50.32000000000016,47.20000000000015,0.06719174636079657,0.01204197502732826,0.0551497713334683,0.06400871980067535,0.03976723001319708,-1.0,-0.04093799682034982,2021-11-15 07:00:00
2021-11-15 07:00:00,50.96,53.58,46.84,48.26,12342900,0.0,0.0,0.0,0.0,0.0,0.0,0.0,0.0,1.0,0.0,48.26000000000015,50.96000000000016,53.58000000000016,46.840000000000146,-0.041799552195299475,0.012638398871722849,-0.05443795106702222,0.134438325386946,0.04409234985847436,1.0,0.057397430584334996,2021-11-18 07:00:00
2021-11-16 07:00:00,46.98,49.54,46.34,47.55,9677300,0.0,0.0,0.0,0.0,0.0,0.0,0.0,0.0,1.0,0.0,47.55000000000014,46.98000000000013,49.54000000000014,46.34000000000014,-0.014821271205486519,-0.026881080966119193,0.012059809760632752,0.06677490505698316,0.04372742179116833,1.0,0.07318611987381729,2021-11-18 07:00:00
2021-11-17 07:00:00,47.27,48.26,46.84,47.69,5045600,0.0,0.0,0.0,0.0,0.0,0.0,0.0,0.0,1.0,0.0,47.69000000000015,47.27000000000015,48.26000000000015,46.840000000000146,0.0029399433187337807,-0.005905944186253992,0.00884588750498782,0.029865521467368986,0.04200191317727189,1.0,0.07003564688613984,2021-11-18 07:00:00
2021-11-18 07:00:00,48.97,51.03,48.33,51.03,5074000,0.0,0.0,0.0,0.0,0.0,0.0,0.0,0.0,1.0,0.0,51.030000000000165,48.97000000000015,51.03000000000016,48.33000000000015,0.06769196276574728,0.026486133404093073,0.04120582936165425,0.05436120921888743,0.04240431792112042,-1.0,-0.09465020576131677,2021-11-22 07:00:00
2021-11-19 07:00:00,53.94,53.94,47.69,49.68,8220000,0.0,0.0,0.0,0.0,0.0,0.0,0.0,0.0,1.0,0.0,49.68000000000016,53.940000000000175,53.940000000000175,47.690000000000154,-0.0268112574506567,0.0554586226357038,-0.0822698800863606,0.12315058540145092,0.04324730757994996,-1.0,-0.07004830917874394,2021-11-22 07:00:00
2021-11-22 07:00:00,49.68,50.67,46.2,46.2,10200200,0.0,0.0,0.0,0.0,0.0,0.0,0.0,0.0,1.0,0.0,46.20000000000015,49.68000000000016,50.67000000000017,46.20000000000016,-0.07262263953753013,0.0,-0.07262263953753013,0.09235422140012528,0.04971310962925464,-1.0,-0.06298701298701304,2021-11-23 07:00:00
2021-11-23 07:00:00,43.01,45.99,43.01,43.29,13201500,0.0,0.0,0.0,0.0,0.0,0.0,0.0,0.0,1.0,0.0,43.29000000000014,43.01000000000014,45.99000000000016,43.01000000000014,-0.06505813663380403,-0.0715471512920482,0.006489014658244159,0.06699133475618761,0.05257356032859926,1.0,0.10672210672210647,2021-11-25 07:00:00
2021-11-24 07:00:00,44.78,45.78,43.29,44.78,4730800,0.0,0.0,0.0,0.0,0.0,0.0,0.0,0.0,1.0,0.0,44.78000000000014,44.78000000000014,45.78000000000014,43.290000000000134,0.03383994971671943,0.03383994971671943,0.0,0.05592565307053153,0.05081016095321207,1.0,0.06989727556945047,2021-11-25 07:00:00
2021-11-25 07:00:00,45.49,47.91,45.49,47.91,2718000,0.0,0.0,0.0,0.0,0.0,0.0,0.0,0.0,1.0,0.0,47.910000000000146,45.490000000000144,47.910000000000146,45.490000000000144,0.06756263972442182,0.015730910411303988,0.05183172931311797,0.05183172931311797,0.05167713020550635,0.0,0.011688582759340482,2021-12-02 07:00:00
2021-11-26 07:00:00,51.24,51.24,48.26,49.61,8802900,0.0,0.0,0.0,0.0,0.0,0.0,0.0,0.0,1.0,0.0,49.610000000000156,51.24000000000016,51.24000000000016,48.26000000000015,0.034868175417926896,0.06719622613350275,-0.03232805071557595,0.05991741683164784,0.04961015718116262,-1.0,-0.06430155210643007,2021-12-01 07:00:00
2021-11-29 07:00:00,48.97,50.96,48.33,49.75,4815600,0.0,0.0,0.0,0.0,0.0,0.0,0.0,0.0,1.0,0.0,49.750000000000156,48.97000000000015,50.96000000000016,48.33000000000015,0.002818037291644189,-0.012984560598731626,0.015802597890375802,0.052988525406915135,0.047324632133369744,-1.0,-0.06693467336683412,2021-12-01 07:00:00
2021-11-30 07:00:00,49.89,51.1,47.34,48.62,9366600,0.0,0.0,0.0,0.0,0.0,0.0,0.0,0.0,1.0,0.0,48.620000000000154,49.89000000000016,51.10000000000016,47.34000000000015,-0.022975494716624474,0.0028101182683441636,-0.02578561298496872,0.07642889312382063,0.04634195776395845,-1.0,-0.05121349238996298,2021-12-03 07:00:00
2021-12-01 07:00:00,48.19,48.19,46.27,46.42,6227400,0.0,0.0,0.0,0.0,0.0,0.0,0.0,0.0,1.0,0.0,46.42000000000015,48.19000000000015,48.19000000000015,46.270000000000145,-0.04630456804168627,-0.008883438235735997,-0.0374211298059502,0.040657727733332996,0.04724050409192463,0.0,0.04416199913830221,2021-12-08 07:00:00
2021-12-02 07:00:00,47.55,49.33,46.63,48.47,4803100,0.0,0.0,0.0,0.0,0.0,0.0,0.0,0.0,1.0,0.0,48.470000000000155,47.55000000000015,49.33000000000016,46.63000000000016,0.04321464901099362,0.024051388145108345,0.019163260865885365,0.05628830442541724,0.04640522595628118,-1.0,-0.04827728491850636,2021-12-03 07:00:00
2021-12-03 07:00:00,49.18,50.67,46.13,46.13,5574400,0.0,0.0,0.0,0.0,0.0,0.0,0.0,0.0,1.0,0.0,46.130000000000145,49.180000000000156,50.67000000000016,46.130000000000145,-0.04948155228755553,0.014541986930761778,-0.06402353921831734,0.09387052191808926,0.0474574419098449,1.0,0.050726208541079565,2021-12-08 07:00:00
2021-12-06 07:00:00,47.13,47.83,43.86,45.71,5764800,0.0,0.0,0.0,0.0,0.0,0.0,0.0,0.0,1.0,0.0,45.71000000000014,47.13000000000015,47.83000000000015,43.860000000000134,-0.009146405226076147,0.021446243365910486,-0.030592648591986595,0.08665031470246337,0.04528623313099201,1.0,0.055786479982498305,2021-12-07 07:00:00
2021-12-07 07:00:00,46.63,48.62,44.71,48.26,4209800,0.0,0.0,0.0,0.0,0.0,0.0,0.0,0.0,1.0,0.0,48.26000000000015,46.630000000000145,48.62000000000015,44.71000000000014,0.05428596785323263,0.019927018476576373,0.03435894937665618,0.0838377786420878,0.045890833168617,1.0,0.07646083713220064,2021-12-13 07:00:00
2021-12-08 07:00:00,48.47,50.74,47.27,48.47,6444100,0.0,0.0,0.0,0.0,0.0,0.0,0.0,0.0,1.0,0.0,48.47000000000015,48.47000000000015,50.74000000000016,47.27000000000015,0.004341989660399043,0.004341989660399043,0.0,0.07083870936599077,0.04365688230781419,1.0,0.0717969878275222,2021-12-13 07:00:00
2021-12-09 07:00:00,48.47,49.61,48.47,49.25,3314100,0.0,0.0,0.0,0.0,0.0,0.0,0.0,0.0,1.0,0.0,49.25000000000015,48.47000000000015,49.610000000000156,48.47000000000015,0.01596431776081325,0.0,0.01596431776081325,0.023247376455672965,0.041623377921920786,1.0,0.0548223350253807,2021-12-13 07:00:00
2021-12-10 07:00:00,49.68,50.39,48.4,48.62,4534600,0.0,0.0,0.0,0.0,0.0,0.0,0.0,0.0,1.0,0.0,48.62000000000014,49.68000000000014,50.39000000000014,48.40000000000014,-0.012874398730120733,0.008693070007125195,-0.021567468737246007,0.04029292896992057,0.04006050130317343,1.0,0.06849033319621567,2021-12-13 07:00:00
2021-12-13 07:00:00,48.62,51.95,48.26,51.95,9044700,0.0,0.0,0.0,0.0,0.0,0.0,0.0,0.0,1.0,0.0,51.95000000000016,48.62000000000015,51.950000000000166,48.26000000000015,0.06624674865725921,2.2204460492503128e-16,0.06624674865725921,0.07367865734835079,0.04227175902854393,1.0,0.06429258902791135,2021-12-14 07:00:00
2021-12-14 07:00:00,52.66,55.36,52.66,55.29,5154300,0.0,0.0,0.0,0.0,0.0,0.0,0.0,0.0,1.0,0.0,55.29000000000016,52.660000000000146,55.360000000000156,52.660000000000146,0.06231034280460511,0.013574436522926654,0.04873590628167839,0.05000115724125075,0.043046658834531716,1.0,0.046120455778621894,2021-12-15 07:00:00
2021-12-15 07:00:00,58.2,58.2,56.42,57.84,5651900,0.0,0.0,0.0,0.0,0.0,0.0,0.0,0.0,1.0,0.0,57.840000000000174,58.20000000000017,58.20000000000017,56.420000000000165,0.04508851750066772,0.05129329438755048,-0.00620477688688287,0.03106164916354197,0.041864023776774534,1.0,0.07002074688796678,2021-12-16 07:00:00
2021-12-16 07:00:00,58.48,61.89,57.84,61.89,6229700,0.0,0.0,0.0,0.0,0.0,0.0,0.0,0.0,1.0,0.0,61.89000000000018,58.48000000000017,61.89000000000018,57.84000000000017,0.06767803790076088,0.011004237591013778,0.056673800309747106,0.06767803790076088,0.04244517071844217,1.0,0.04346421069639672,2021-12-17 07:00:00
2021-12-17 07:00:00,64.44,66.0,61.75,64.58,8913300,0.0,0.0,0.0,0.0,0.0,0.0,0.0,0.0,1.0,0.0,64.58000000000018,64.44000000000018,66.00000000000018,61.75000000000018,0.042546149578858904,0.04037594255750335,0.0021702070213554968,0.06656076651833885,0.04077736741035454,-1.0,-0.043821616599566515,2021-12-20 07:00:00
2021-12-20 07:00:00,64.58,64.66,60.33,61.75,7237000,0.0,0.0,0.0,0.0,0.0,0.0,0.0,0.0,1.0,0.0,61.75000000000017,64.58000000000017,64.66000000000017,60.33000000000016,-0.04481078982204267,-2.2204460492503136e-16,-0.04481078982204244,0.06931327984461652,0.04416862469935261,1.0,0.06882591093117418,2021-12-21 07:00:00
2021-12-21 07:00:00,61.39,66.0,60.33,66.0,6335000,0.0,0.0,0.0,0.0,0.0,0.0,0.0,0.0,1.0,0.0,66.00000000000018,61.39000000000018,66.00000000000018,60.330000000000176,0.06656076651833906,-0.005847020068681427,0.07240778658702038,0.08982524957375505,0.044420156590292914,1.0,0.09151515151515155,2021-12-28 07:00:00
2021-12-22 07:00:00,69.55,70.26,67.49,68.35,4751700,0.0,0.0,0.0,0.0,0.0,0.0,0.0,0.0,1.0,0.0,68.35000000000018,69.55000000000018,70.26000000000019,67.49000000000018,0.03498682114353284,0.05239117634302609,-0.017404355199493318,0.0402232080823659,0.04240020559077576,-1.0,-0.069641550841258,2021-12-23 07:00:00
2021-12-23 07:00:00,68.42,68.49,63.59,63.59,10207800,0.0,0.0,0.0,0.0,0.0,0.0,0.0,0.0,1.0,0.0,63.59000000000018,68.4200000000002,68.4900000000002,63.59000000000019,-0.07218533789064191,0.0010236163795003983,-0.07320895427014229,0.07423152393049734,0.0497167555605628,1.0,0.07485453687686738,2021-12-27 07:00:00
2021-12-24 07:00:00,61.89,66.15,61.89,63.87,4147200,0.0,0.0,0.0,0.0,0.0,0.0,0.0,0.0,1.0,0.0,63.870000000000175,61.89000000000018,66.15000000000019,61.89000000000018,0.004393542294181284,-0.027097609528046202,0.031491151822227545,0.06656627480969453,0.0474009460363111,1.0,0.07014247690621578,2021-12-27 07:00:00
2021-12-27 07:00:00,64.58,68.35,63.52,68.35,4182600,0.0,0.0,0.0,0.0,0.0,0.0,0.0,0.0,1.0,0.0,68.3500000000002,64.58000000000018,68.3500000000002,63.52000000000019,0.0677917955964608,0.011054997756631543,0.05673679783982942,0.07328674623107818,0.047896479484229044,1.0,0.053986832479882896,2021-12-28 07:00:00
2021-12-28 07:00:00,70.76,72.6,68.77,72.04,5198300,0.0,0.0,0.0,0.0,0.0,0.0,0.0,0.0,1.0,0.0,72.0400000000002,70.76000000000019,72.6000000000002,68.77000000000018,0.05257995713779671,0.03465230612162592,0.01792765101617107,0.054197318499005595,0.04665210568784885,-1.0,-0.054275402554136765,2021-12-30 07:00:00
2021-12-29 07:00:00,73.1,74.17,67.99,68.84,4962500,0.0,0.0,0.0,0.0,0.0,0.0,0.0,0.0,1.0,0.0,68.8400000000002,73.10000000000021,74.17000000000021,67.9900000000002,-0.045436548964416616,0.014606846447977478,-0.06004339541239408,0.08699912021009858,0.04885396502429662,1.0,0.06595002905287584,2022-01-04 07:00:00
2021-12-30 07:00:00,68.84,70.97,67.42,68.13,3465900,0.0,0.0,0.0,0.0,0.0,0.0,0.0,0.0,1.0,0.0,68.13000000000018,68.84000000000019,70.97000000000018,67.42000000000019,-0.010367326557762142,-2.2204460492503136e-16,-0.010367326557761918,0.05131554273097665,0.047140587354315464,1.0,0.07705856450902693,2022-01-04 07:00:00
2021-12-31 07:00:00,68.84,69.98,67.42,68.63,3207500,0.0,0.0,0.0,0.0,0.0,0.0,0.0,0.0,1.0,0.0,68.6300000000002,68.8400000000002,69.9800000000002,67.4200000000002,0.007312112134966783,0.010367326557762081,-0.0030552144227954576,0.037267777133627236,0.04487767358138406,1.0,0.06921171499344281,2022-01-04 07:00:00
2022-01-04 07:00:00,70.97,73.38,69.62,73.38,3536300,0.0,0.0,0.0,0.0,0.0,0.0,0.0,0.0,1.0,0.0,73.3800000000002,70.97000000000018,73.3800000000002,69.62000000000019,0.06692166200659241,0.03352749561634793,0.0333941663902445,0.05259953654384305,0.045686724910834024,1.0,0.06963750340692276,2022-01-05 07:00:00
2022-01-05 07:00:00,78.49,78.49,75.23,78.49,5196200,0.0,0.0,0.0,0.0,0.0,0.0,0.0,0.0,1.0,0.0,78.49000000000021,78.49000000000021,78.49000000000021,75.2300000000002,0.06731980921158624,0.06731980921158624,0.0,0.04242114056659218,0.045924172775987815,1.0,0.058861001401452784,2022-01-07 07:00:00
2022-01-06 07:00:00,77.5,80.84,76.65,77.71,5140200,0.0,0.0,0.0,0.0,0.0,0.0,0.0,0.0,1.0,0.0,77.7100000000002,77.50000000000021,80.84000000000022,76.6500000000002,-0.009987278917571488,-0.01269329177942095,0.0027060128618493716,0.05322228721759724,0.044778545618328384,1.0,0.0694891262385795,2022-01-07 07:00:00
2022-01-07 07:00:00,78.85,83.11,76.65,83.11,4244200,0.0,0.0,0.0,0.0,0.0,0.0,0.0,0.0,1.0,0.0,83.11000000000024,78.85000000000022,83.11000000000024,76.65000000000023,0.0671810823437843,0.014563364187896728,0.05261771815588774,0.08091542624711177,0.04493959881562375,-1.0,-0.04788834075321857,2022-01-12 07:00:00
2022-01-10 07:00:00,82.26,88.86,79.49,79.49,6048800,0.0,0.0,0.0,0.0,0.0,0.0,0.0,0.0,1.0,0.0,79.49000000000022,82.26000000000025,88.86000000000026,79.49000000000022,-0.044533803979913765,-0.010280068762656839,-0.034253735217257004,0.11143086992274125,0.04748473972329677,1.0,0.06956849918228714,2022-01-11 07:00:00
2022-01-11 07:00:00,81.62,85.02,79.84,85.02,5806500,0.0,0.0,0.0,0.0,0.0,0.0,0.0,0.0,1.0,0.0,85.02000000000024,81.62000000000025,85.02000000000024,79.84000000000023,0.06725529534562286,0.02644310239263858,0.040812192952984286,0.06286189092743548,0.0475796931315677,-1.0,-0.06927781698423885,2022-01-12 07:00:00
2022-01-12 07:00:00,84.46,88.71,79.13,79.13,13756100,0.0,0.0,0.0,0.0,0.0,0.0,0.0,0.0,1.0,0.0,79.13000000000024,84.46000000000025,88.71000000000026,79.13000000000024,-0.07179445330954191,-0.006608473424846405,-0.0651859798846955,0.11428055291139361,0.05340003896393188,-1.0,-0.06988499936812842,2022-01-13 07:00:00
2022-01-13 07:00:00,79.49,82.33,73.6,73.6,6175500,0.0,0.0,0.0,0.0,0.0,0.0,0.0,0.0,1.0,0.0,73.60000000000022,79.49000000000024,82.33000000000025,73.60000000000022,-0.07244704388627146,0.004539157963919273,-0.07698620185019073,0.11209053557550423,0.056988721556781356,-1.0,-0.0684782608695651,2022-01-14 07:00:00
2022-01-14 07:00:00,68.49,75.23,68.49,68.56,12905300,0.0,0.0,0.0,0.0,0.0,0.0,0.0,0.0,1.0,0.0,68.56000000000022,68.49000000000021,75.23000000000023,68.49000000000021,-0.07093575144530608,-0.07195727652501664,0.0010215250797107104,0.09386233836231644,0.058855168843906756,-1.0,-0.06942823803967346,2022-01-17 07:00:00
2022-01-17 07:00:00,70.76,70.9,63.8,63.8,8371300,0.0,0.0,0.0,0.0,0.0,0.0,0.0,0.0,1.0,0.0,63.80000000000019,70.76000000000022,70.90000000000023,63.800000000000196,-0.07195608393878035,0.03158459500206005,-0.10354067894084044,0.1055172431873378,0.05980856141622407,-1.0,-0.06896551724137945,2022-01-18 07:00:00
2022-01-18 07:00:00,59.4,59.4,59.4,59.4,700800,0.0,0.0,0.0,0.0,0.0,0.0,0.0,0.0,1.0,0.0,59.40000000000017,59.40000000000017,59.40000000000017,59.40000000000017,-0.0714589639821451,-0.0714589639821451,0.0,0.0,0.05994475904126093,-1.0,-0.06919191919191914,2022-01-19 07:00:00
2022-01-19 07:00:00,55.29,55.29,55.29,55.29,680900,0.0,0.0,0.0,0.0,0.0,0.0,0.0,0.0,1.0,0.0,55.29000000000016,55.290000000000155,55.290000000000155,55.290000000000155,-0.07170216601875758,-0.0717021660187577,2.2204460492503128e-16,0.0,0.05954730604610182,1.0,0.06927111593416524,2022-01-20 07:00:00
2022-01-20 07:00:00,51.45,59.12,51.45,59.12,13033500,0.0,0.0,0.0,0.0,0.0,0.0,0.0,0.0,1.0,0.0,59.12000000000017,51.45000000000015,59.12000000000017,51.45000000000015,0.06697721629010467,-0.07198159806978298,0.1389588143598877,0.1389588143598877,0.06242082273730342,1.0,0.06968876860622464,2022-01-21 07:00:00
2022-01-21 07:00:00,63.24,63.24,59.12,63.24,8261400,0.0,0.0,0.0,0.0,0.0,0.0,0.0,0.0,1.0,0.0,63.24000000000018,63.24000000000019,63.24000000000019,59.12000000000017,0.06736773570132494,0.06736773570132494,-1.1102230246251565e-16,0.06736773570132494,0.06398605014641143,-1.0,-0.06957621758380772,2022-01-24 07:00:00
2022-01-24 07:00:00,64.02,64.58,58.84,58.84,6567200,0.0,0.0,0.0,0.0,0.0,0.0,0.0,0.0,1.0,0.0,58.84000000000017,64.02000000000018,64.58000000000018,58.840000000000174,-0.0721151166080345,0.012258522200445616,-0.08437363880848026,0.0930828695968922,0.06419937749507129,-1.0,-0.11216859279401759,2022-01-28 07:00:00
2022-01-25 07:00:00,54.72,61.11,54.72,59.62,7432700,0.0,0.0,0.0,0.0,0.0,0.0,0.0,0.0,1.0,0.0,59.62000000000016,54.72000000000015,61.11000000000016,54.72000000000015,0.013169192516688433,-0.0725926224189419,0.08576181493563026,0.11044624559252911,0.061489165654395,-1.0,-0.12378396511237821,2022-01-28 07:00:00
2022-01-26 07:00:00,59.69,63.73,59.62,60.33,4680400,0.0,0.0,0.0,0.0,0.0,0.0,0.0,0.0,1.0,0.0,60.33000000000016,59.690000000000154,63.73000000000017,59.620000000000154,0.011838404202745074,0.0011734139306329996,0.010664990272111957,0.06666432107627741,0.05880681067535528,-1.0,-0.06945135090336474,2022-01-27 07:00:00
2022-01-27 07:00:00,60.33,61.04,56.14,56.14,3013300,0.0,0.0,0.0,0.0,0.0,0.0,0.0,0.0,1.0,0.0,56.14000000000016,60.330000000000176,61.04000000000018,56.140000000000164,-0.07198092151893384,2.2204460492503128e-16,-0.07198092151893408,0.08368081604246513,0.05930737059664638,-1.0,-0.069469184182401,2022-01-28 07:00:00
2022-01-28 07:00:00,52.24,54.72,52.24,52.24,9074500,0.0,0.0,0.0,0.0,0.0,0.0,0.0,0.0,1.0,0.0,52.24000000000015,52.24000000000015,54.720000000000155,52.24000000000015,-0.07200008596556066,-0.07200008596556066,0.0,0.046380788346119306,0.059165784547375234,-1.0,-0.06929555895865258,2022-02-07 07:00:00
2022-02-07 07:00:00,52.87,54.65,48.62,48.62,5271400,0.0,0.0,0.0,0.0,0.0,0.0,0.0,0.0,1.0,0.0,48.62000000000013,52.87000000000015,54.650000000000155,48.62000000000014,-0.07181351608019854,0.011987585279183078,-0.08380110135938164,0.11691424573457025,0.05853099322814516,-1.0,-0.06869600987248037,2022-02-08 07:00:00
2022-02-08 07:00:00,45.35,46.77,45.28,45.28,6680600,0.0,0.0,0.0,0.0,0.0,0.0,0.0,0.0,1.0,0.0,45.28000000000013,45.35000000000013,46.77000000000014,45.28000000000013,-0.0711695349930497,-0.06962479232683152,-0.0015447426662180655,0.03237653784286736,0.057495629585965415,1.0,0.0689045936395758,2022-02-09 07:00:00
2022-02-09 07:00:00,42.16,48.4,42.16,48.4,10218600,0.0,0.0,0.0,0.0,0.0,0.0,0.0,0.0,1.0,0.0,48.400000000000134,42.16000000000012,48.40000000000014,42.16000000000012,0.06663437982765837,-0.07139352966182065,0.1380279094894791,0.1380279094894793,0.06167534094062522,1.0,0.06900826446281028,2022-02-10 07:00:00
2022-02-10 07:00:00,51.74,51.74,50.53,51.74,4090600,0.0,0.0,0.0,0.0,0.0,0.0,0.0,0.0,1.0,0.0,51.74000000000016,51.740000000000165,51.740000000000165,50.53000000000016,0.06673136303529739,0.06673136303529739,-1.1102230246251565e-16,0.023663957454066048,0.06409794630728524,1.0,0.08233475067645912,2022-02-15 07:00:00
2022-02-11 07:00:00,50.39,53.16,48.97,48.97,4926000,0.0,0.0,0.0,0.0,0.0,0.0,0.0,0.0,1.0,0.0,48.97000000000014,50.39000000000014,53.16000000000015,48.97000000000014,-0.05502331104365723,-0.026438434065376576,-0.028584876978280698,0.08209836813081847,0.06240365148552698,1.0,0.06963447008372481,2022-02-14 07:00:00
2022-02-14 07:00:00,46.84,52.38,46.84,52.38,6599000,0.0,0.0,0.0,0.0,0.0,0.0,0.0,0.0,1.0,0.0,52.38000000000016,46.84000000000014,52.38000000000015,46.84000000000014,0.0673169733653399,-0.044470326984709346,0.11178730035004936,0.11178730035004916,0.06433387100993698,1.0,0.06911034746086275,2022-02-15 07:00:00
2022-02-15 07:00:00,53.09,56.0,52.52,56.0,4811200,0.0,0.0,0.0,0.0,0.0,0.0,0.0,0.0,1.0,0.0,56.00000000000016,53.09000000000016,56.00000000000016,52.52000000000015,0.06682685165558323,0.013463747516014304,0.05336310413956909,0.06415764130055376,0.06513000955409169,1.0,0.06964285714285712,2022-02-16 07:00:00
2022-02-16 07:00:00,58.55,59.9,58.2,59.9,3266800,0.0,0.0,0.0,0.0,0.0,0.0,0.0,0.0,1.0,0.0,59.900000000000176,58.55000000000017,59.90000000000017,58.20000000000017,0.06732481438625441,0.044529399308577064,0.022795415077677444,0.028791150384011425,0.06520002602863903,1.0,0.0841402337228716,2022-02-18 07:00:00
2022-02-17 07:00:00,61.89,63.16,59.62,60.82,7571800,0.0,0.0,0.0,0.0,0.0,0.0,0.0,0.0,1.0,0.0,60.82000000000018,61.89000000000018,63.16000000000018,59.62000000000017,0.015242177127814994,0.032682110629866395,-0.017439933502051475,0.05768010113751592,0.062076508955303034,1.0,0.06774087471226586,2022-02-18 07:00:00
2022-02-18 07:00:00,60.33,65.01,59.62,64.94,5543100,0.0,0.0,0.0,0.0,0.0,0.0,0.0,0.0,1.0,0.0,64.9400000000002,60.33000000000018,65.0100000000002,59.62000000000018,0.06554508442548146,-0.008089189796548098,0.07363427422202948,0.08655001596645198,0.06161261407267918,0.0,-0.037111179550354034,2022-02-25 07:00:00
2022-02-21 07:00:00,66.71,69.27,65.51,67.42,4792200,0.0,0.0,0.0,0.0,0.0,0.0,0.0,0.0,1.0,0.0,67.4200000000002,66.71000000000019,69.2700000000002,65.51000000000019,0.037477943131214685,0.02689110004672396,0.010586843084490748,0.05580910929072857,0.059079095798433304,-1.0,-0.06941560367843358,2022-02-22 07:00:00
2022-02-22 07:00:00,62.74,65.51,62.74,62.74,12212200,0.0,0.0,0.0,0.0,0.0,0.0,0.0,0.0,1.0,0.0,62.740000000000194,62.740000000000194,65.5100000000002,62.740000000000194,-0.07194250704338245,-0.07194250704338245,0.0,0.04320359998125302,0.062002101992041904,0.0,0.04064392731909505,2022-03-01 07:00:00
2022-02-23 07:00:00,63.87,66.71,62.74,66.0,6058000,0.0,0.0,0.0,0.0,0.0,0.0,0.0,0.0,1.0,0.0,66.0000000000002,63.870000000000196,66.7100000000002,62.740000000000194,0.05065553926389329,0.017850564810965624,0.032804974452927634,0.06135566395889191,0.060439262793007306,-1.0,-0.07515151515151508,2022-02-28 07:00:00
2022-02-24 07:00:00,65.29,66.71,61.39,62.03,10818300,0.0,0.0,0.0,0.0,0.0,0.0,0.0,0.0,1.0,0.0,62.03000000000019,65.2900000000002,66.7100000000002,61.39000000000019,-0.06203660304139929,-0.010815856827883307,-0.05122074621351597,0.08310791128201898,0.061547285537412025,1.0,0.06867644688054186,2022-03-03 07:00:00
2022-02-25 07:00:00,64.09,65.22,62.53,62.53,4180300,0.0,0.0,0.0,0.0,0.0,0.0,0.0,0.0,1.0,0.0,62.5300000000002,64.0900000000002,65.2200000000002,62.53000000000019,0.008028302594180558,0.03267020653110936,-0.02464190393692887,0.042119728781966424,0.05855577307898413,1.0,0.060131137054214134,2022-03-03 07:00:00
2022-02-28 07:00:00,61.75,63.16,59.62,61.04,4523200,0.0,0.0,0.0,0.0,0.0,0.0,0.0,0.0,1.0,0.0,61.04000000000019,61.75000000000019,63.160000000000196,59.62000000000018,-0.024117054603005006,-0.012552466071120084,-0.01156458853188496,0.05768010113751592,0.05635478767294093,1.0,0.06962647444298842,2022-03-01 07:00:00
2022-03-01 07:00:00,61.11,65.29,61.04,65.29,7356500,0.0,0.0,0.0,0.0,0.0,0.0,0.0,0.0,1.0,0.0,65.29000000000022,61.110000000000205,65.29000000000022,61.040000000000205,0.06730949822234074,0.0011461319306227634,0.06616336629171796,0.06730949822234054,0.05713401039669611,0.0,-0.047786797365599654,2022-03-08 07:00:00
2022-03-02 07:00:00,66.64,67.78,63.87,65.51,4674900,0.0,0.0,0.0,0.0,0.0,0.0,0.0,0.0,1.0,0.0,65.51000000000022,66.64000000000023,67.78000000000023,63.87000000000021,0.003363917545242873,0.02046611266004515,-0.017102195114802352,0.059417398605407463,0.054362557459839936,0.0,-0.04548923828423146,2022-03-09 07:00:00
2022-03-03 07:00:00,66.0,67.07,65.29,66.29,3361900,0.0,0.0,0.0,0.0,0.0,0.0,0.0,0.0,1.0,0.0,66.29000000000022,66.0000000000002,67.0700000000002,65.2900000000002,0.011836253509515128,0.007451939282640246,0.004384314226874858,0.02689796491310376,0.05172574314547262,-1.0,-0.062151154020214205,2022-03-08 07:00:00
2022-03-04 07:00:00,66.71,69.98,65.86,68.27,5264200,0.0,0.0,0.0,0.0,0.0,0.0,0.0,0.0,1.0,0.0,68.27000000000022,66.71000000000022,69.98000000000023,65.86000000000021,0.029431375176888687,0.0063158104681239734,0.02311556470876474,0.06067820999132373,0.04962666492097982,-1.0,-0.08935110590303197,2022-03-08 07:00:00
2022-03-07 07:00:00,68.77,69.2,66.0,66.78,4292900,0.0,0.0,0.0,0.0,0.0,0.0,0.0,0.0,1.0,0.0,66.78000000000023,68.77000000000022,69.20000000000023,66.00000000000021,-0.02206679691468038,0.007297171901555734,-0.02936396881623612,0.04734612059719842,0.0481789331818362,-1.0,-0.06903264450434266,2022-03-08 07:00:00
2022-03-08 07:00:00,64.02,66.29,62.17,62.17,9470200,0.0,0.0,0.0,0.0,0.0,0.0,0.0,0.0,1.0,0.0,62.17000000000021,64.02000000000021,66.29000000000023,62.17000000000021,-0.07153106623426234,-0.042208099973791637,-0.029322966260470772,0.0641664879720543,0.05155638013515065,0.0,0.04230336175004035,2022-03-15 07:00:00
2022-03-09 07:00:00,63.02,63.16,58.41,62.53,6316400,0.0,0.0,0.0,0.0,0.0,0.0,0.0,0.0,1.0,0.0,62.53000000000021,63.020000000000216,63.16000000000021,58.41000000000019,0.005773873297960343,0.013579568047882483,-0.007805694749922065,0.07818408133522348,0.049077124558816514,0.0,0.026067487605949013,2022-03-16 07:00:00
2022-03-10 07:00:00,65.15,66.0,64.02,64.58,3015500,0.0,0.0,0.0,0.0,0.0,0.0,0.0,0.0,1.0,0.0,64.58000000000021,65.15000000000022,66.00000000000021,64.02000000000021,0.03225832375092257,0.0410458619916476,-0.008787538240725064,0.03045920748470844,0.04767989434779988,0.0,0.006658408175906239,2022-03-17 07:00:00
2022-03-11 07:00:00,63.52,64.58,61.39,62.46,3944800,0.0,0.0,0.0,0.0,0.0,0.0,0.0,0.0,1.0,0.0,62.46000000000021,63.520000000000216,64.58000000000021,61.39000000000021,-0.03337841347519659,-0.016549948391248796,-0.016828465083947818,0.05065780989072419,0.046664415433726944,1.0,0.07941082292667323,2022-03-18 07:00:00
2022-03-14 07:00:00,61.04,65.29,60.33,63.52,5620700,0.0,0.0,0.0,0.0,0.0,0.0,0.0,0.0,1.0,0.0,63.520000000000216,61.040000000000205,65.29000000000022,60.3300000000002,0.016828465083947863,-0.02299696487873093,0.039825429962678786,0.07900939274587186,0.04468799952411262,1.0,0.06139798488664994,2022-03-18 07:00:00
2022-03-15 07:00:00,65.29,65.44,63.87,64.8,3092200,0.0,0.0,0.0,0.0,0.0,0.0,0.0,0.0,1.0,0.0,64.80000000000022,65.29000000000023,65.44000000000023,63.870000000000225,0.019950786419348693,0.027484068259662014,-0.007533281840313217,0.024283924720993832,0.04287765169887784,1.0,0.11280864197530849,2022-03-21 07:00:00
2022-03-16 07:00:00,65.86,65.86,64.16,64.16,2939600,0.0,0.0,0.0,0.0,0.0,0.0,0.0,0.0,1.0,0.0,64.16000000000021,65.86000000000021,65.86000000000021,64.16000000000021,-0.009925639799970156,0.016225673589988915,-0.026151313389959182,0.026151313389959144,0.04097143290634483,1.0,0.050810473815461554,2022-03-18 07:00:00
2022-03-17 07:00:00,64.58,65.65,64.51,65.01,2982400,0.0,0.0,0.0,0.0,0.0,0.0,0.0,0.0,1.0,0.0,65.01000000000023,64.58000000000023,65.65000000000023,64.51000000000023,0.013161140658118525,0.006524801771870427,0.00663633888624838,0.017517350204654825,0.03912126599067539,1.0,0.10921396708198716,2022-03-21 07:00:00
2022-03-18 07:00:00,65.29,69.06,64.94,67.42,8715500,0.0,0.0,0.0,0.0,0.0,0.0,0.0,0.0,1.0,0.0,67.42000000000023,65.29000000000022,69.06000000000023,64.94000000000021,0.036400605589537144,0.004297780982164496,0.03210282460737257,0.0615119252871465,0.038555993287041346,1.0,0.06956392761791741,2022-03-21 07:00:00
2022-03-21 07:00:00,68.13,72.11,68.06,72.11,5941800,0.0,0.0,0.0,0.0,0.0,0.0,0.0,0.0,1.0,0.0,72.11000000000024,68.13000000000022,72.11000000000024,68.06000000000023,0.06725102112275337,0.010475934979662033,0.0567750861430915,0.05780306185590838,0.04104098666445839,1.0,0.045208708916932405,2022-03-23 07:00:00
2022-03-22 07:00:00,74.52,76.72,72.11,72.75,5213100,0.0,0.0,0.0,0.0,0.0,0.0,0.0,0.0,1.0,0.0,72.75000000000024,74.52000000000024,76.72000000000025,72.11000000000024,0.008836175122933691,0.03287481480471946,-0.024038639681785694,0.061969699646514574,0.039048724851226284,-1.0,-0.07422680412371152,2022-03-28 07:00:00
2022-03-23 07:00:00,72.75,75.94,71.68,75.37,4624200,0.0,0.0,0.0,0.0,0.0,0.0,0.0,0.0,1.0,0.0,75.37000000000025,72.75000000000023,75.94000000000024,71.68000000000023,0.035380411803776636,-2.2204460492503136e-16,0.035380411803776844,0.05773178613698106,0.03782605883620674,-1.0,-0.039538277829375246,2022-03-25 07:00:00
2022-03-24 07:00:00,76.65,77.5,74.24,74.66,3746100,0.0,0.0,0.0,0.0,0.0,0.0,0.0,0.0,1.0,0.0,74.66000000000024,76.65000000000026,77.50000000000026,74.24000000000024,-0.00946484436894078,0.016840287462444804,-0.026305131831385588,0.04297484788135638,0.03666018078535054,-1.0,-0.09791052772568987,2022-03-28 07:00:00
2022-03-25 07:00:00,74.66,75.58,72.39,72.39,5003100,0.0,0.0,0.0,0.0,0.0,0.0,0.0,0.0,1.0,0.0,72.39000000000023,74.66000000000022,75.58000000000024,72.39000000000023,-0.03087630518138777,-2.2204460492503136e-16,-0.03087630518138754,0.04312352961629293,0.03714901275440539,-1.0,-0.06962287608785755,2022-03-28 07:00:00
2022-03-28 07:00:00,69.77,70.9,67.35,67.35,15773100,0.0,0.0,0.0,0.0,0.0,0.0,0.0,0.0,1.0,0.0,67.35000000000021,69.77000000000021,70.90000000000023,67.35000000000021,-0.07216526544867718,-0.036864050353904956,-0.03530121509477208,0.05136753068170906,0.042729183175590074,1.0,0.06963622865627306,2022-03-29 07:00:00
2022-03-29 07:00:00,68.84,72.04,68.49,72.04,4454900,0.0,0.0,0.0,0.0,0.0,0.0,0.0,0.0,1.0,0.0,72.04000000000022,68.8400000000002,72.04000000000022,68.4900000000002,0.0673186174513822,0.02188206848696557,0.04543654896441685,0.05053377109794166,0.04541863598478602,-1.0,-0.06413103831204892,2022-03-30 07:00:00
2022-03-30 07:00:00,71.68,73.1,67.0,67.42,8157400,0.0,0.0,0.0,0.0,0.0,0.0,0.0,0.0,1.0,0.0,67.4200000000002,71.68000000000022,73.10000000000021,67.0000000000002,-0.06627981050184072,-0.005009751641080294,-0.061270058860760514,0.08713574736476666,0.048433006208412566,-1.0,-0.08409967368733329,2022-04-06 07:00:00
2022-03-31 07:00:00,67.71,68.98,64.58,65.65,4177200,0.0,0.0,0.0,0.0,0.0,0.0,0.0,0.0,1.0,0.0,65.65000000000019,67.71000000000019,68.9800000000002,64.58000000000018,-0.026604109057109523,0.004292169691639156,-0.030896278748748736,0.06591184217856588,0.04673470326176662,1.0,0.05300837776085299,2022-04-01 07:00:00
2022-04-01 07:00:00,65.65,69.34,64.58,69.13,4855800,0.0,0.0,0.0,0.0,0.0,0.0,0.0,0.0,1.0,0.0,69.1300000000002,65.65000000000019,69.3400000000002,64.58000000000018,0.05165118920836842,0.0,0.05165118920836842,0.07111717492674831,0.047401873759937735,-1.0,-0.10675538839866927,2022-04-06 07:00:00
2022-04-04 07:00:00,70.9,70.97,67.42,67.42,4270500,0.0,0.0,0.0,0.0,0.0,0.0,0.0,0.0,1.0,0.0,67.42000000000019,70.90000000000019,70.97000000000018,67.42000000000019,-0.02504708015125901,0.025281643580908102,-0.05032872373216712,0.05131554273097665,0.045829534503951205,-1.0,-0.08409967368733318,2022-04-06 07:00:00
2022-04-05 07:00:00,65.37,68.84,65.37,66.36,6003300,0.0,0.0,0.0,0.0,0.0,0.0,0.0,0.0,1.0,0.0,66.36000000000018,65.37000000000019,68.8400000000002,65.37000000000019,-0.015847244483670957,-0.030878272181276322,0.01503102769760547,0.05172153371870054,0.04384066346523783,-1.0,-0.0694695599758891,2022-04-06 07:00:00
2022-04-06 07:00:00,65.29,66.0,61.75,61.75,13156200,0.0,0.0,0.0,0.0,0.0,0.0,0.0,0.0,1.0,0.0,61.75000000000017,65.29000000000018,66.00000000000017,61.75000000000016,-0.07200048981415719,-0.016255580123701648,-0.055744909690455445,0.06656076651833885,0.04674652737432179,-1.0,-0.10574898785425102,2022-04-12 07:00:00
2022-04-07 07:00:00,60.68,61.75,57.63,58.91,8675400,0.0,0.0,0.0,0.0,0.0,0.0,0.0,0.0,1.0,0.0,58.91000000000016,60.68000000000016,61.75000000000016,57.63000000000016,-0.04708311997449063,-0.01747982102775519,-0.029603298946735482,0.06905071005951145,0.045955316642183865,-1.0,-0.0626379222542861,2022-04-12 07:00:00
2022-04-08 07:00:00,58.98,60.33,58.2,59.33,4901100,0.0,0.0,0.0,0.0,0.0,0.0,0.0,0.0,1.0,0.0,59.33000000000017,58.98000000000017,60.330000000000176,58.20000000000017,0.007104224736956121,0.0011875478535342875,0.0059166768834217455,0.03594413771527811,0.04409745553479545,-1.0,-0.06927355469408392,2022-04-12 07:00:00
2022-04-12 07:00:00,60.26,60.96,55.22,55.22,6089800,0.0,0.0,0.0,0.0,0.0,0.0,0.0,0.0,1.0,0.0,55.220000000000155,60.26000000000017,60.96000000000018,55.220000000000155,-0.07178987376854348,0.01555345343160336,-0.08734332720014681,0.09889270487638258,0.04584292835403636,-1.0,-0.1093806591814559,2022-04-15 07:00:00
2022-04-13 07:00:00,56.07,56.42,51.53,56.42,9730800,0.0,0.0,0.0,0.0,0.0,0.0,0.0,0.0,1.0,0.0,56.420000000000165,56.070000000000164,56.420000000000165,51.53000000000015,0.021498499071842054,0.015275703633572993,0.006222795438269086,0.09065954323371742,0.045060535681761466,-1.0,-0.06292095001772435,2022-04-14 07:00:00
2022-04-14 07:00:00,57.13,57.49,52.66,52.87,6108300,0.0,0.0,0.0,0.0,0.0,0.0,0.0,0.0,1.0,0.0,52.87000000000015,57.130000000000166,57.490000000000165,52.660000000000146,-0.06498763532649153,0.012505667162520922,-0.07749330248901244,0.08775486556703622,0.04567012558608097,-1.0,-0.06979383393228666,2022-04-15 07:00:00
2022-04-15 07:00:00,51.53,52.45,49.18,49.18,9914000,0.0,0.0,0.0,0.0,0.0,0.0,0.0,0.0,1.0,0.0,49.18000000000014,51.53000000000015,52.45000000000015,49.18000000000014,-0.07234903345931226,-0.025671907907225823,-0.04667712555208647,0.0643732980542597,0.04646362217409128,1.0,0.05632370882472548,2022-04-18 07:00:00
2022-04-18 07:00:00,47.69,51.95,46.27,51.95,10012700,0.0,0.0,0.0,0.0,0.0,0.0,0.0,0.0,1.0,0.0,51.95000000000015,47.69000000000013,51.95000000000015,46.27000000000014,0.05479468075718988,-0.030765304477913626,0.08555998523510353,0.11578791462632809,0.04999740268073829,-1.0,-0.050433108758421774,2022-04-20 07:00:00
2022-04-19 07:00:00,52.8,53.58,51.1,51.24,6611100,0.0,0.0,0.0,0.0,0.0,0.0,0.0,0.0,1.0,0.0,51.240000000000144,52.80000000000014,53.58000000000014,51.100000000000136,-0.013761240516703055,0.016229473166979005,-0.029990713683682176,0.0473913669068038,0.04755968206433324,-1.0,-0.10382513661202186,2022-04-21 07:00:00
2022-04-20 07:00:00,50.39,52.02,49.33,49.33,4799400,0.0,0.0,0.0,0.0,0.0,0.0,0.0,0.0,1.0,0.0,49.33000000000013,50.390000000000136,52.020000000000145,49.330000000000126,-0.03798806178288672,-0.016727734336026846,-0.02126032744685979,0.0530958447748589,0.045752574802802475,-1.0,-0.06912629231704837,2022-04-21 07:00:00
2022-04-21 07:00:00,45.92,48.97,45.92,45.92,10454900,0.0,0.0,0.0,0.0,0.0,0.0,0.0,0.0,1.0,0.0,45.92000000000013,45.92000000000014,48.97000000000014,45.92000000000014,-0.07163166323433581,-0.07163166323433558,-1.1102230246251565e-16,0.06430711370291486,0.04647938919974087,-1.0,-0.06489547038327548,2022-04-22 07:00:00
2022-04-22 07:00:00,44.0,47.55,42.73,42.94,8698700,0.0,0.0,0.0,0.0,0.0,0.0,0.0,0.0,1.0,0.0,42.94000000000011,44.000000000000114,47.550000000000125,42.73000000000011,-0.06709695956067624,-0.04271111809305004,-0.02438584146762615,0.10688053933546576,0.04619727614879364,-1.0,-0.06939916162086612,2022-04-25 07:00:00
2022-04-25 07:00:00,44.0,44.57,39.96,39.96,7833700,0.0,0.0,0.0,0.0,0.0,0.0,0.0,0.0,1.0,0.0,39.960000000000115,44.00000000000013,44.57000000000013,39.960000000000115,-0.07192483867028199,0.02438584146762655,-0.0963106801379085,0.10918203317811176,0.04599268221473531,1.0,0.06931931931931912,2022-04-26 07:00:00
2022-04-26 07:00:00,37.19,42.73,37.19,42.73,10288800,0.0,0.0,0.0,0.0,0.0,0.0,0.0,0.0,1.0,0.0,42.73000000000011,37.1900000000001,42.73000000000011,37.1900000000001,0.06702229587558062,-0.07183904584337435,0.13886134171895478,0.13886134171895478,0.05279867929946814,1.0,0.06974022934706281,2022-04-27 07:00:00
2022-04-27 07:00:00,43.29,45.71,39.82,45.71,10375100,0.0,0.0,0.0,0.0,0.0,0.0,0.0,0.0,1.0,0.0,45.710000000000115,43.290000000000106,45.710000000000115,39.8200000000001,0.06741584268771929,0.013020411797955572,0.05439543088976389,0.13794779370760285,0.056955018435827266,-1.0,-0.09800918836140893,2022-05-05 07:00:00
2022-04-28 07:00:00,45.78,46.63,43.65,43.86,6421200,0.0,0.0,0.0,0.0,0.0,0.0,0.0,0.0,1.0,0.0,43.86000000000011,45.78000000000012,46.63000000000012,43.65000000000011,-0.04131434935391084,0.0015302221807677583,-0.042844571534678605,0.06604082853461826,0.0548286446577215,-1.0,-0.05996352029183771,2022-05-05 07:00:00
2022-04-29 07:00:00,43.29,46.84,43.29,46.13,7752100,0.0,0.0,0.0,0.0,0.0,0.0,0.0,0.0,1.0,0.0,46.13000000000012,43.29000000000011,46.84000000000013,43.29000000000011,0.050460754579987145,-0.013081081535852891,0.06354183611584008,0.07881587727562754,0.05585692248333784,-1.0,-0.06156514199002827,2022-05-04 07:00:00
2022-05-04 07:00:00,45.07,45.99,43.29,43.29,7016700,0.0,0.0,0.0,0.0,0.0,0.0,0.0,0.0,1.0,0.0,43.29000000000011,45.07000000000012,45.99000000000012,43.29000000000011,-0.06354183611584006,-0.023246660867172208,-0.04029517524866783,0.06050232009794336,0.055555975145894165,-1.0,-0.11295911295911298,2022-05-06 07:00:00
2022-05-05 07:00:00,44.29,44.5,40.38,41.23,7119400,0.0,0.0,0.0,0.0,0.0,0.0,0.0,0.0,1.0,0.0,41.2300000000001,44.29000000000012,44.50000000000012,40.38000000000011,-0.04875551473508065,0.022837256481217656,-0.07159277121629844,0.09715457628750317,0.05382663610932515,-1.0,-0.06863934028619934,2022-05-06 07:00:00
2022-05-06 07:00:00,39.74,40.81,38.4,38.4,7020300,0.0,0.0,0.0,0.0,0.0,0.0,0.0,0.0,1.0,0.0,38.4000000000001,39.74000000000011,40.81000000000011,38.4000000000001,-0.07110868712512743,-0.036807909595137585,-0.034300777529989813,0.06086968982403334,0.0536393125434987,-1.0,-0.06848958333333321,2022-05-09 07:00:00
2022-05-09 07:00:00,37.26,37.54,35.77,35.77,8771200,0.0,0.0,0.0,0.0,0.0,0.0,0.0,0.0,1.0,0.0,35.770000000000095,37.2600000000001,37.5400000000001,35.770000000000095,-0.07094790632275468,-0.030137094420238753,-0.04081081190251598,0.04829747788743635,0.05302036338908556,1.0,0.12496505451495654,2022-05-11 07:00:00
2022-05-10 07:00:00,33.43,37.62,33.29,37.62,14106500,0.0,0.0,0.0,0.0,0.0,0.0,0.0,0.0,1.0,0.0,37.62000000000009,33.43000000000008,37.62000000000009,33.29000000000008,0.050426270601957764,-0.06765585283891945,0.11808212344087717,0.12227877228595076,0.05564116246924004,1.0,0.06964380648591195,2022-05-11 07:00:00
2022-05-11 07:00:00,39.03,40.24,35.84,40.24,11641300,0.0,0.0,0.0,0.0,0.0,0.0,0.0,0.0,1.0,0.0,40.2400000000001,39.03000000000009,40.2400000000001,35.84000000000009,0.06732570191859963,0.03679475731963923,0.030530944598960236,0.1157969376847541,0.0591248857956096,-1.0,-0.06883697813121281,2022-05-12 07:00:00
2022-05-12 07:00:00,40.38,41.09,37.47,37.47,9288300,0.0,0.0,0.0,0.0,0.0,0.0,0.0,0.0,1.0,0.0,37.47000000000009,40.3800000000001,41.0900000000001,37.47000000000009,-0.07132091298588786,0.003473087093207632,-0.07479400007909552,0.09222417008972246,0.059021883684259986,-1.0,-0.06912196423805705,2022-05-13 07:00:00
2022-05-13 07:00:00,37.26,37.26,34.88,34.88,12420600,0.0,0.0,0.0,0.0,0.0,0.0,0.0,0.0,1.0,0.0,34.88000000000009,37.26000000000009,37.26000000000009,34.88000000000009,-0.07162701376481706,-0.005620247632153596,-0.06600676613266347,0.06600676613266336,0.05845836870314452,1.0,0.1272935779816513,2022-05-18 07:00:00
2022-05-16 07:00:00,36.91,37.05,34.42,34.42,7130300,0.0,0.0,0.0,0.0,0.0,0.0,0.0,0.0,1.0,0.0,34.42000000000008,36.91000000000008,37.05000000000008,34.42000000000008,-0.013275808257385679,0.05656891800112808,-0.06984472625851369,0.07363056095870246,0.055676937004261726,1.0,0.0679837303893085,2022-05-17 07:00:00
2022-05-17 07:00:00,34.42,36.76,34.07,36.76,6108200,0.0,0.0,0.0,0.0,0.0,0.0,0.0,0.0,1.0,0.0,36.76000000000008,34.42000000000008,36.760000000000076,34.07000000000008,0.06577250670409289,0.0,0.06577250670409289,0.07599306581461096,0.05915995388788242,1.0,0.06964091403699713,2022-05-18 07:00:00
2022-05-18 07:00:00,37.83,39.32,37.47,39.32,9176500,0.0,0.0,0.0,0.0,0.0,0.0,0.0,0.0,1.0,0.0,39.3200000000001,37.83000000000009,39.3200000000001,37.47000000000009,0.06732299779147986,0.028692141157451792,0.038630856634028,0.04819268247336996,0.061303899086675,1.0,0.06307222787385558,2022-05-20 07:00:00
2022-05-19 07:00:00,37.9,39.89,37.9,39.32,6854900,0.0,0.0,0.0,0.0,0.0,0.0,0.0,0.0,1.0,0.0,39.3200000000001,37.90000000000009,39.8900000000001,37.90000000000009,0.0,-0.036782183190585224,0.036782183190585196,0.051174553828934675,0.05833731426309022,1.0,0.06307222787385558,2022-05-20 07:00:00
2022-05-20 07:00:00,39.67,42.02,39.32,41.8,8215900,0.0,0.0,0.0,0.0,0.0,0.0,0.0,0.0,1.0,0.0,41.800000000000104,39.6700000000001,42.0200000000001,39.3200000000001,0.06116304425174486,0.00886193924727305,0.052301105004471715,0.06641240013788838,0.058979423677064026,-1.0,-0.06961722488038291,2022-05-23 07:00:00
2022-05-23 07:00:00,42.02,42.16,38.89,38.89,9667200,0.0,0.0,0.0,0.0,0.0,0.0,0.0,0.0,1.0,0.0,38.89000000000009,42.0200000000001,42.160000000000096,38.89000000000009,-0.07215919136305486,0.005249355886143745,-0.07740854724919853,0.08073475606545094,0.06028562112121213,1.0,0.09668295191565957,2022-05-25 07:00:00
2022-05-24 07:00:00,37.97,41.16,36.55,41.16,8674200,0.0,0.0,0.0,0.0,0.0,0.0,0.0,0.0,1.0,0.0,41.1600000000001,37.9700000000001,41.1600000000001,36.5500000000001,0.05672976279819311,-0.02394077392394481,0.0806705367221378,0.11878572477006129,0.06036165792533885,0.0,0.041545189504372804,2022-05-31 07:00:00
2022-05-25 07:00:00,41.8,43.65,40.67,42.65,7680300,0.0,0.0,0.0,0.0,0.0,0.0,0.0,0.0,1.0,0.0,42.650000000000105,41.8000000000001,43.650000000000105,40.6700000000001,0.03556036297183916,0.015429428564861633,0.020130934406977625,0.07071256236647804,0.05840001608189562,0.0,-0.026494724501758715,2022-06-01 07:00:00
2022-05-26 07:00:00,42.58,43.51,41.59,41.87,5243400,0.0,0.0,0.0,0.0,0.0,0.0,0.0,0.0,1.0,0.0,41.870000000000104,42.580000000000105,43.510000000000105,41.5900000000001,-0.018457693906636184,-0.0016426144723546855,-0.01681507943428139,0.04513104297776847,0.0559410171270004,0.0,-0.05588727012180583,2022-06-02 07:00:00
2022-05-27 07:00:00,41.87,44.0,41.52,42.73,6944200,0.0,0.0,0.0,0.0,0.0,0.0,0.0,0.0,1.0,0.0,42.7300000000001,41.8700000000001,44.00000000000011,41.5200000000001,0.02033166962488154,-2.2204460492503136e-16,0.020331669624881758,0.058014395060627846,0.05351542723625797,-1.0,-0.07488883688275239,2022-06-02 07:00:00
2022-05-30 07:00:00,43.29,44.5,42.8,43.58,4998500,0.0,0.0,0.0,0.0,0.0,0.0,0.0,0.0,1.0,0.0,43.5800000000001,43.2900000000001,44.5000000000001,42.80000000000009,0.019697079860540166,0.013020411797955572,0.006676668062584616,0.03895108658444356,0.051145384865133155,-1.0,-0.09293253786140432,2022-06-02 07:00:00
2022-05-31 07:00:00,43.29,44.5,42.37,42.87,7891700,0.0,0.0,0.0,0.0,0.0,0.0,0.0,0.0,1.0,0.0,42.87000000000009,43.2900000000001,44.5000000000001,42.37000000000009,-0.016426048906588227,-0.006676668062584572,-0.009749380844003615,0.049048624533726846,0.049065844043068234,-1.0,-0.07790996034522968,2022-06-02 07:00:00
2022-06-01 07:00:00,42.58,42.94,40.81,41.52,9351600,0.0,0.0,0.0,0.0,0.0,0.0,0.0,0.0,1.0,0.0,41.520000000000095,42.58000000000009,42.94000000000009,40.810000000000095,-0.03199704175225236,-0.006787621144552339,-0.025209420607700036,0.05087664303292036,0.04782961716220121,-1.0,-0.04792870905587676,2022-06-02 07:00:00
2022-06-02 07:00:00,41.52,42.44,39.39,39.53,8799600,0.0,0.0,0.0,0.0,0.0,0.0,0.0,0.0,1.0,0.0,39.530000000000086,41.520000000000095,42.44000000000009,39.390000000000086,-0.04911536154903914,0.0,-0.04911536154903914,0.07457933676296774,0.04778735288256766,-1.0,-0.050341512775107455,2022-06-07 07:00:00
2022-06-03 07:00:00,39.25,41.45,38.68,40.6,6547600,0.0,0.0,0.0,0.0,0.0,0.0,0.0,0.0,1.0,0.0,40.60000000000009,39.25000000000008,41.45000000000009,38.68000000000008,0.026708189299092775,-0.007108433080176952,0.033816622379269724,0.06916521099621059,0.04645864658296822,-1.0,-0.06995073891625625,2022-06-06 07:00:00
2022-06-06 07:00:00,41.09,41.09,37.76,37.76,6583300,0.0,0.0,0.0,0.0,0.0,0.0,0.0,0.0,1.0,0.0,37.760000000000076,41.09000000000009,41.09000000000009,37.760000000000076,-0.07251772533038711,0.011996716287631506,-0.08451444161801855,0.0845144416180185,0.04901015865948348,-1.0,-0.09030720338983023,2022-06-13 07:00:00
2022-06-07 07:00:00,37.62,37.62,35.34,37.54,8167800,0.0,0.0,0.0,0.0,0.0,0.0,0.0,0.0,1.0,0.0,37.540000000000084,37.62000000000008,37.62000000000008,35.34000000000008,-0.005843310118936912,-0.0037145174044154617,-0.0021287927145215175,0.06252035698133393,0.04662675248050292,-1.0,-0.08497602557272232,2022-06-13 07:00:00
2022-06-08 07:00:00,37.97,40.17,37.83,39.03,5147800,0.0,0.0,0.0,0.0,0.0,0.0,0.0,0.0,1.0,0.0,39.030000000000086,37.970000000000084,40.170000000000094,37.830000000000084,0.03892355003416084,0.011389343085348263,0.027534206948812746,0.06001800972625316,0.046599767069547535,-1.0,-0.0543171919036638,2022-06-10 07:00:00
2022-06-09 07:00:00,39.18,40.1,38.68,38.68,3018900,0.0,0.0,0.0,0.0,0.0,0.0,0.0,0.0,1.0,0.0,38.680000000000085,39.180000000000085,40.100000000000094,38.680000000000085,-0.009007910607430026,0.0038358313238709713,-0.012843741931301144,0.03605366372742997,0.0443504548304015,-1.0,-0.04576008273009302,2022-06-10 07:00:00
2022-06-10 07:00:00,37.97,38.61,36.91,36.91,5341900,0.0,0.0,0.0,0.0,0.0,0.0,0.0,0.0,1.0,0.0,36.91000000000008,37.970000000000084,38.610000000000085,36.91000000000008,-0.04684015354318632,-0.018526296341382645,-0.02831385720180375,0.04502879323423771,0.044069579815590315,-1.0,-0.06935789758872923,2022-06-13 07:00:00
2022-06-13 07:00:00,35.41,36.12,34.35,34.35,8268800,0.0,0.0,0.0,0.0,0.0,0.0,0.0,0.0,1.0,0.0,34.35000000000008,35.410000000000075,36.120000000000076,34.35000000000008,-0.07188049837354873,-0.04148825091809489,-0.030392247455453814,0.05024470988042616,0.046054395258544864,-1.0,-0.06812227074235822,2022-06-14 07:00:00
2022-06-14 07:00:00,33.36,35.13,32.01,32.01,6744800,0.0,0.0,0.0,0.0,0.0,0.0,0.0,0.0,1.0,0.0,32.01000000000007,33.36000000000007,35.13000000000008,32.01000000000007,-0.0705536646865868,-0.029244441177812497,-0.041309223508774286,0.09300711229596412,0.046938408354142966,-1.0,-0.06997813183380197,2022-06-15 07:00:00
2022-06-15 07:00:00,32.01,32.97,29.77,29.77,11625500,0.0,0.0,0.0,0.0,0.0,0.0,0.0,0.0,1.0,0.0,29.770000000000064,32.01000000000007,32.97000000000007,29.770000000000067,-0.07254717895408672,0.0,-0.07254717895408672,0.10209688205595459,0.047378376588049914,-1.0,-0.06919717836748396,2022-06-16 07:00:00
2022-06-16 07:00:00,30.52,31.19,27.71,27.71,9400600,0.0,0.0,0.0,0.0,0.0,0.0,0.0,0.0,1.0,0.0,27.71000000000006,30.520000000000067,31.19000000000007,27.71000000000006,-0.07170781615279788,0.024881031388571204,-0.09658884754136922,0.11830417174482488,0.04721731657010327,-1.0,-0.06892818477084084,2022-06-17 07:00:00
2022-06-17 07:00:00,26.26,26.97,25.8,25.8,13824800,0.0,0.0,0.0,0.0,0.0,0.0,0.0,0.0,1.0,0.0,25.800000000000058,26.26000000000006,26.97000000000006,25.800000000000058,-0.0714188669473153,-0.05374649000023696,-0.017672376947078395,0.04435064522406681,0.0466632794641525,-1.0,-0.06899224806201554,2022-06-20 07:00:00
2022-06-20 07:00:00,25.55,26.58,24.02,24.02,9576900,0.0,0.0,0.0,0.0,0.0,0.0,0.0,0.0,1.0,0.0,24.020000000000053,25.550000000000058,26.58000000000006,24.020000000000053,-0.0714876752757343,-0.009737175277858317,-0.06175049999787597,0.10127223663326171,0.045845333802947946,-1.0,-0.06910907577019154,2022-06-21 07:00:00
2022-06-21 07:00:00,22.71,23.99,22.36,22.36,9522800,0.0,0.0,0.0,0.0,0.0,0.0,0.0,0.0,1.0,0.0,22.36000000000005,22.71000000000005,23.99000000000005,22.36000000000005,-0.07161316836493911,-0.05608146053437037,-0.015531707830568748,0.07036342856470486,0.044835558263739916,1.0,0.06976744186046546,2022-06-22 07:00:00
2022-06-22 07:00:00,23.07,23.92,22.29,23.92,9381300,0.0,0.0,0.0,0.0,0.0,0.0,0.0,0.0,1.0,0.0,23.92000000000006,23.070000000000057,23.92000000000006,22.290000000000052,0.0674412807955329,0.031259423898764224,0.03618185689676876,0.0705767816846535,0.0535890677072977,1.0,0.06981605351170561,2022-06-23 07:00:00
2022-06-23 07:00:00,25.41,25.59,24.56,25.59,7562800,0.0,0.0,0.0,0.0,0.0,0.0,0.0,0.0,1.0,0.0,25.59000000000006,25.41000000000006,25.590000000000064,24.56000000000006,0.06748672108926639,0.06042786824964161,0.007058852839624607,0.04108254689275591,0.058830918761714195,1.0,0.0707307542008595,2022-06-28 07:00:00
2022-06-24 07:00:00,25.94,27.29,24.88,24.88,11785600,0.0,0.0,0.0,0.0,0.0,0.0,0.0,0.0,1.0,0.0,24.880000000000056,25.940000000000058,27.29000000000006,24.880000000000056,-0.0281373823007189,0.013584528716600161,-0.041721911017319105,0.09245606684926841,0.05600350997226298,1.0,0.1012861736334405,2022-06-28 07:00:00
2022-06-27 07:00:00,24.8,26.22,24.13,25.62,7919600,0.0,0.0,0.0,0.0,0.0,0.0,0.0,0.0,1.0,0.0,25.62000000000006,24.80000000000006,26.220000000000063,24.13000000000006,0.02930902859760958,-0.0032206147000419494,0.0325296432976516,0.08306659869861328,0.055420776380115826,1.0,0.06947697111631501,2022-06-28 07:00:00
2022-06-28 07:00:00,25.98,27.4,25.55,27.4,7692800,0.0,0.0,0.0,0.0,0.0,0.0,0.0,0.0,1.0,0.0,27.40000000000006,25.980000000000057,27.40000000000006,25.550000000000058,0.06716971692543601,0.013953714773865089,0.053216002151571,0.06990569674431105,0.058444815431174565,-1.0,-0.08321167883211678,2022-06-30 07:00:00
2022-06-29 07:00:00,26.97,28.03,26.51,26.97,7551500,0.0,0.0,0.0,0.0,0.0,0.0,0.0,0.0,1.0,0.0,26.970000000000056,26.970000000000052,28.030000000000058,26.510000000000055,-0.015817876242386043,-0.015817876242386154,2.2204460492503128e-16,0.05575334487576279,0.05563408515712919,-1.0,-0.06859473489061907,2022-06-30 07:00:00
2022-06-30 07:00:00,26.9,27.08,25.09,25.12,11006100,0.0,0.0,0.0,0.0,0.0,0.0,0.0,0.0,1.0,0.0,25.120000000000054,26.90000000000006,27.08000000000006,25.090000000000057,-0.07106079555164052,-0.002598850543845103,-0.06846194500779558,0.07632608766574316,0.056089700043949905,0.0,0.01552547770700663,2022-07-07 07:00:00
2022-07-01 07:00:00,24.49,26.83,23.42,25.9,10675100,0.0,0.0,0.0,0.0,0.0,0.0,0.0,0.0,1.0,0.0,25.900000000000055,24.49000000000005,26.83000000000006,23.420000000000055,0.03057862710549421,-0.025399470635921594,0.055978097741415794,0.1359303062679614,0.05510503426600885,0.0,0.05366795366795407,2022-07-08 07:00:00
2022-07-04 07:00:00,26.47,26.97,25.83,25.98,4006100,0.0,0.0,0.0,0.0,0.0,0.0,0.0,0.0,1.0,0.0,25.980000000000057,26.47000000000006,26.97000000000006,25.830000000000055,0.0030840425369615407,0.021769047533517986,-0.01868500499655649,0.04318853004388955,0.052582959546886694,1.0,0.09545804464973084,2022-07-11 07:00:00
2022-07-05 07:00:00,25.94,26.26,24.45,24.77,5039800,0.0,0.0,0.0,0.0,0.0,0.0,0.0,0.0,1.0,0.0,24.770000000000056,25.940000000000058,26.26000000000006,24.450000000000053,-0.04769376774118517,-0.0015408323541556714,-0.046152935387029616,0.07141665295376926,0.051320759289731316,1.0,0.10173597093258002,2022-07-08 07:00:00
2022-07-06 07:00:00,24.17,26.22,24.17,24.77,7774500,0.0,0.0,0.0,0.0,0.0,0.0,0.0,0.0,1.0,0.0,24.770000000000056,24.170000000000055,26.220000000000056,24.170000000000055,0.0,-0.0245210487858766,0.024521048785876486,0.08141028362016194,0.04897627957418514,1.0,0.10173597093258002,2022-07-08 07:00:00
2022-07-07 07:00:00,25.19,25.87,25.09,25.51,4664100,0.0,0.0,0.0,0.0,0.0,0.0,0.0,0.0,1.0,0.0,25.510000000000062,25.19000000000006,25.870000000000065,25.09000000000006,0.029437288652451977,0.01681384686325079,0.012623441789201252,0.03061463581960695,0.048220689394949855,1.0,0.06977655821246564,2022-07-08 07:00:00
2022-07-08 07:00:00,26.26,27.29,26.01,27.29,17592700,0.0,0.0,0.0,0.0,0.0,0.0,0.0,0.0,1.0,0.0,27.290000000000067,26.260000000000066,27.290000000000067,26.010000000000066,0.06744980256652702,0.028976336720930106,0.03847346584559703,0.048039255259686824,0.05118245743613544,1.0,0.11579333089043597,2022-07-12 07:00:00
2022-07-11 07:00:00,27.54,28.85,26.97,28.46,11810400,0.0,0.0,0.0,0.0,0.0,0.0,0.0,0.0,1.0,0.0,28.46000000000007,27.540000000000067,28.850000000000072,26.970000000000066,0.04197925794145925,0.009119158580261744,0.03286009936119753,0.06738485580246999,0.050358812051214535,1.0,0.06992269852424449,2022-07-12 07:00:00
2022-07-12 07:00:00,28.92,30.45,28.92,30.45,7827700,0.0,0.0,0.0,0.0,0.0,0.0,0.0,0.0,1.0,0.0,30.45000000000007,28.920000000000073,30.450000000000074,28.920000000000073,0.06758640149419966,0.016033804628857798,0.051552596865341915,0.051552596865341915,0.051666742398177576,-1.0,-0.07586206896551728,2022-07-18 07:00:00
2022-07-13 07:00:00,30.52,30.84,28.99,29.52,12115800,0.0,0.0,0.0,0.0,0.0,0.0,0.0,0.0,1.0,0.0,29.520000000000067,30.520000000000067,30.840000000000067,28.990000000000062,-0.031017994423634315,0.002296212260350157,-0.03331420668398444,0.06186160576156461,0.050630938097912144,0.0,0.009823848238482258,2022-07-20 07:00:00
2022-07-14 07:00:00,29.13,30.66,29.13,30.09,7828700,0.0,0.0,0.0,0.0,0.0,0.0,0.0,0.0,1.0,0.0,30.090000000000067,29.130000000000063,30.660000000000068,29.130000000000063,0.01912489090968209,-0.0132994287609286,0.032424319670610796,0.05119030247232479,0.04833251973392745,-1.0,-0.06480558325024921,2022-07-18 07:00:00
2022-07-15 07:00:00,30.84,31.48,29.77,29.77,8695400,0.0,0.0,0.0,0.0,0.0,0.0,0.0,0.0,1.0,0.0,29.770000000000067,30.840000000000067,31.48000000000007,29.770000000000067,-0.01069171561426885,0.02461965805317477,-0.03531137366744371,0.055851248521517405,0.04627610686518858,-1.0,-0.05475310715485382,2022-07-18 07:00:00
2022-07-18 07:00:00,29.81,30.2,27.75,28.14,16873900,0.0,0.0,0.0,0.0,0.0,0.0,0.0,0.0,1.0,0.0,28.140000000000065,29.810000000000066,30.200000000000067,27.75000000000006,-0.056309123341441954,0.001342732662295114,-0.057651856003736957,0.08460608418838042,0.04775464974084617,1.0,0.059346126510305464,2022-07-20 07:00:00
2022-07-19 07:00:00,27.79,29.7,27.32,28.92,9137100,0.0,0.0,0.0,0.0,0.0,0.0,0.0,0.0,1.0,0.0,28.92000000000007,27.790000000000067,29.70000000000007,27.320000000000068,0.02734134560432108,-0.012515807931830533,0.039857153536151685,0.08352801110606456,0.04620064088667769,1.0,0.08921161825726132,2022-07-21 07:00:00
2022-07-20 07:00:00,29.67,30.45,29.1,29.81,10392600,0.0,0.0,0.0,0.0,0.0,0.0,0.0,0.0,1.0,0.0,29.810000000000066,29.67000000000007,30.450000000000067,29.100000000000065,0.030310510399416034,0.02560303701216641,0.004707473387249541,0.04534781997845904,0.04476534279591022,1.0,0.05669238510566932,2022-07-21 07:00:00
2022-07-21 07:00:00,31.84,31.88,31.24,31.5,12848600,0.0,0.0,0.0,0.0,0.0,0.0,0.0,0.0,1.0,0.0,31.50000000000007,31.84000000000007,31.88000000000007,31.24000000000007,0.05514363814160738,0.06587945328620222,-0.010735815144594808,0.020279528950529088,0.04521016706533936,1.0,0.06984126984127026,2022-07-28 07:00:00
2022-07-22 07:00:00,31.15,31.63,30.8,30.89,6017800,0.0,0.0,0.0,0.0,0.0,0.0,0.0,0.0,1.0,0.0,30.89000000000007,31.150000000000066,31.63000000000007,30.800000000000068,-0.019555038901096927,-0.011173300598125413,-0.008381738302971637,0.02659134733802879,0.043884509295902624,1.0,0.09096795079313735,2022-07-28 07:00:00
2022-07-25 07:00:00,30.28,31.02,29.72,30.46,6768300,0.0,0.0,0.0,0.0,0.0,0.0,0.0,0.0,1.0,0.0,30.460000000000072,30.280000000000076,31.020000000000074,29.72000000000007,-0.014018159463474532,-0.019945078361242107,0.005926918897767546,0.04281193789883436,0.042207603550265066,1.0,0.1063690085357849,2022-07-28 07:00:00
2022-07-26 07:00:00,30.72,31.15,30.37,30.37,4550600,0.0,0.0,0.0,0.0,0.0,0.0,0.0,0.0,1.0,0.0,30.370000000000076,30.720000000000073,31.150000000000073,30.370000000000076,-0.002959068409358187,0.008499560812455804,-0.011458629221813869,0.025358966175804687,0.04021458379718815,1.0,0.1096476786302274,2022-07-28 07:00:00
2022-07-27 07:00:00,30.24,31.58,29.85,31.58,5391000,0.0,0.0,0.0,0.0,0.0,0.0,0.0,0.0,1.0,0.0,31.580000000000076,30.240000000000073,31.580000000000076,29.850000000000076,0.03906872976983862,-0.0042897277463252136,0.043358457516163774,0.05633916898888492,0.039681450960802264,1.0,0.06713109563014585,2022-07-28 07:00:00
2022-07-28 07:00:00,32.58,33.79,32.32,33.7,14804200,0.0,0.0,0.0,0.0,0.0,0.0,0.0,0.0,1.0,0.0,33.70000000000009,32.58000000000008,33.790000000000084,32.32000000000008,0.06497382853082019,0.03117459434640288,0.03379923418441731,0.044478667073304015,0.041542228221949355,0.0,0.018100890207715103,2022-08-04 07:00:00
2022-07-29 07:00:00,33.75,33.83,33.14,33.14,6789200,0.0,0.0,0.0,0.0,0.0,0.0,0.0,0.0,1.0,0.0,33.140000000000086,33.75000000000009,33.83000000000009,33.140000000000086,-0.016756825359899162,0.0014825799602228961,-0.018239405320122148,0.020606970794200326,0.040507741282583734,1.0,0.07181653590826809,2022-08-05 07:00:00
2022-08-01 07:00:00,33.27,34.7,33.27,34.22,6472200,0.0,0.0,0.0,0.0,0.0,0.0,0.0,0.0,1.0,0.0,34.22000000000009,33.27000000000009,34.700000000000095,33.27000000000009,0.03206925646563059,0.00391507803196856,0.028154178433662014,0.042083596922428204,0.03909831598951712,0.0,0.03039158386908225,2022-08-08 07:00:00
2022-08-02 07:00:00,34.57,35.0,33.57,34.26,7561800,0.0,0.0,0.0,0.0,0.0,0.0,0.0,0.0,1.0,0.0,34.26000000000008,34.570000000000086,35.000000000000085,33.570000000000086,0.0011682244319263049,0.010175985469485537,-0.009007761037559316,0.0417152504974701,0.0373360228504192,0.0,0.034150612959719995,2022-08-09 07:00:00
2022-08-03 07:00:00,33.31,34.26,33.31,34.18,8645000,0.0,0.0,0.0,0.0,0.0,0.0,0.0,0.0,1.0,0.0,34.180000000000085,33.31000000000008,34.26000000000008,33.31000000000008,-0.0023378152085289905,-0.028120840690385625,0.025783025481856663,0.028120840690385618,0.03574285989901976,1.0,0.039204212990052945,2022-08-05 07:00:00
2022-08-04 07:00:00,34.74,35.39,34.18,34.31,6926300,0.0,0.0,0.0,0.0,0.0,0.0,0.0,0.0,1.0,0.0,34.31000000000009,34.74000000000009,35.390000000000086,34.180000000000085,0.0037961791829136697,0.016251083125514074,-0.012454903942600435,0.034788616669927094,0.03404634389869227,1.0,0.035266686097347844,2022-08-05 07:00:00
2022-08-05 07:00:00,34.18,35.74,34.0,35.52,8401900,0.0,0.0,0.0,0.0,0.0,0.0,0.0,0.0,1.0,0.0,35.520000000000095,34.18000000000009,35.740000000000094,34.00000000000009,0.034659061253611095,-0.0037961791829133375,0.03845524043652454,0.04990998511512046,0.033277682011562316,0.0,-0.012105855855855774,2022-08-12 07:00:00
2022-08-08 07:00:00,36.25,36.25,35.0,35.26,7035900,0.0,0.0,0.0,0.0,0.0,0.0,0.0,0.0,1.0,0.0,35.26000000000009,36.2500000000001,36.2500000000001,35.00000000000009,-0.007346741154245323,0.020343463176714493,-0.027690204330959842,0.03509131981127019,0.0321664378913633,1.0,0.03318207600680667,2022-08-10 07:00:00
2022-08-09 07:00:00,35.39,35.95,34.91,35.43,5416600,0.0,0.0,0.0,0.0,0.0,0.0,0.0,0.0,1.0,0.0,35.43000000000009,35.39000000000009,35.950000000000095,34.91000000000009,0.004809741907656598,0.003680117387648001,0.0011296245200086948,0.029355763050111207,0.03063391989633231,0.0,0.007338413773638086,2022-08-16 07:00:00
2022-08-10 07:00:00,35.35,37.03,35.17,36.43,9908200,0.0,0.0,0.0,0.0,0.0,0.0,0.0,0.0,1.0,0.0,36.4300000000001,35.350000000000094,37.0300000000001,35.170000000000094,0.02783369214309184,-0.0022605265347988603,0.030094218677890784,0.05153494843963025,0.02966485109004491,-1.0,-0.049958825144112096,2022-08-11 07:00:00
2022-08-11 07:00:00,36.86,36.95,34.18,34.61,12624900,0.0,0.0,0.0,0.0,0.0,0.0,0.0,0.0,1.0,0.0,34.61000000000009,36.8600000000001,36.9500000000001,34.18000000000009,-0.05124995337321965,0.011734341221204767,-0.06298429459442442,0.07792496970676592,0.033897841224907764,0.0,0.019936434556486526,2022-08-18 07:00:00
2022-08-12 07:00:00,34.61,35.43,34.26,35.09,6583700,0.0,0.0,0.0,0.0,0.0,0.0,0.0,0.0,1.0,0.0,35.090000000000096,34.61000000000009,35.43000000000009,34.26000000000009,0.013773531947870874,0.0,0.013773531947870874,0.033580425981406765,0.0323469162065733,0.0,0.0037047591906522737,2022-08-19 07:00:00
2022-08-15 07:00:00,35.48,35.61,34.83,35.22,5604000,0.0,0.0,0.0,0.0,0.0,0.0,0.0,0.0,1.0,0.0,35.22000000000009,35.48000000000009,35.61000000000009,34.83000000000009,0.0036979134729362225,0.01105296784625488,-0.007355054373318602,0.02214741291177641,0.030775871427767592,-1.0,-0.06274843838728017,2022-08-22 07:00:00
2022-08-16 07:00:00,35.22,35.91,35.04,35.69,6431900,0.0,0.0,0.0,0.0,0.0,0.0,0.0,0.0,1.0,0.0,35.69000000000009,35.22000000000009,35.91000000000009,35.04000000000009,0.013256434434008854,0.0,0.013256434434008854,0.024525542169800744,0.029360125124699,-1.0,-0.07509106192210724,2022-08-22 07:00:00
2022-08-17 07:00:00,35.78,37.03,35.56,35.65,11277600,0.0,0.0,0.0,0.0,0.0,0.0,0.0,0.0,1.0,0.0,35.65000000000009,35.78000000000009,37.0300000000001,35.560000000000095,-0.001121390641764047,0.0025185405785042307,-0.003639931220268203,0.04050698427981763,0.028021057042163275,-1.0,-0.07405329593267906,2022-08-22 07:00:00
2022-08-18 07:00:00,35.48,35.78,35.04,35.3,6327400,0.0,0.0,0.0,0.0,0.0,0.0,0.0,0.0,1.0,0.0,35.30000000000009,35.48000000000009,35.78000000000009,35.04000000000009,-0.009866182921053832,-0.0047799894189261855,-0.005086193502127635,0.020898812012382403,0.027066061596790588,-1.0,-0.06487252124645915,2022-08-22 07:00:00
2022-08-19 07:00:00,35.3,35.91,34.78,35.22,6441900,0.0,0.0,0.0,0.0,0.0,0.0,0.0,0.0,1.0,0.0,35.220000000000084,35.30000000000008,35.91000000000008,34.780000000000086,-0.0022688608711911983,-2.2204460492503136e-16,-0.002268860871190976,0.03197329931185419,0.02582038190690936,-1.0,-0.06274843838728006,2022-08-22 07:00:00
2022-08-22 07:00:00,34.7,35.0,32.88,33.01,14506300,0.0,0.0,0.0,0.0,0.0,0.0,0.0,0.0,1.0,0.0,33.010000000000076,34.70000000000009,35.000000000000085,32.88000000000008,-0.06480355720295855,-0.014874416115246472,-0.04992914108771206,0.06248349130143449,0.032066987029818035,1.0,0.04847016055740694,2022-08-23 07:00:00
2022-08-23 07:00:00,32.49,34.61,32.49,34.61,7628500,0.0,0.0,0.0,0.0,0.0,0.0,0.0,0.0,1.0,0.0,34.610000000000085,32.49000000000008,34.610000000000085,32.49000000000008,0.047332111782151326,-0.015878196184092527,0.063210307966244,0.063210307966244,0.034042640241614235,-1.0,-0.04998555330829235,2022-08-30 07:00:00
2022-08-24 07:00:00,34.78,35.0,34.13,34.26,5231700,0.0,0.0,0.0,0.0,0.0,0.0,0.0,0.0,1.0,0.0,34.26000000000008,34.780000000000086,35.000000000000085,34.13000000000009,-0.010164164751279063,0.0048998512788841105,-0.015064016030163215,0.02517129857079796,0.03258476369580021,-1.0,-0.04028021015761818,2022-08-30 07:00:00
2022-08-25 07:00:00,34.26,35.13,34.09,34.61,6039400,0.0,0.0,0.0,0.0,0.0,0.0,0.0,0.0,1.0,0.0,34.610000000000085,34.26000000000008,35.13000000000009,34.09000000000009,0.01016416475127897,0.0,0.01016416475127897,0.03005138012792376,0.031123269358299573,-1.0,-0.04998555330829235,2022-08-30 07:00:00
2022-08-26 07:00:00,34.78,35.48,34.35,34.7,9010000,0.0,0.0,0.0,0.0,0.0,0.0,0.0,0.0,1.0,0.0,34.70000000000009,34.780000000000086,35.48000000000008,34.35000000000009,0.002597029305560792,0.0048998512788841105,-0.0023028219733234527,0.03236713877302025,0.029605476718658926,-1.0,-0.05244956772334297,2022-08-30 07:00:00
2022-08-29 07:00:00,33.75,34.44,32.88,34.44,9304600,0.0,0.0,0.0,0.0,0.0,0.0,0.0,0.0,1.0,0.0,34.44000000000008,33.750000000000085,34.44000000000008,32.88000000000008,-0.007521007393283589,-0.027759269634274716,0.020238262240991046,0.046354109371550774,0.02829851041353354,-1.0,-0.04529616724738672,2022-08-30 07:00:00
2022-08-30 07:00:00,34.61,34.78,32.88,32.88,7561700,0.0,0.0,0.0,0.0,0.0,0.0,0.0,0.0,1.0,0.0,32.88000000000008,34.610000000000085,34.780000000000086,32.88000000000008,-0.04635410937155084,0.004923978087722848,-0.05127808745927367,0.05617793873815792,0.030443252858574344,-1.0,-0.03953771289537711,2022-09-07 07:00:00
2022-08-31 07:00:00,32.19,33.36,32.01,32.88,9204300,0.0,0.0,0.0,0.0,0.0,0.0,0.0,0.0,1.0,0.0,32.88000000000008,32.190000000000076,33.36000000000008,32.010000000000076,0.0,-0.021208724877262417,0.021208724877262556,0.04130922350877427,0.028977941109460018,-1.0,-0.03953771289537711,2022-09-07 07:00:00
2022-09-05 07:00:00,32.88,33.4,32.62,32.62,5268200,0.0,0.0,0.0,0.0,0.0,0.0,0.0,0.0,1.0,0.0,32.620000000000076,32.88000000000008,33.40000000000008,32.620000000000076,-0.007938972995111485,0.0,-0.007938972995111485,0.023630302789786835,0.027599142817048648,-1.0,-0.03188228080931932,2022-09-07 07:00:00
2022-09-06 07:00:00,32.71,33.62,32.58,33.31,6322700,0.0,0.0,0.0,0.0,0.0,0.0,0.0,0.0,1.0,0.0,33.31000000000009,32.710000000000086,33.62000000000009,32.580000000000084,0.02093205501272069,0.0027552443574250865,0.01817681065529583,0.031422524806570616,0.027282330122004962,-1.0,-0.051936355448814364,2022-09-07 07:00:00
2022-09-07 07:00:00,33.18,33.57,31.58,31.58,7796900,0.0,0.0,0.0,0.0,0.0,0.0,0.0,0.0,1.0,0.0,31.580000000000076,33.18000000000008,33.570000000000086,31.580000000000076,-0.05333364337809246,-0.003910367443290136,-0.049423275934802315,0.06110880216444766,0.030302950399919336,-1.0,-0.04116529449018358,2022-09-08 07:00:00
2022-09-08 07:00:00,32.19,32.27,30.28,30.28,8796700,0.0,0.0,0.0,0.0,0.0,0.0,0.0,0.0,1.0,0.0,30.280000000000076,32.190000000000076,32.27000000000008,30.280000000000076,-0.04203658025824792,0.019131836483220678,-0.061168416741468605,0.06365057749462248,0.030764837630821693,1.0,0.05713342140026434,2022-09-09 07:00:00
2022-09-09 07:00:00,30.63,32.01,28.55,32.01,12071300,0.0,0.0,0.0,0.0,0.0,0.0,0.0,0.0,1.0,0.0,32.01000000000008,30.63000000000008,32.01000000000008,28.550000000000075,0.05556092541252379,0.011492492275435895,0.04406843313708785,0.11439141787975238,0.035255786071323354,-1.0,-0.037800687285223344,2022-09-13 07:00:00
2022-09-12 07:00:00,32.01,32.01,31.15,31.15,4526900,0.0,0.0,0.0,0.0,0.0,0.0,0.0,0.0,1.0,0.0,31.15000000000008,32.01000000000008,32.01000000000008,31.15000000000008,-0.027234108748309525,0.0,-0.027234108748309525,0.027234108748309557,0.034287643235251505,-1.0,-0.06388443017656509,2022-09-16 07:00:00
2022-09-13 07:00:00,31.15,31.15,30.28,30.8,5019300,0.0,0.0,0.0,0.0,0.0,0.0,0.0,0.0,1.0,0.0,30.800000000000082,31.15000000000008,31.15000000000008,30.280000000000083,-0.011299555253933282,0.0,-0.011299555253933282,0.028326816664213994,0.03265655098265515,-1.0,-0.05324675324675343,2022-09-16 07:00:00
2022-09-14 07:00:00,29.85,31.32,29.85,30.8,8125100,0.0,0.0,0.0,0.0,0.0,0.0,0.0,0.0,1.0,0.0,30.800000000000082,29.85000000000008,31.320000000000082,29.85000000000008,0.0,-0.03132985014091774,0.031329850140917645,0.04807203128399123,0.031120399928760267,-1.0,-0.05324675324675343,2022-09-16 07:00:00
2022-09-15 07:00:00,30.93,31.32,30.67,30.67,3726300,0.0,0.0,0.0,0.0,0.0,0.0,0.0,0.0,1.0,0.0,30.67000000000008,30.930000000000074,31.32000000000008,30.670000000000076,-0.004229711853368744,0.004211896717449148,-0.00844160857081785,0.020971892996442167,0.02960470117087029,-1.0,-0.04923377893707226,2022-09-16 07:00:00
2022-09-16 07:00:00,30.46,30.54,29.12,29.16,8242600,0.0,0.0,0.0,0.0,0.0,0.0,0.0,0.0,1.0,0.0,29.16000000000007,30.460000000000075,30.540000000000074,29.120000000000072,-0.05048707098570298,-0.006870630659144544,-0.043616440326558384,0.047612076462001204,0.031242153474631627,-1.0,-0.045953360768175244,2022-09-23 07:00:00
2022-09-19 07:00:00,29.25,29.42,27.26,28.55,11066200,0.0,0.0,0.0,0.0,0.0,0.0,0.0,0.0,1.0,0.0,28.55000000000007,29.25000000000007,29.420000000000073,27.26000000000007,-0.02114097103843807,0.0030816665374081144,-0.02422263757584619,0.0762542889049049,0.02991162125475506,-1.0,-0.03327495621716259,2022-09-26 07:00:00
2022-09-20 07:00:00,28.55,28.99,27.77,28.6,5185300,0.0,0.0,0.0,0.0,0.0,0.0,0.0,0.0,1.0,0.0,28.600000000000076,28.550000000000075,28.990000000000077,27.770000000000074,0.0017497817237877723,2.2204460492503128e-16,0.0017497817237877723,0.042994641614856006,0.028706062587771083,-1.0,-0.03496503496503489,2022-09-26 07:00:00
2022-09-21 07:00:00,28.21,29.16,28.03,28.47,3782600,0.0,0.0,0.0,0.0,0.0,0.0,0.0,0.0,1.0,0.0,28.470000000000077,28.210000000000075,29.16000000000008,28.030000000000076,-0.004555816535860691,-0.01373019281190202,0.00917437627604123,0.0395225419637605,0.027348942890291456,-1.0,-0.030558482613277094,2022-09-26 07:00:00
2022-09-22 07:00:00,28.12,28.94,28.12,28.68,4581400,0.0,0.0,0.0,0.0,0.0,0.0,0.0,0.0,1.0,0.0,28.680000000000078,28.120000000000076,28.94000000000008,28.120000000000076,0.007349114441473331,-0.012369834347482105,0.019718948788955425,0.028743654260873632,0.02648809976063357,-1.0,-0.02998605299860524,2022-09-23 07:00:00
2022-09-23 07:00:00,28.55,28.9,27.82,27.82,4695100,0.0,0.0,0.0,0.0,0.0,0.0,0.0,0.0,1.0,0.0,27.82000000000008,28.550000000000082,28.90000000000008,27.820000000000082,-0.030444829236122697,-0.004543079629400188,-0.025901749606722403,0.03808640862308945,0.02611466774769758,-1.0,-0.03882099209202017,2022-09-27 07:00:00
2022-09-26 07:00:00,26.82,27.6,25.87,27.6,18104400,0.0,0.0,0.0,0.0,0.0,0.0,0.0,0.0,1.0,0.0,27.600000000000076,26.82000000000007,27.600000000000076,25.87000000000007,-0.007939413772192611,-0.036607308641764584,0.028667894869571848,0.06473177652516668,0.024846394842132215,-1.0,-0.031159420289855078,2022-09-27 07:00:00
2022-09-27 07:00:00,27.26,27.6,25.96,26.74,4925200,0.0,0.0,0.0,0.0,0.0,0.0,0.0,0.0,1.0,0.0,26.740000000000073,27.26000000000008,27.60000000000008,25.960000000000075,-0.031655201049307205,-0.012395346454717614,-0.019259854594589593,0.06125888088721501,0.02454669824826106,-1.0,-0.029169783096484547,2022-09-29 07:00:00
2022-09-28 07:00:00,25.96,27.13,25.61,26.65,7593900,0.0,0.0,0.0,0.0,0.0,0.0,0.0,0.0,1.0,0.0,26.650000000000073,25.960000000000075,27.130000000000077,25.610000000000074,-0.003371421061943525,-0.02960367983790775,0.026232258775964152,0.057657226459406366,0.02348387128342366,-1.0,-0.02589118198874285,2022-09-29 07:00:00
2022-09-29 07:00:00,27.0,27.26,25.87,25.96,5295800,0.0,0.0,0.0,0.0,0.0,0.0,0.0,0.0,1.0,0.0,25.960000000000075,27.000000000000078,27.26000000000008,25.870000000000076,-0.026232258775964183,0.013047715392475675,-0.03927997416843982,0.05233643007044875,0.02280784550103001,-1.0,-0.07858243451463776,2022-10-03 07:00:00
2022-09-30 07:00:00,25.53,25.7,24.14,25.7,13026800,0.0,0.0,0.0,0.0,0.0,0.0,0.0,0.0,1.0,0.0,25.700000000000074,25.530000000000076,25.700000000000074,24.14000000000007,-0.010065899934715145,-0.016702660582496733,0.006636760647781656,0.06262077623178854,0.021705883731417665,-1.0,-0.06926070038910492,2022-10-03 07:00:00
2022-10-03 07:00:00,24.7,25.35,23.92,23.92,6420800,0.0,0.0,0.0,0.0,0.0,0.0,0.0,0.0,1.0,0.0,23.920000000000073,24.70000000000007,25.350000000000076,23.92000000000007,-0.07177606281874298,-0.03968774826724258,-0.03208831455150028,0.05806380095476133,0.02735944111922898,1.0,0.030936454849498363,2022-10-05 07:00:00
2022-10-04 07:00:00,23.79,24.23,22.32,23.32,13431400,0.0,0.0,0.0,0.0,0.0,0.0,0.0,0.0,1.0,0.0,23.32000000000007,23.790000000000074,24.230000000000075,22.32000000000007,-0.02540356760013934,-0.005449604767564591,-0.01995396283257472,0.08210839731532414,0.026123362748219598,1.0,0.05746140651801035,2022-10-05 07:00:00
2022-10-05 07:00:00,23.71,24.83,23.45,24.66,9020000,0.0,0.0,0.0,0.0,0.0,0.0,0.0,0.0,1.0,0.0,24.660000000000075,23.710000000000075,24.830000000000076,23.450000000000074,0.05587113625390667,0.016585538595022632,0.039285597658884036,0.05718210462778684,0.03346654967845351,-1.0,-0.04217356042173559,2022-10-06 07:00:00
2022-10-06 07:00:00,24.66,24.7,23.1,23.62,8611500,0.0,0.0,0.0,0.0,0.0,0.0,0.0,0.0,1.0,0.0,23.620000000000072,24.66000000000008,24.700000000000077,23.100000000000072,-0.043088686966981975,2.2204460492503128e-16,-0.04308868696698209,0.06697062610618375,0.03322625062707453,-1.0,-0.09695173581710415,2022-10-11 07:00:00
2022-10-07 07:00:00,22.32,23.06,21.98,23.06,16525700,0.0,0.0,0.0,0.0,0.0,0.0,0.0,0.0,1.0,0.0,23.06000000000007,22.32000000000007,23.06000000000007,21.980000000000068,-0.023994295928303332,-0.05661067325610594,0.032616377327802676,0.04796656586543753,0.03173389990441619,-1.0,-0.07502168256721586,2022-10-11 07:00:00
2022-10-10 07:00:00,21.54,22.97,21.5,22.93,9234100,0.0,0.0,0.0,0.0,0.0,0.0,0.0,0.0,1.0,0.0,22.93000000000007,21.540000000000067,22.97000000000007,21.500000000000068,-0.0056534179710998455,-0.06818784311267044,0.06253442514157055,0.0661360815673896,0.03032713909714197,-1.0,-0.06977758395115574,2022-10-11 07:00:00
2022-10-11 07:00:00,22.32,22.76,21.33,21.33,8799700,0.0,0.0,0.0,0.0,0.0,0.0,0.0,0.0,1.0,0.0,21.330000000000066,22.32000000000007,22.760000000000073,21.330000000000066,-0.07233156438655393,-0.02696295935670275,-0.045368605029851065,0.06489007677487102,0.033702551244932225,1.0,0.0365682137834038,2022-10-14 07:00:00
2022-10-12 07:00:00,19.9,22.06,19.86,21.37,12537500,0.0,0.0,0.0,0.0,0.0,0.0,0.0,0.0,1.0,0.0,21.37000000000007,19.90000000000006,22.060000000000066,19.86000000000006,0.001873536847797127,-0.06939480075281265,0.07126833760060981,0.10505835520832991,0.032725945198867616,1.0,0.03462798315395421,2022-10-14 07:00:00
2022-10-13 07:00:00,21.63,22.45,21.46,21.89,5794700,0.0,0.0,0.0,0.0,0.0,0.0,0.0,0.0,1.0,0.0,21.890000000000068,21.630000000000067,22.45000000000007,21.46000000000007,0.02404184220371513,0.012093170633910941,0.011948671569804312,0.0450998769857109,0.0335933086963462,1.0,0.03563270899954318,2022-10-18 07:00:00
2022-10-14 07:00:00,22.37,22.76,22.06,22.11,6051100,0.0,0.0,0.0,0.0,0.0,0.0,0.0,0.0,1.0,0.0,22.11000000000007,22.370000000000072,22.760000000000073,22.060000000000066,0.010000083334583399,0.02169086396726686,-0.0116907806326833,0.03123859543277391,0.03275438469324106,-1.0,-0.04115784712799653,2022-10-17 07:00:00
2022-10-17 07:00:00,21.63,21.8,20.59,21.2,8402200,0.0,0.0,0.0,0.0,0.0,0.0,0.0,0.0,1.0,0.0,21.200000000000063,21.630000000000067,21.800000000000068,20.590000000000064,-0.04202881319138831,-0.021948754904387652,-0.020080058287000695,0.057104448755345226,0.03247335294345867,1.0,0.0693396226415095,2022-10-18 07:00:00
2022-10-18 07:00:00,21.63,22.67,21.37,22.67,11719300,0.0,0.0,0.0,0.0,0.0,0.0,0.0,0.0,1.0,0.0,22.67000000000007,21.630000000000063,22.670000000000066,21.37000000000006,0.06704128284147091,0.02008005828700049,0.04696122455447035,0.05905439518838143,0.03946485980402127,-1.0,-0.1010145566828411,2022-10-21 07:00:00
2022-10-19 07:00:00,22.93,23.1,22.58,22.58,5436800,0.0,0.0,0.0,0.0,0.0,0.0,0.0,0.0,1.0,0.0,22.580000000000066,22.930000000000067,23.10000000000007,22.580000000000062,-0.0039779057979218236,0.011403632350375306,-0.015381538148297142,0.02276805880623203,0.03754787087087597,-1.0,-0.09743135518157675,2022-10-21 07:00:00
2022-10-20 07:00:00,22.41,22.71,21.85,21.89,5160700,0.0,0.0,0.0,0.0,0.0,0.0,0.0,0.0,1.0,0.0,21.890000000000065,22.410000000000064,22.710000000000065,21.850000000000065,-0.031034647186744365,-0.007557270908680395,-0.023477376278063976,0.038604434575867735,0.03647220199142293,-1.0,-0.06898126998629528,2022-10-21 07:00:00
2022-10-21 07:00:00,21.89,21.89,20.38,20.38,10090200,0.0,0.0,0.0,0.0,0.0,0.0,0.0,0.0,1.0,0.0,20.380000000000056,21.890000000000065,21.890000000000065,20.38000000000006,-0.071475883740193,0.0,-0.071475883740193,0.07147588374019279,0.039491020718136566,-1.0,-0.06820412168792922,2022-10-24 07:00:00
2022-10-24 07:00:00,20.16,20.33,18.99,18.99,4999500,0.0,0.0,0.0,0.0,0.0,0.0,0.0,0.0,1.0,0.0,18.990000000000055,20.160000000000057,20.33000000000006,18.99000000000005,-0.07064150297038412,-0.01085358459141079,-0.05978791837897326,0.06818510281606084,0.04115728061933668,-1.0,-0.0684570826750922,2022-10-25 07:00:00
2022-10-25 07:00:00,17.69,19.47,17.69,17.69,14021100,0.0,0.0,0.0,0.0,0.0,0.0,0.0,0.0,1.0,0.0,17.69000000000005,17.69000000000005,19.470000000000056,17.69000000000005,-0.07091301665250066,-0.07091301665250066,0.0,0.09587531121241441,0.04203187792353401,-1.0,-0.06840022611645002,2022-10-26 07:00:00
2022-10-26 07:00:00,16.96,17.65,16.48,16.48,7705800,0.0,0.0,0.0,0.0,0.0,0.0,0.0,0.0,1.0,0.0,16.480000000000047,16.96000000000005,17.65000000000005,16.480000000000047,-0.07085198369036833,-0.04214187780793675,-0.02871010588243148,0.06858825889797998,0.042302883665870664,-1.0,-0.07038834951456296,2022-10-31 07:00:00
2022-10-27 07:00:00,15.36,17.43,15.36,17.13,27040700,0.0,0.0,0.0,0.0,0.0,0.0,0.0,0.0,1.0,0.0,17.13000000000005,15.360000000000044,17.43000000000005,15.360000000000044,0.038683787854702854,-0.0703807967617995,0.10906458461650244,0.12642613181240345,0.045150629742088805,-1.0,-0.10566258026853459,2022-10-31 07:00:00
2022-10-28 07:00:00,17.65,18.17,16.44,16.44,10866100,0.0,0.0,0.0,0.0,0.0,0.0,0.0,0.0,1.0,0.0,16.44000000000005,17.650000000000052,18.17000000000006,16.44000000000005,-0.04111392270799442,0.029904471043277314,-0.07101839375127174,0.10005449278004618,0.04329782497918375,-1.0,-0.06812652068126523,2022-10-31 07:00:00
2022-10-31 07:00:00,16.01,16.18,15.32,15.32,19026400,0.0,0.0,0.0,0.0,0.0,0.0,0.0,0.0,1.0,0.0,15.320000000000046,16.01000000000005,16.18000000000005,15.320000000000048,-0.07055822531558864,-0.026503862619410477,-0.044054362696178274,0.054616747317900394,0.04344955898954418,1.0,0.06723237597911225,2022-11-01 07:00:00
2022-11-01 07:00:00,15.57,16.35,15.49,16.35,17193100,0.0,0.0,0.0,0.0,0.0,0.0,0.0,0.0,1.0,0.0,16.350000000000048,15.570000000000045,16.350000000000048,15.490000000000045,0.06506873303081713,0.0161868215334615,0.04888191149735545,0.054033242914485136,0.0501005408644174,-1.0,-0.05810397553516822,2022-11-03 07:00:00
2022-11-02 07:00:00,16.44,17.0,16.09,16.09,10306100,0.0,0.0,0.0,0.0,0.0,0.0,0.0,0.0,1.0,0.0,16.090000000000046,16.440000000000047,17.00000000000005,16.090000000000046,-0.016029936338970634,0.005489492284771515,-0.021519428623742076,0.05501538305192423,0.04767017624609561,-1.0,-0.10752019888129272,2022-11-04 07:00:00
2022-11-03 07:00:00,15.19,16.27,15.19,15.4,12256200,0.0,0.0,0.0,0.0,0.0,0.0,0.0,0.0,1.0,0.0,15.400000000000045,15.190000000000044,16.270000000000046,15.190000000000044,-0.043830451584708364,-0.05756064439661037,0.013730192811902037,0.06868560462326487,0.04592546217691074,-1.0,-0.06753246753246755,2022-11-04 07:00:00
2022-11-04 07:00:00,15.32,15.36,14.36,14.36,13199900,0.0,0.0,0.0,0.0,0.0,0.0,0.0,0.0,1.0,0.0,14.360000000000042,15.320000000000045,15.360000000000044,14.36000000000004,-0.06992094579950538,-0.005208345107138235,-0.06471260069236709,0.06732016409944803,0.046012431627534406,-1.0,-0.06894150417827305,2022-11-07 07:00:00
2022-11-07 07:00:00,13.37,13.37,13.37,13.37,2477300,0.0,0.0,0.0,0.0,0.0,0.0,0.0,0.0,1.0,0.0,13.370000000000038,13.370000000000038,13.370000000000038,13.370000000000038,-0.07143317250622638,-0.07143317250622638,0.0,0.0,0.045810547624032305,-1.0,-0.0680628272251308,2022-11-08 07:00:00
2022-11-08 07:00:00,12.46,12.46,12.46,12.46,1242400,0.0,0.0,0.0,0.0,0.0,0.0,0.0,0.0,1.0,0.0,12.460000000000036,12.460000000000036,12.460000000000036,12.460000000000036,-0.07048987775454463,-0.07048987775454463,0.0,0.0,0.0451856649176989,-1.0,-0.06982343499197452,2022-11-09 07:00:00
2022-11-09 07:00:00,11.59,13.11,11.59,11.59,57331500,0.0,0.0,0.0,0.0,0.0,0.0,0.0,0.0,1.0,0.0,11.590000000000032,11.59000000000003,13.110000000000035,11.59000000000003,-0.07238085600764696,-0.07238085600764708,2.2204460492503128e-16,0.12323264042394826,0.044463509868492894,-1.0,-0.0664365832614322,2022-11-10 07:00:00
2022-11-10 07:00:00,10.82,11.29,10.82,10.82,13218900,0.0,0.0,0.0,0.0,0.0,0.0,0.0,0.0,1.0,0.0,10.82000000000003,10.820000000000032,11.290000000000031,10.820000000000032,-0.0687463839333248,-0.06874638393332469,-1.1102230246251565e-16,0.04252110474323497,0.04328438966820397,-1.0,-0.06839186691312382,2022-11-11 07:00:00
2022-11-11 07:00:00,10.38,11.03,10.08,10.08,19507200,0.0,0.0,0.0,0.0,0.0,0.0,0.0,0.0,1.0,0.0,10.080000000000028,10.380000000000031,11.030000000000031,10.080000000000028,-0.07084301077511287,-0.041515395680592725,-0.029327615094520178,0.09006557062218865,0.0421362293670028,-1.0,-0.06845238095238093,2022-11-14 07:00:00
2022-11-14 07:00:00,9.39,9.56,9.39,9.39,20547800,0.0,0.0,0.0,0.0,0.0,0.0,0.0,0.0,1.0,0.0,9.390000000000027,9.390000000000027,9.560000000000029,9.390000000000027,-0.070907969423051,-0.070907969423051,0.0,0.017942433843138574,0.040895801922765325,-1.0,-0.06922257720979763,2022-11-15 07:00:00
2022-11-15 07:00:00,8.74,8.74,8.74,8.74,1082300,0.0,0.0,0.0,0.0,0.0,0.0,0.0,0.0,1.0,0.0,8.740000000000025,8.740000000000025,8.740000000000025,8.740000000000025,-0.07173510355272741,-0.07173510355272741,0.0,0.0,0.03963605635339135,1.0,0.06864988558352403,2022-11-16 07:00:00
2022-11-16 07:00:00,8.13,9.34,8.13,9.34,51935000,0.0,0.0,0.0,0.0,0.0,0.0,0.0,0.0,1.0,0.0,9.340000000000027,8.130000000000024,9.340000000000027,8.130000000000024,0.06639606257330716,-0.07234926610772481,0.138745328681032,0.138745328681032,0.05125327565223843,1.0,0.10278372591006435,2022-11-18 07:00:00
2022-11-17 07:00:00,9.47,9.99,9.47,9.65,16815800,0.0,0.0,0.0,0.0,0.0,0.0,0.0,0.0,1.0,0.0,9.650000000000029,9.470000000000027,9.990000000000029,9.470000000000027,0.03265166311014355,0.013822654957235727,0.018829008152907778,0.053455685462475304,0.05318192045689064,1.0,0.06735751295336789,2022-11-18 07:00:00
2022-11-18 07:00:00,9.69,10.3,9.09,10.3,29358100,0.0,0.0,0.0,0.0,0.0,0.0,0.0,0.0,1.0,0.0,10.300000000000031,9.690000000000028,10.300000000000031,9.090000000000027,0.06518597988469554,0.0041365105517802755,0.06104946933291542,0.12496898704620264,0.058321708886147045,1.0,0.06699029126213585,2022-11-21 07:00:00
2022-11-21 07:00:00,10.99,10.99,10.77,10.99,29409600,0.0,0.0,0.0,0.0,0.0,0.0,0.0,0.0,1.0,0.0,10.990000000000032,10.990000000000032,10.990000000000032,10.770000000000032,0.06484187317993984,0.06484187317993984,0.0,0.02022127724723286,0.061332570877320504,1.0,0.09463148316651515,2022-11-28 07:00:00
2022-11-22 07:00:00,11.55,11.72,10.56,11.25,36518100,0.0,0.0,0.0,0.0,0.0,0.0,0.0,0.0,1.0,0.0,11.250000000000034,11.550000000000036,11.720000000000038,10.560000000000032,0.023382360234899233,0.04969966855227275,-0.02631730831737353,0.10422350587075135,0.05940048525186456,-1.0,-0.06933333333333325,2022-11-23 07:00:00
2022-11-23 07:00:00,10.99,11.33,10.47,10.47,18978100,0.0,0.0,0.0,0.0,0.0,0.0,0.0,0.0,1.0,0.0,10.470000000000033,10.990000000000034,11.330000000000036,10.470000000000033,-0.07185410376798355,-0.023382360234899,-0.04847174353308446,0.07894005015746958,0.05947368057651099,1.0,0.0744985673352434,2022-11-25 07:00:00
2022-11-24 07:00:00,9.86,10.77,9.78,10.51,28696900,0.0,0.0,0.0,0.0,0.0,0.0,0.0,0.0,1.0,0.0,10.510000000000032,9.86000000000003,10.770000000000033,9.78000000000003,0.00381316000641419,-0.06002785626790159,0.06384101627431574,0.0964250071215713,0.05688697137149512,1.0,0.0704091341579447,2022-11-25 07:00:00
2022-11-25 07:00:00,10.9,11.25,10.64,11.25,20627600,0.0,0.0,0.0,0.0,0.0,0.0,0.0,0.0,1.0,0.0,11.250000000000034,10.900000000000034,11.250000000000036,10.640000000000034,0.06804094376156927,0.036435604346238305,0.031605339415331044,0.055747644736930765,0.059507298250477306,1.0,0.06933333333333347,2022-11-28 07:00:00
2022-11-28 07:00:00,12.03,12.03,11.94,12.03,6090400,0.0,0.0,0.0,0.0,0.0,0.0,0.0,0.0,1.0,0.0,12.030000000000037,12.030000000000037,12.030000000000037,11.940000000000037,0.0670354013361585,0.0670354013361585,0.0,0.007509422022131348,0.06076469168928087,1.0,0.06483790523690769,2022-11-29 07:00:00
2022-11-29 07:00:00,12.85,12.85,11.77,12.81,45771000,0.0,0.0,0.0,0.0,0.0,0.0,0.0,0.0,1.0,0.0,12.81000000000004,12.850000000000039,12.850000000000039,11.770000000000037,0.06282258592205534,0.06594028135464133,-0.003117695432585805,0.0877898900690434,0.060757129297661236,1.0,0.06713505074160797,2022-11-30 07:00:00
2022-11-30 07:00:00,12.81,13.67,12.37,13.67,21464600,0.0,0.0,0.0,0.0,0.0,0.0,0.0,0.0,1.0,0.0,13.67000000000004,12.810000000000038,13.670000000000039,12.370000000000035,0.06497753482721517,-1.1102230246251565e-16,0.06497753482721538,0.09992946433146171,0.06041015838823862,1.0,0.06949524506218019,2022-12-01 07:00:00
2022-12-01 07:00:00,14.62,14.62,13.24,14.62,30680400,0.0,0.0,0.0,0.0,0.0,0.0,0.0,0.0,1.0,0.0,14.620000000000045,14.620000000000045,14.620000000000045,13.240000000000041,0.06718680358577447,0.06718680358577447,0.0,0.09914790381277036,0.05980656494519234,1.0,0.06839945280437765,2022-12-02 07:00:00
2022-12-02 07:00:00,15.57,15.62,14.15,15.62,37004600,0.0,0.0,0.0,0.0,0.0,0.0,0.0,0.0,1.0,0.0,15.620000000000049,15.570000000000048,15.620000000000047,14.150000000000045,0.06616169008990753,0.0629555315242746,0.0032061585656329005,0.09883752032229307,0.058754731712296906,1.0,0.06914212548015364,2022-12-05 07:00:00
2022-12-05 07:00:00,16.57,16.7,15.88,16.7,18009300,0.0,0.0,0.0,0.0,0.0,0.0,0.0,0.0,1.0,0.0,16.700000000000053,16.57000000000005,16.700000000000053,15.88000000000005,0.06685657501116951,0.0590416870269315,0.00781488798423799,0.05034826360371971,0.05749542529223469,-1.0,-0.07005988023952092,2022-12-06 07:00:00
2022-12-06 07:00:00,16.7,17.65,15.53,15.53,44242600,0.0,0.0,0.0,0.0,0.0,0.0,0.0,0.0,1.0,0.0,15.530000000000049,16.700000000000053,17.650000000000052,15.530000000000047,-0.07263508226211368,0.0,-0.07263508226211368,0.12796214621871,0.06227725855236726,-1.0,-0.06954282034771408,2022-12-07 07:00:00
2022-12-07 07:00:00,14.71,15.49,14.45,14.45,26931500,0.0,0.0,0.0,0.0,0.0,0.0,0.0,0.0,1.0,0.0,14.450000000000045,14.710000000000047,15.490000000000048,14.450000000000044,-0.07207922260215452,-0.054246102547249465,-0.01783312005490507,0.06950023987033609,0.06501259720911119,1.0,0.06851211072664354,2022-12-08 07:00:00
2022-12-08 07:00:00,14.88,15.44,14.84,15.44,17111000,0.0,0.0,0.0,0.0,0.0,0.0,0.0,0.0,1.0,0.0,15.440000000000047,14.880000000000047,15.440000000000047,14.840000000000046,0.06626713003818889,0.029323614846504652,0.036943515191684276,0.03963530685739565,0.06424866492590703,1.0,0.06735751295336789,2022-12-09 07:00:00
2022-12-09 07:00:00,16.18,16.48,15.23,16.48,22983000,0.0,0.0,0.0,0.0,0.0,0.0,0.0,0.0,1.0,0.0,16.48000000000005,16.18000000000005,16.48000000000005,15.230000000000048,0.06518597988469554,0.04681436703371547,0.018371612850980063,0.07888035757425498,0.06303392578836145,-1.0,-0.06796116504854388,2022-12-12 07:00:00
2022-12-12 07:00:00,16.61,17.13,15.36,15.36,20850800,0.0,0.0,0.0,0.0,0.0,0.0,0.0,0.0,1.0,0.0,15.360000000000044,16.610000000000046,17.13000000000005,15.360000000000044,-0.07038079676179974,0.007857399143877503,-0.07823819590567728,0.10906458461650244,0.06569688917499811,1.0,0.07031250000000022,2022-12-16 07:00:00
2022-12-13 07:00:00,14.93,15.96,14.32,15.96,28579700,0.0,0.0,0.0,0.0,0.0,0.0,0.0,0.0,1.0,0.0,15.960000000000047,14.930000000000042,15.960000000000047,14.320000000000041,0.0383188643021366,-0.028394116168427054,0.06671298047056382,0.10842843048916327,0.06305748902975887,-1.0,-0.09210526315789447,2022-12-20 07:00:00
2022-12-14 07:00:00,16.44,16.44,15.4,15.4,13165300,0.0,0.0,0.0,0.0,0.0,0.0,0.0,0.0,1.0,0.0,15.400000000000045,16.440000000000047,16.440000000000047,15.400000000000045,-0.03571808260207923,0.02963179760637115,-0.06534988020845042,0.06534988020845041,0.061745729013965855,1.0,0.06753246753246778,2022-12-16 07:00:00
2022-12-15 07:00:00,15.1,15.96,14.75,15.75,13989900,0.0,0.0,0.0,0.0,0.0,0.0,0.0,0.0,1.0,0.0,15.750000000000046,15.100000000000044,15.960000000000047,14.750000000000043,0.022472855852058576,-0.01967276559870478,0.04214562145076353,0.07884250923583391,0.058886165560024274,-1.0,-0.07999999999999974,2022-12-20 07:00:00
2022-12-16 07:00:00,15.36,16.44,15.19,16.44,22309500,0.0,0.0,0.0,0.0,0.0,0.0,0.0,0.0,1.0,0.0,16.44000000000005,15.360000000000047,16.44000000000005,15.190000000000047,0.042877024356391936,-0.02507363755211585,0.06795066190850775,0.07908007302035235,0.05689740790353556,-1.0,-0.11861313868613133,2022-12-20 07:00:00
2022-12-19 07:00:00,16.7,17.05,15.57,15.57,19117600,0.0,0.0,0.0,0.0,0.0,0.0,0.0,0.0,1.0,0.0,15.570000000000048,16.700000000000053,17.050000000000054,15.570000000000048,-0.05437140378212692,0.0156913297946756,-0.07006273357680247,0.09080421788361888,0.05778164226618458,-1.0,-0.06936416184971084,2022-12-20 07:00:00
2022-12-20 07:00:00,15.4,15.53,14.49,14.49,27131000,0.0,0.0,0.0,0.0,0.0,0.0,0.0,0.0,1.0,0.0,14.490000000000046,15.400000000000048,15.530000000000047,14.490000000000045,-0.07188722951331579,-0.010978476426323401,-0.06090875308699246,0.06931488082800463,0.05980957258043772,-1.0,-0.06832298136645976,2022-12-21 07:00:00
2022-12-21 07:00:00,14.88,14.88,13.5,13.5,18035800,0.0,0.0,0.0,0.0,0.0,0.0,0.0,0.0,1.0,0.0,13.50000000000004,14.880000000000047,14.880000000000047,13.500000000000043,-0.07076907088820739,0.026559273072354665,-0.0973283439605622,0.09732834396056203,0.06064435857144398,0.0,0.005925925925926112,2022-12-28 07:00:00
2022-12-22 07:00:00,13.97,14.1,13.11,13.93,12998900,0.0,0.0,0.0,0.0,0.0,0.0,0.0,0.0,1.0,0.0,13.930000000000042,13.970000000000043,14.100000000000044,13.11000000000004,0.031355102347330514,0.034222487824486725,-0.0028673854771562026,0.0727994996085142,0.05886914607470196,-1.0,-0.08399138549892304,2022-12-26 07:00:00
2022-12-23 07:00:00,13.84,14.28,13.58,13.71,6582800,0.0,0.0,0.0,0.0,0.0,0.0,0.0,0.0,1.0,0.0,13.710000000000043,13.840000000000042,14.280000000000044,13.580000000000043,-0.015919294217491185,-0.006481837602190806,-0.00943745661530043,0.05026183478088808,0.05611166761522282,-1.0,-0.06929248723559445,2022-12-26 07:00:00
2022-12-26 07:00:00,13.8,13.8,12.76,12.76,9105800,0.0,0.0,0.0,0.0,0.0,0.0,0.0,0.0,1.0,0.0,12.76000000000004,13.800000000000043,13.800000000000043,12.760000000000039,-0.0718102156575792,0.006543098588935887,-0.07835331424651512,0.07835331424651537,0.057030253702198115,1.0,0.06818181818181834,2022-12-27 07:00:00
2022-12-27 07:00:00,12.11,13.63,12.03,13.63,13935600,0.0,0.0,0.0,0.0,0.0,0.0,0.0,0.0,1.0,0.0,13.630000000000045,12.11000000000004,13.630000000000047,12.03000000000004,0.06595796779179758,-0.05228372035164284,0.11824168814344037,0.12486971572185374,0.05904308489212781,-1.0,-0.060161408657373405,2022-12-29 07:00:00
2022-12-28 07:00:00,13.97,14.1,13.41,13.58,9488200,0.0,0.0,0.0,0.0,0.0,0.0,0.0,0.0,1.0,0.0,13.580000000000044,13.970000000000047,14.100000000000046,13.410000000000045,-0.0036751235778911943,0.024638927560429142,-0.028314051138320414,0.050174100090535335,0.056161302907789146,-1.0,-0.05670103092783496,2022-12-29 07:00:00
2022-12-29 07:00:00,13.58,13.93,12.81,12.81,8422300,0.0,0.0,0.0,0.0,0.0,0.0,0.0,0.0,1.0,0.0,12.810000000000043,13.580000000000044,13.930000000000046,12.810000000000043,-0.058372006221907094,0.0,-0.058372006221907094,0.08381867188307134,0.05587053011735825,1.0,0.060109289617486183,2023-01-04 07:00:00
2022-12-30 07:00:00,12.98,13.07,12.37,12.37,6044400,0.0,0.0,0.0,0.0,0.0,0.0,0.0,0.0,1.0,0.0,12.370000000000038,12.980000000000041,13.070000000000041,12.370000000000038,-0.034951929504246616,0.013183595367300854,-0.048135524871547514,0.055045341231734074,0.05370603783506568,1.0,0.07033144704931305,2023-01-03 07:00:00
2023-01-03 07:00:00,12.46,13.24,12.46,13.24,6305000,0.0,0.0,0.0,0.0,0.0,0.0,0.0,0.0,1.0,0.0,13.240000000000043,12.460000000000042,13.240000000000045,12.460000000000042,0.0679683641044658,0.007249326954910756,0.06071903714955494,0.06071903714955515,0.05643372478393131,0.0,-0.012839879154078582,2023-01-10 07:00:00
2023-01-04 07:00:00,13.58,13.97,13.5,13.58,11586000,0.0,0.0,0.0,0.0,0.0,0.0,0.0,0.0,1.0,0.0,13.580000000000044,13.580000000000044,13.970000000000047,13.500000000000044,0.02535557162168798,0.02535557162168798,0.0,0.034222487824486725,0.05440613196529597,-1.0,-0.05670103092783518,2023-01-09 07:00:00
2023-01-05 07:00:00,13.63,13.93,13.2,13.71,8350100,0.0,0.0,0.0,0.0,0.0,0.0,0.0,0.0,1.0,0.0,13.710000000000043,13.630000000000043,13.930000000000042,13.20000000000004,0.009527371443672921,0.0036751235778911644,0.005852247865781671,0.053827958199389264,0.051852691482913,-1.0,-0.06564551422319487,2023-01-09 07:00:00
2023-01-06 07:00:00,13.67,13.97,13.07,13.07,9497200,0.0,0.0,0.0,0.0,0.0,0.0,0.0,0.0,1.0,0.0,13.070000000000041,13.670000000000043,13.970000000000043,13.070000000000041,-0.04780596593809248,-0.00292184283836486,-0.044884123099727634,0.0665926456327398,0.05135959931231689,0.0,0.009946442234123776,2023-01-13 07:00:00
2023-01-09 07:00:00,13.32,13.41,12.81,12.81,6428600,0.0,0.0,0.0,0.0,0.0,0.0,0.0,0.0,1.0,0.0,12.81000000000004,13.320000000000041,13.410000000000041,12.81000000000004,-0.020093411727487805,0.018947137476112392,-0.039040549203600255,0.04577458138494433,0.04907008543293206,0.0,0.006245120999219367,2023-01-16 07:00:00
2023-01-10 07:00:00,12.89,13.24,12.5,13.07,5990500,0.0,0.0,0.0,0.0,0.0,0.0,0.0,0.0,1.0,0.0,13.070000000000041,12.890000000000041,13.240000000000041,12.500000000000039,0.020093411727487725,0.00622570104245337,0.013867710685034585,0.05751390620060664,0.04734362979361642,0.0,0.02601377199693955,2023-01-17 07:00:00
2023-01-11 07:00:00,13.24,13.84,13.2,13.41,7319300,0.0,0.0,0.0,0.0,0.0,0.0,0.0,0.0,1.0,0.0,13.410000000000043,13.240000000000041,13.840000000000042,13.20000000000004,0.02568116965745657,0.012923022872731569,0.012758146784725146,0.04734612059719842,0.045895429411094694,1.0,0.06785980611483966,2023-01-18 07:00:00
2023-01-12 07:00:00,13.58,13.58,13.15,13.15,4787500,0.0,0.0,0.0,0.0,0.0,0.0,0.0,0.0,1.0,0.0,13.150000000000043,13.580000000000044,13.580000000000044,13.150000000000045,-0.019578938669813483,0.01259742483696303,-0.03217636350677651,0.03217636350677637,0.044015245002381395,1.0,0.0889733840304181,2023-01-18 07:00:00
2023-01-13 07:00:00,13.28,13.5,13.11,13.2,5968300,0.0,0.0,0.0,0.0,0.0,0.0,0.0,0.0,1.0,0.0,13.20000000000004,13.28000000000004,13.500000000000043,13.11000000000004,0.003795070968551313,0.009837385424513902,-0.006042314455962586,0.029314387668775307,0.041912550386654104,1.0,0.08484848484848495,2023-01-18 07:00:00
2023-01-16 07:00:00,13.2,13.24,12.89,12.89,5251200,0.0,0.0,0.0,0.0,0.0,0.0,0.0,0.0,1.0,0.0,12.89000000000004,13.20000000000004,13.240000000000041,12.890000000000041,-0.023765012641229107,0.0,-0.023765012641229107,0.02679073355776602,0.040398018781883496,1.0,0.11093871217998452,2023-01-18 07:00:00
2023-01-17 07:00:00,12.89,13.41,12.89,13.41,7543300,0.0,0.0,0.0,0.0,0.0,0.0,0.0,0.0,1.0,0.0,13.410000000000041,12.890000000000041,13.410000000000041,12.890000000000041,0.03954888034249111,2.2204460492503128e-16,0.0395488803424909,0.0395488803424909,0.040617273263853566,1.0,0.06785980611483966,2023-01-18 07:00:00
2023-01-18 07:00:00,13.67,14.32,13.5,14.32,13970400,0.0,0.0,0.0,0.0,0.0,0.0,0.0,0.0,1.0,0.0,14.320000000000045,13.670000000000043,14.320000000000045,13.500000000000043,0.06565646423891239,0.019202953442271034,0.04645351079664147,0.05896747608811581,0.043399108224817955,1.0,0.0572625698324023,2023-01-31 07:00:00
2023-01-19 07:00:00,14.36,14.62,14.1,14.28,9266900,0.0,0.0,0.0,0.0,0.0,0.0,0.0,0.0,1.0,0.0,14.280000000000044,14.360000000000044,14.620000000000045,14.100000000000044,-0.002797204621061254,0.0027894020875785922,-0.005586606708639823,0.0362156569375099,0.04137091198451496,1.0,0.06022408963585435,2023-01-31 07:00:00
2023-01-27 07:00:00,14.54,14.67,13.97,13.97,9192900,0.0,0.0,0.0,0.0,0.0,0.0,0.0,0.0,1.0,0.0,13.970000000000043,14.540000000000044,14.670000000000046,13.970000000000043,-0.0219477836425678,0.018043515193934916,-0.0399912988365027,0.04889241888602001,0.04020440753388976,1.0,0.052970651395848334,2023-01-30 07:00:00
2023-01-30 07:00:00,13.93,14.93,13.76,14.71,17889700,0.0,0.0,0.0,0.0,0.0,0.0,0.0,0.0,1.0,0.0,14.710000000000045,13.930000000000042,14.930000000000046,13.760000000000042,0.05161536134447579,-0.0028673854771562026,0.054482746821631865,0.0816067790459014,0.04097091147629133,-1.0,-0.04146838885112181,2023-02-01 07:00:00
2023-01-31 07:00:00,14.8,15.14,14.58,15.14,13722400,0.0,0.0,0.0,0.0,0.0,0.0,0.0,0.0,1.0,0.0,15.140000000000047,14.800000000000047,15.140000000000047,14.580000000000046,0.02881271339595657,0.006099646156723399,0.022713067239233217,0.03768952142879053,0.03949878669549114,-1.0,-0.0686922060766183,2023-02-01 07:00:00
2023-02-01 07:00:00,15.36,15.49,14.1,14.1,19788500,0.0,0.0,0.0,0.0,0.0,0.0,0.0,0.0,1.0,0.0,14.100000000000042,15.360000000000047,15.490000000000048,14.100000000000044,-0.0711654506251802,0.014426479710223344,-0.08559193033540363,0.09401985704465465,0.04473805766862139,-1.0,-0.07943262411347529,2023-02-07 07:00:00
2023-02-02 07:00:00,14.15,14.28,13.24,13.5,13078700,0.0,0.0,0.0,0.0,0.0,0.0,0.0,0.0,1.0,0.0,13.50000000000004,14.150000000000045,14.280000000000044,13.240000000000041,-0.04348511193973878,0.003539826705124208,-0.04702493864486298,0.07561740640257619,0.04468658142040743,-1.0,-0.05111111111111122,2023-02-09 07:00:00
2023-02-03 07:00:00,13.76,13.89,13.24,13.54,9380200,0.0,0.0,0.0,0.0,0.0,0.0,0.0,0.0,1.0,0.0,13.54000000000004,13.760000000000042,13.890000000000043,13.240000000000041,0.0029585820397450414,0.019076147060813887,-0.01611756502106881,0.04792660625739031,0.04253733773364586,-1.0,-0.04431314623338267,2023-02-08 07:00:00
2023-02-06 07:00:00,13.41,13.84,13.2,13.76,5357800,0.0,0.0,0.0,0.0,0.0,0.0,0.0,0.0,1.0,0.0,13.76000000000004,13.41000000000004,13.840000000000039,13.200000000000037,0.016117565021068692,-0.009647570190541785,0.025765135211610543,0.04734612059719842,0.04082698262261013,-1.0,-0.0566860465116279,2023-02-07 07:00:00
2023-02-07 07:00:00,13.71,13.84,12.98,12.98,9213900,0.0,0.0,0.0,0.0,0.0,0.0,0.0,0.0,1.0,0.0,12.980000000000038,13.71000000000004,13.840000000000039,12.980000000000038,-0.058356121229253655,-0.0036403389309746423,-0.054715782298279135,0.06415323891357957,0.042593009884599825,-1.0,-0.05315870570107861,2023-02-10 07:00:00
2023-02-08 07:00:00,13.07,13.24,12.37,12.94,8538700,0.0,0.0,0.0,0.0,0.0,0.0,0.0,0.0,1.0,0.0,12.940000000000037,13.070000000000038,13.24000000000004,12.370000000000035,-0.0030864222031895027,0.0069098163601865855,-0.009996238563376125,0.0679683641044658,0.040522268234870734,-1.0,-0.050231839258114364,2023-02-10 07:00:00
2023-02-09 07:00:00,12.94,13.24,12.81,12.81,4938500,0.0,0.0,0.0,0.0,0.0,0.0,0.0,0.0,1.0,0.0,12.810000000000038,12.940000000000037,13.24000000000004,12.810000000000038,-0.01009717316411147,0.0,-0.01009717316411147,0.03301643460021931,0.038568788054171285,-1.0,-0.040593286494925995,2023-02-10 07:00:00
2023-02-10 07:00:00,12.85,12.85,12.2,12.29,7574400,0.0,0.0,0.0,0.0,0.0,0.0,0.0,0.0,1.0,0.0,12.290000000000035,12.850000000000037,12.850000000000037,12.200000000000035,-0.041440192330699586,0.0031176954325859312,-0.044557887763285425,0.051907859602017936,0.038209523921637366,-1.0,-0.0675345809601301,2023-02-13 07:00:00
2023-02-13 07:00:00,12.11,12.11,11.46,11.46,15149100,0.0,0.0,0.0,0.0,0.0,0.0,0.0,0.0,1.0,0.0,11.460000000000033,12.110000000000035,12.110000000000035,11.460000000000035,-0.06992321229134985,-0.014754366012942508,-0.05516884627840746,0.05516884627840718,0.04066569937032294,1.0,0.05671902268760887,2023-02-15 07:00:00
2023-02-14 07:00:00,11.46,11.68,11.33,11.46,4773100,0.0,0.0,0.0,0.0,0.0,0.0,0.0,0.0,1.0,0.0,11.460000000000033,11.460000000000035,11.680000000000033,11.330000000000032,0.0,2.2204460492503128e-16,-1.1102230246251565e-16,0.030423902360166018,0.03894794201296605,1.0,0.05671902268760887,2023-02-15 07:00:00
2023-02-15 07:00:00,11.46,12.24,11.42,12.11,6964400,0.0,0.0,0.0,0.0,0.0,0.0,0.0,0.0,1.0,0.0,12.110000000000031,11.460000000000031,12.240000000000032,11.42000000000003,0.05516884627840718,-1.1102230246251565e-16,0.05516884627840718,0.06934307285631579,0.042455005872230035,1.0,0.08257638315441773,2023-02-20 07:00:00
2023-02-16 07:00:00,12.33,12.42,12.03,12.29,4815300,0.0,0.0,0.0,0.0,0.0,0.0,0.0,0.0,1.0,0.0,12.290000000000031,12.330000000000032,12.420000000000034,12.030000000000031,0.014754366012942546,0.018003759611252116,-0.00324939359830951,0.03190454651874528,0.04091677458657964,1.0,0.06672091131000824,2023-02-20 07:00:00
2023-02-17 07:00:00,12.37,12.85,12.29,12.29,7747100,0.0,0.0,0.0,0.0,0.0,0.0,0.0,0.0,1.0,0.0,12.290000000000031,12.370000000000033,12.850000000000033,12.290000000000031,0.0,0.006488262826453125,-0.006488262826453261,0.04455788776328546,0.03894920421864321,1.0,0.06672091131000824,2023-02-20 07:00:00
2023-02-20 07:00:00,12.46,13.11,12.46,13.11,12463900,0.0,0.0,0.0,0.0,0.0,0.0,0.0,0.0,1.0,0.0,13.110000000000033,12.460000000000035,13.110000000000035,12.460000000000035,0.06458937419766511,0.013737589781363867,0.050851784416301074,0.05085178441630128,0.04250022477647041,-1.0,-0.05644546147978646,2023-02-22 07:00:00
2023-02-21 07:00:00,13.41,13.67,13.24,13.24,10776500,0.0,0.0,0.0,0.0,0.0,0.0,0.0,0.0,1.0,0.0,13.240000000000034,13.410000000000032,13.670000000000034,13.240000000000032,0.009867252733253756,0.02262539951797861,-0.012758146784724785,0.031961100226996074,0.04049470185537933,-1.0,-0.06570996978851973,2023-02-22 07:00:00
2023-02-22 07:00:00,12.94,13.15,12.37,12.37,11554000,0.0,0.0,0.0,0.0,0.0,0.0,0.0,0.0,1.0,0.0,12.370000000000031,12.940000000000033,13.150000000000036,12.370000000000033,-0.06796836410446572,-0.022919261436107622,-0.04504910266835799,0.061147572219377014,0.044017598844573166,-1.0,-0.07679870654810028,2023-02-27 07:00:00
2023-02-23 07:00:00,12.37,12.55,11.59,12.33,10161100,0.0,0.0,0.0,0.0,0.0,0.0,0.0,0.0,1.0,0.0,12.330000000000032,12.370000000000033,12.550000000000034,11.59000000000003,-0.0032388692281434695,2.2204460492503128e-16,-0.003238869228143692,0.07957800822613272,0.04186965875098819,-1.0,-0.07380373073803737,2023-02-27 07:00:00
2023-02-24 07:00:00,12.37,12.5,11.9,11.94,4404800,0.0,0.0,0.0,0.0,0.0,0.0,0.0,0.0,1.0,0.0,11.94000000000003,12.37000000000003,12.50000000000003,11.900000000000029,-0.03214120921179698,0.003238869228143302,-0.03538007843994036,0.04919024419077178,0.040724359057792044,-1.0,-0.04355108877721947,2023-02-27 07:00:00
2023-02-27 07:00:00,11.9,11.9,11.42,11.42,6986400,0.0,0.0,0.0,0.0,0.0,0.0,0.0,0.0,1.0,0.0,11.420000000000028,11.900000000000029,11.900000000000029,11.420000000000028,-0.04452790373659191,-0.0033557078469724157,-0.04117219588961951,0.04117219588961949,0.04038688697223138,-1.0,-0.045534150612959734,2023-03-01 07:00:00
2023-02-28 07:00:00,11.59,11.81,11.51,11.68,4492300,0.0,0.0,0.0,0.0,0.0,0.0,0.0,0.0,1.0,0.0,11.680000000000028,11.590000000000028,11.810000000000029,11.510000000000028,0.022511773172216684,0.014776453123796064,0.0077353200484207366,0.025730407475479694,0.039658677998312186,-1.0,-0.06678082191780821,2023-03-01 07:00:00
2023-03-01 07:00:00,10.9,11.25,10.9,10.9,34561000,0.0,0.0,0.0,0.0,0.0,0.0,0.0,0.0,1.0,0.0,10.900000000000027,10.900000000000027,11.250000000000027,10.900000000000027,-0.06911518816498297,-0.06911518816498297,0.0,0.031605339415331044,0.04209552750064294,-1.0,-0.06697247706422038,2023-03-03 07:00:00
2023-03-02 07:00:00,10.9,11.33,10.82,10.9,6189000,0.0,0.0,0.0,0.0,0.0,0.0,0.0,0.0,1.0,0.0,10.900000000000027,10.900000000000027,11.330000000000028,10.820000000000027,0.0,0.0,0.0,0.046057801621579526,0.04023154765215748,-1.0,-0.06697247706422038,2023-03-03 07:00:00
2023-03-03 07:00:00,10.73,10.99,10.17,10.17,22838300,0.0,0.0,0.0,0.0,0.0,0.0,0.0,0.0,1.0,0.0,10.170000000000023,10.730000000000024,10.990000000000025,10.170000000000023,-0.06932057917462965,-0.015719232592491222,-0.05360134658213849,0.0775435583550615,0.04201196463139156,1.0,0.06784660766961648,2023-03-06 07:00:00
2023-03-06 07:00:00,10.56,10.86,10.47,10.86,12765400,0.0,0.0,0.0,0.0,0.0,0.0,0.0,0.0,1.0,0.0,10.860000000000024,10.560000000000024,10.860000000000024,10.470000000000024,0.06564410444532076,0.037631068217646814,0.028013036227673888,0.03657228962334382,0.047116565040734935,-1.0,-0.047882136279926324,2023-03-07 07:00:00
2023-03-07 07:00:00,10.95,10.95,10.25,10.34,10806300,0.0,0.0,0.0,0.0,0.0,0.0,0.0,0.0,1.0,0.0,10.340000000000023,10.950000000000024,10.950000000000024,10.250000000000023,-0.0490664454255063,0.008253141756720482,-0.05731958718222679,0.0660617506780927,0.046386063078959844,-1.0,-0.07930367504835589,2023-03-14 07:00:00
2023-03-08 07:00:00,10.12,10.73,10.12,10.56,8567400,0.0,0.0,0.0,0.0,0.0,0.0,0.0,0.0,1.0,0.0,10.560000000000025,10.120000000000024,10.730000000000027,10.120000000000024,0.02105340919783248,-0.02150620522096339,0.0425596144187959,0.05852989278328782,0.04530686208982975,-1.0,-0.04924242424242442,2023-03-13 07:00:00
2023-03-09 07:00:00,10.73,10.82,10.43,10.47,6709300,0.0,0.0,0.0,0.0,0.0,0.0,0.0,0.0,1.0,0.0,10.470000000000024,10.730000000000024,10.820000000000025,10.430000000000023,-0.00855925339567006,0.015970278364491483,-0.024529531760161573,0.0367100044056545,0.0430972335879029,-1.0,-0.09073543457497624,2023-03-14 07:00:00
2023-03-10 07:00:00,10.3,10.43,10.17,10.21,9150400,0.0,0.0,0.0,0.0,0.0,0.0,0.0,0.0,1.0,0.0,10.210000000000024,10.300000000000024,10.430000000000023,10.170000000000023,-0.02514639270587121,-0.01637012964685533,-0.00877626305901585,0.02524405895221234,0.04125518395062293,-1.0,-0.06758080313418235,2023-03-14 07:00:00
2023-03-13 07:00:00,9.95,10.34,9.95,10.04,6801800,0.0,0.0,0.0,0.0,0.0,0.0,0.0,0.0,1.0,0.0,10.040000000000022,9.95000000000002,10.340000000000023,9.95000000000002,-0.016790517912991236,-0.02579508100607307,0.009004563093081971,0.038447317909781814,0.03927744281596902,-1.0,-0.05179282868525903,2023-03-14 07:00:00
2023-03-14 07:00:00,10.04,10.12,9.39,9.52,11710100,0.0,0.0,0.0,0.0,0.0,0.0,0.0,0.0,1.0,0.0,9.520000000000021,10.040000000000022,10.120000000000022,9.390000000000022,-0.05318226546030926,0.0,-0.05318226546030926,0.07486837063914789,0.03938958105547167,1.0,0.06827731092436973,2023-03-15 07:00:00
2023-03-15 07:00:00,9.95,10.17,9.78,10.17,9494000,0.0,0.0,0.0,0.0,0.0,0.0,0.0,0.0,1.0,0.0,10.170000000000021,9.950000000000019,10.17000000000002,9.780000000000019,0.06604736125719461,0.04417770236722709,0.02186965888996732,0.03910272601374261,0.04483045787154462,1.0,0.05899705014749257,2023-03-17 07:00:00
2023-03-16 07:00:00,10.12,10.56,9.95,10.38,12886200,0.0,0.0,0.0,0.0,0.0,0.0,0.0,0.0,1.0,0.0,10.380000000000024,10.120000000000022,10.560000000000024,9.95000000000002,0.02043866767727417,-0.004928546201148982,0.025367213878423167,0.059500727107614074,0.04348834922119944,0.0,0.042389210019267765,2023-03-23 07:00:00
2023-03-17 07:00:00,10.69,10.9,10.47,10.77,17506700,0.0,0.0,0.0,0.0,0.0,0.0,0.0,0.0,1.0,0.0,10.770000000000021,10.69000000000002,10.900000000000022,10.470000000000022,0.0368836134305542,0.029427847299211003,0.007455766131343234,0.04024876435265238,0.043264384889750325,-1.0,-0.060352831940575724,2023-03-20 07:00:00
2023-03-20 07:00:00,10.64,10.82,10.12,10.12,10261400,0.0,0.0,0.0,0.0,0.0,0.0,0.0,0.0,1.0,0.0,10.120000000000019,10.640000000000022,10.820000000000022,10.120000000000019,-0.06225082730897776,-0.012144007254798724,-0.0501068200541791,0.06688260955901602,0.04507360483211477,1.0,0.04743083003952586,2023-03-22 07:00:00
2023-03-21 07:00:00,10.3,10.51,10.04,10.43,11349400,0.0,0.0,0.0,0.0,0.0,0.0,0.0,0.0,1.0,0.0,10.430000000000021,10.300000000000022,10.510000000000021,10.040000000000019,0.030172605153361745,0.017630231376270938,0.012542373777090898,0.04575007062527679,0.044312071827870635,1.0,0.05752636625119867,2023-03-24 07:00:00
2023-03-22 07:00:00,10.73,10.9,10.56,10.6,10979200,0.0,0.0,0.0,0.0,0.0,0.0,0.0,0.0,1.0,0.0,10.600000000000021,10.730000000000022,10.900000000000022,10.560000000000022,0.016167732105340404,0.028357287629926016,-0.012189555524585678,0.03168951095698263,0.04256215214777665,1.0,0.08113207547169865,2023-03-27 07:00:00
2023-03-23 07:00:00,10.47,10.82,10.43,10.82,9956100,0.0,0.0,0.0,0.0,0.0,0.0,0.0,0.0,1.0,0.0,10.820000000000023,10.470000000000024,10.820000000000025,10.430000000000023,0.020542272300314107,-0.01233997623557569,0.032882248535889766,0.0367100044056545,0.04103026224008952,1.0,0.05914972273567498,2023-03-27 07:00:00
2023-03-24 07:00:00,10.9,11.25,10.73,11.03,19033100,0.0,0.0,0.0,0.0,0.0,0.0,0.0,0.0,1.0,0.0,11.030000000000024,10.900000000000025,11.250000000000025,10.730000000000024,0.01922255984707577,0.007366515816762646,0.01185604403031295,0.04732457200782195,0.03943244555733613,1.0,0.058930190389845816,2023-03-31 07:00:00
2023-03-27 07:00:00,11.16,11.51,11.08,11.46,16542800,0.0,0.0,0.0,0.0,0.0,0.0,0.0,0.0,1.0,0.0,11.460000000000027,11.160000000000025,11.510000000000025,11.080000000000025,0.03824387802118253,0.011717123687753897,0.02652675433342882,0.03807454141465341,0.03903943639532295,1.0,0.08726003490401357,2023-04-03 07:00:00
2023-03-28 07:00:00,11.68,11.72,11.16,11.16,15145500,0.0,0.0,0.0,0.0,0.0,0.0,0.0,0.0,1.0,0.0,11.160000000000025,11.680000000000026,11.720000000000027,11.160000000000025,-0.026526754333428826,0.019015266113487313,-0.04554202044691619,0.0489608271957017,0.03838246075526448,1.0,0.04659498207885293,2023-03-31 07:00:00
2023-03-29 07:00:00,11.25,11.42,11.03,11.38,8402200,0.0,0.0,0.0,0.0,0.0,0.0,0.0,0.0,1.0,0.0,11.380000000000027,11.250000000000027,11.420000000000028,11.030000000000026,0.01952147174502011,0.008032171697264473,0.01148930004775571,0.03474737096245319,0.03686114528846892,1.0,0.09490333919156368,2023-04-03 07:00:00
2023-03-30 07:00:00,11.68,11.68,11.16,11.16,11277600,0.0,0.0,0.0,0.0,0.0,0.0,0.0,0.0,1.0,0.0,11.160000000000025,11.680000000000026,11.680000000000026,11.160000000000025,-0.01952147174502018,0.02602054870189606,-0.04554202044691619,0.04554202044691622,0.035785476303305704,1.0,0.04659498207885293,2023-03-31 07:00:00
2023-03-31 07:00:00,11.21,11.77,11.08,11.68,14812900,0.0,0.0,0.0,0.0,0.0,0.0,0.0,0.0,1.0,0.0,11.680000000000025,11.210000000000026,11.770000000000026,11.080000000000025,0.04554202044691601,0.004470280130903732,0.04107174031601217,0.0604122399530476,0.03647880729188175,1.0,0.0667808219178081,2023-04-03 07:00:00
2023-04-03 07:00:00,12.2,12.46,12.07,12.46,20426500,0.0,0.0,0.0,0.0,0.0,0.0,0.0,0.0,1.0,0.0,12.460000000000026,12.200000000000024,12.460000000000026,12.070000000000025,0.06464553595922597,0.043557974339129724,0.021087561620096385,0.03180047824986699,0.03891639917510202,1.0,0.0762439807383628,2023-04-05 07:00:00
2023-04-04 07:00:00,12.63,13.11,12.63,12.89,17006200,0.0,0.0,0.0,0.0,0.0,0.0,0.0,0.0,1.0,0.0,12.890000000000027,12.630000000000026,13.110000000000026,12.630000000000026,0.03392830359178906,0.013551423003092611,0.020376880588696418,0.03730036141320864,0.03761694104858717,1.0,0.040341349883630695,2023-04-05 07:00:00
2023-04-05 07:00:00,12.76,13.41,12.68,13.41,19498100,0.0,0.0,0.0,0.0,0.0,0.0,0.0,0.0,1.0,0.0,13.410000000000029,12.760000000000028,13.41000000000003,12.680000000000028,0.03954888034249111,-0.010136539034452078,0.049685419376943346,0.055974748284507374,0.03661002065874661,1.0,0.09694258016405666,2023-04-07 07:00:00
2023-04-06 07:00:00,13.67,14.32,13.5,13.76,31893200,0.0,0.0,0.0,0.0,0.0,0.0,0.0,0.0,1.0,0.0,13.760000000000028,13.670000000000027,14.320000000000029,13.500000000000027,0.025765135211610325,0.019202953442270815,0.006562181769339446,0.05896747608811581,0.03494019634495797,1.0,0.06904069767441867,2023-04-07 07:00:00
2023-04-07 07:00:00,14.02,14.71,13.8,14.71,27903700,0.0,0.0,0.0,0.0,0.0,0.0,0.0,0.0,1.0,0.0,14.710000000000031,14.020000000000028,14.710000000000031,13.80000000000003,0.06676170210814861,0.018719049101246353,0.048042653006902164,0.06385894245018717,0.03643551996340998,-1.0,-0.04690686607749839,2023-04-14 07:00:00
2023-04-10 07:00:00,15.23,15.4,14.75,15.06,26975500,0.0,0.0,0.0,0.0,0.0,0.0,0.0,0.0,1.0,0.0,15.06000000000003,15.23000000000003,15.40000000000003,14.75000000000003,0.023514687758401296,0.034739632293724246,-0.011224944535322866,0.04312442663375462,0.034660503339636224,-1.0,-0.06905710491367867,2023-04-14 07:00:00
2023-04-11 07:00:00,14.75,15.14,14.02,15.14,41249300,0.0,0.0,0.0,0.0,0.0,0.0,0.0,0.0,1.0,0.0,15.140000000000029,14.750000000000027,15.140000000000027,14.020000000000024,0.005298025637554973,-0.020799139585918894,0.02609716522347391,0.07685536640285873,0.033352690036374394,-1.0,-0.07397622192866571,2023-04-14 07:00:00
2023-04-12 07:00:00,15.19,15.44,14.58,14.88,20607700,0.0,0.0,0.0,0.0,0.0,0.0,0.0,0.0,1.0,0.0,14.880000000000031,15.19000000000003,15.44000000000003,14.580000000000028,-0.01732221860435673,0.0032970685983787196,-0.020619287202735592,0.05731081801611795,0.03370347368073604,-1.0,-0.05779569892473124,2023-04-14 07:00:00
2023-04-13 07:00:00,15.14,15.53,14.75,15.06,24484400,0.0,0.0,0.0,0.0,0.0,0.0,0.0,0.0,1.0,0.0,15.06000000000003,15.14000000000003,15.53000000000003,14.75000000000003,0.012024192966801591,0.017322218604356787,-0.005298025637555161,0.05153055437476671,0.032091462653375924,-1.0,-0.06905710491367867,2023-04-14 07:00:00
2023-04-14 07:00:00,15.14,15.23,14.02,14.02,40577800,0.0,0.0,0.0,0.0,0.0,0.0,0.0,0.0,1.0,0.0,14.020000000000028,15.14000000000003,15.23000000000003,14.020000000000028,-0.07155734076530354,0.005298025637555194,-0.07685536640285873,0.08278228530062652,0.040416504118672814,1.0,0.07417974322396592,2023-04-18 07:00:00
2023-04-17 07:00:00,14.02,14.15,13.67,14.1,14373900,0.0,0.0,0.0,0.0,0.0,0.0,0.0,0.0,1.0,0.0,14.10000000000003,14.020000000000032,14.150000000000032,13.67000000000003,0.005689915777678676,2.2204460492503128e-16,0.005689915777678456,0.034510973353388624,0.03845018234248031,1.0,0.06808510638297882,2023-04-18 07:00:00
2023-04-18 07:00:00,14.1,15.06,13.76,15.06,33217500,0.0,0.0,0.0,0.0,0.0,0.0,0.0,0.0,1.0,0.0,15.060000000000032,14.100000000000032,15.060000000000034,13.76000000000003,0.06586742498762502,2.2204460492503128e-16,0.06586742498762481,0.09027638986654997,0.04053942267751676,-1.0,-0.06905710491367878,2023-04-25 07:00:00
2023-04-19 07:00:00,15.36,15.53,14.71,14.71,24545000,0.0,0.0,0.0,0.0,0.0,0.0,0.0,0.0,1.0,0.0,14.710000000000031,15.36000000000003,15.53000000000003,14.710000000000031,-0.023514687758401463,0.019724505347778355,-0.04323919310617976,0.05424610254724941,0.040125584694863166,-1.0,-0.04690686607749839,2023-04-25 07:00:00
2023-04-20 07:00:00,14.88,15.1,14.41,14.84,14379200,0.0,0.0,0.0,0.0,0.0,0.0,0.0,0.0,1.0,0.0,14.84000000000003,14.880000000000031,15.10000000000003,14.410000000000029,0.008798703125888117,0.011490494791599684,-0.0026917916657115256,0.04677233380944782,0.038168287267660014,-1.0,-0.055256064690026974,2023-04-25 07:00:00
2023-04-21 07:00:00,14.88,15.36,14.67,14.8,20168300,0.0,0.0,0.0,0.0,0.0,0.0,0.0,0.0,1.0,0.0,14.800000000000033,14.880000000000035,15.360000000000033,14.670000000000032,-0.002699056969164835,0.002691791665711796,-0.005390848634876534,0.04596213556463564,0.03649756546893754,-1.0,-0.05270270270270294,2023-04-25 07:00:00
2023-04-24 07:00:00,14.88,15.01,14.23,14.62,16068700,0.0,0.0,0.0,0.0,0.0,0.0,0.0,0.0,1.0,0.0,14.620000000000031,14.880000000000035,15.010000000000034,14.230000000000032,-0.012236726448437034,0.005390848634876593,-0.01762757508331357,0.053364233543609634,0.0352755709746076,-1.0,-0.04103967168262668,2023-04-25 07:00:00
2023-04-25 07:00:00,14.84,15.06,14.02,14.02,23953800,0.0,0.0,0.0,0.0,0.0,0.0,0.0,0.0,1.0,0.0,14.020000000000028,14.84000000000003,15.06000000000003,14.020000000000028,-0.041905572715188556,0.014935783417601739,-0.05684135613279038,0.07155734076530343,0.03659135141271259,1.0,0.042796005706134066,2023-04-26 07:00:00
2023-04-26 07:00:00,14.15,14.62,14.06,14.62,12006300,0.0,0.0,0.0,0.0,0.0,0.0,0.0,0.0,1.0,0.0,14.62000000000003,14.150000000000029,14.620000000000028,14.060000000000029,0.04190557271518838,0.00922974248280273,0.03267583023238574,0.03905656793911333,0.036827168935662694,1.0,0.10670314637482914,2023-04-28 07:00:00
2023-04-27 07:00:00,14.67,15.49,14.62,15.14,32598000,0.0,0.0,0.0,0.0,0.0,0.0,0.0,0.0,1.0,0.0,15.140000000000033,14.670000000000032,15.490000000000034,14.620000000000031,0.03494979368767046,0.003414137833258118,0.03153565585441224,0.05780420010714495,0.03611648898889987,1.0,0.06869220607661819,2023-04-28 07:00:00
2023-04-28 07:00:00,15.32,16.18,15.14,16.18,34089900,0.0,0.0,0.0,0.0,0.0,0.0,0.0,0.0,1.0,0.0,16.180000000000035,15.320000000000034,16.180000000000035,15.140000000000034,0.06643566362104288,0.011818916303142605,0.054616747317900394,0.06643566362104288,0.03852632690160567,0.0,0.02410383189122367,2023-05-10 07:00:00
2023-05-04 07:00:00,16.18,16.96,16.01,16.35,29595900,0.0,0.0,0.0,0.0,0.0,0.0,0.0,0.0,1.0,0.0,16.350000000000037,16.180000000000035,16.96000000000004,16.010000000000037,0.010451985712916842,0.0,0.010451985712916842,0.05764410335513366,0.03666183895282548,1.0,0.08195718654434248,2023-05-11 07:00:00
2023-05-05 07:00:00,16.35,16.7,15.79,16.48,22033100,0.0,0.0,0.0,0.0,0.0,0.0,0.0,0.0,1.0,0.0,16.480000000000036,16.350000000000037,16.700000000000035,15.790000000000035,0.007919627138063224,0.0,0.007919627138063224,0.05603189115515849,0.03491586257667106,1.0,0.07342233009708754,2023-05-11 07:00:00
2023-05-08 07:00:00,16.79,16.79,15.92,16.31,28911700,0.0,0.0,0.0,0.0,0.0,0.0,0.0,0.0,1.0,0.0,16.310000000000034,16.790000000000035,16.790000000000035,15.920000000000035,-0.010369107848403218,0.01863594660812361,-0.029005054456526964,0.05320729067321242,0.033958790703105125,1.0,0.08461066830165564,2023-05-11 07:00:00
2023-05-09 07:00:00,16.31,16.4,15.83,16.01,16318600,0.0,0.0,0.0,0.0,0.0,0.0,0.0,0.0,1.0,0.0,16.010000000000034,16.31000000000003,16.40000000000003,15.830000000000032,-0.01856488962429916,-2.2204460492503136e-16,-0.018564889624298933,0.03537446093723172,0.03349910045010951,1.0,0.034978138663335434,2023-05-10 07:00:00
2023-05-10 07:00:00,16.01,16.87,16.01,16.57,21290200,0.0,0.0,0.0,0.0,0.0,0.0,0.0,0.0,1.0,0.0,16.570000000000036,16.010000000000037,16.87000000000004,16.010000000000037,0.03438030442984824,2.2204460492503128e-16,0.03438030442984803,0.052323369549253755,0.03283184464466877,1.0,0.06759203379601697,2023-05-11 07:00:00
2023-05-11 07:00:00,16.7,17.69,16.61,17.69,35770300,0.0,0.0,0.0,0.0,0.0,0.0,0.0,0.0,1.0,0.0,17.69000000000004,16.700000000000035,17.69000000000004,16.610000000000035,0.06540567673322244,0.007814887984237769,0.0575907887489846,0.06299458454649058,0.03532177572453474,-1.0,-0.05370265686828757,2023-05-18 07:00:00
2023-05-12 07:00:00,17.74,17.95,17.56,17.87,18622400,0.0,0.0,0.0,0.0,0.0,0.0,0.0,0.0,1.0,0.0,17.87000000000004,17.740000000000038,17.95000000000004,17.560000000000038,0.010123820999642739,0.002822468709739283,0.007301352289903404,0.021966526727317283,0.03364158934409352,-1.0,-0.0632344711807502,2023-05-18 07:00:00
2023-05-15 07:00:00,18.08,18.3,17.48,17.48,19760300,0.0,0.0,0.0,0.0,0.0,0.0,0.0,0.0,1.0,0.0,17.480000000000036,18.080000000000034,18.300000000000036,17.480000000000036,-0.022065958943947413,0.011683025792693324,-0.0337489847366408,0.045843689619985764,0.0339190576114536,1.0,0.03947368421052633,2023-05-16 07:00:00
2023-05-16 07:00:00,17.52,18.17,17.48,18.17,21177400,0.0,0.0,0.0,0.0,0.0,0.0,0.0,0.0,1.0,0.0,18.170000000000037,17.520000000000035,18.170000000000037,17.480000000000036,0.03871451218069043,0.002285715280855861,0.03642879689983456,0.03871451218069043,0.033271502087972714,-1.0,-0.07870115575123848,2023-05-18 07:00:00
2023-05-17 07:00:00,18.34,18.69,18.0,18.0,21834300,0.0,0.0,0.0,0.0,0.0,0.0,0.0,0.0,1.0,0.0,18.000000000000036,18.340000000000035,18.69000000000004,18.000000000000036,-0.009400124511915244,0.00931258442023887,-0.01871270893215408,0.03761686357130699,0.032442255967122906,-1.0,-0.07000000000000017,2023-05-18 07:00:00
2023-05-18 07:00:00,18.04,18.13,16.74,16.74,33831900,0.0,0.0,0.0,0.0,0.0,0.0,0.0,0.0,1.0,0.0,16.74000000000003,18.040000000000035,18.130000000000035,16.74000000000003,-0.07257069283483562,0.00221975673831281,-0.07479044957314841,0.07976695970543045,0.040020056442197555,1.0,0.05973715651135025,2023-05-19 07:00:00
2023-05-19 07:00:00,17.09,17.74,16.44,17.74,31926300,0.0,0.0,0.0,0.0,0.0,0.0,0.0,0.0,1.0,0.0,17.740000000000034,17.090000000000035,17.740000000000034,16.440000000000033,0.058020911820104354,0.020692432066170434,0.03732847975393368,0.07610458725339954,0.04139978059418522,0.0,0.014656144306651742,2023-05-26 07:00:00
2023-05-22 07:00:00,18.0,18.0,17.48,17.74,12991800,0.0,0.0,0.0,0.0,0.0,0.0,0.0,0.0,1.0,0.0,17.740000000000034,18.000000000000036,18.000000000000036,17.480000000000036,0.0,0.014549781014731365,-0.014549781014731299,0.029314387668775307,0.03947489929742065,0.0,0.01916572717023657,2023-05-29 07:00:00
2023-05-23 07:00:00,17.82,18.13,17.61,17.82,21727300,0.0,0.0,0.0,0.0,0.0,0.0,0.0,0.0,1.0,0.0,17.820000000000036,17.820000000000036,18.130000000000035,17.610000000000035,0.004499445161229971,0.004499445161229971,0.0,0.029101102258644936,0.03756518854192989,0.0,0.017396184062850484,2023-05-30 07:00:00
2023-05-24 07:00:00,17.91,18.56,17.91,18.04,26286800,0.0,0.0,0.0,0.0,0.0,0.0,0.0,0.0,1.0,0.0,18.040000000000035,17.910000000000036,18.560000000000034,17.910000000000036,0.012270092591814183,0.005037794029957081,0.007232298561857159,0.03564951128543396,0.03575584007608801,0.0,0.02383592017738323,2023-05-31 07:00:00
2023-05-25 07:00:00,17.82,18.13,17.18,17.78,21191400,0.0,0.0,0.0,0.0,0.0,0.0,0.0,0.0,1.0,0.0,17.780000000000037,17.820000000000036,18.130000000000035,17.180000000000035,-0.01451728454871896,-0.012270092591814247,-0.002247191956904721,0.053822108210650234,0.03469890432217482,1.0,0.03880764904386913,2023-05-31 07:00:00
2023-05-26 07:00:00,17.78,18.3,17.52,18.0,15835400,0.0,0.0,0.0,0.0,0.0,0.0,0.0,0.0,1.0,0.0,18.000000000000036,17.780000000000037,18.300000000000036,17.520000000000035,0.012297527810406026,0.0,0.012297527810406026,0.04355797433912994,0.03305725601800174,1.0,0.06499999999999995,2023-06-01 07:00:00
2023-05-29 07:00:00,18.34,18.43,18.0,18.08,15832600,0.0,0.0,0.0,0.0,0.0,0.0,0.0,0.0,1.0,0.0,18.08000000000003,18.340000000000032,18.43000000000003,18.000000000000032,0.004434597067865554,0.018712708932153946,-0.014278111864288392,0.02360801378556718,0.03145131230059291,1.0,0.06028761061946941,2023-06-01 07:00:00
2023-05-30 07:00:00,18.43,18.78,18.04,18.13,27591400,0.0,0.0,0.0,0.0,0.0,0.0,0.0,0.0,1.0,0.0,18.13000000000003,18.43000000000003,18.780000000000033,18.04000000000003,0.0027616698027292112,0.01917341671770144,-0.01641174691497221,0.040200959145639245,0.02993745928233501,1.0,0.057363485934914804,2023-06-01 07:00:00
2023-05-31 07:00:00,18.21,18.73,18.0,18.47,21736000,0.0,0.0,0.0,0.0,0.0,0.0,0.0,0.0,1.0,0.0,18.47000000000003,18.210000000000033,18.730000000000032,18.000000000000032,0.018579769444388838,0.004402868972756922,0.014176900471631913,0.039754758559832355,0.02872108061878182,1.0,0.0378992961559288,2023-06-01 07:00:00
2023-06-01 07:00:00,18.65,19.25,18.6,19.17,23101000,0.0,0.0,0.0,0.0,0.0,0.0,0.0,0.0,1.0,0.0,19.170000000000037,18.65000000000003,19.250000000000036,18.600000000000033,0.03719876284640479,0.009698351878675897,0.027500410967728987,0.03434948001463764,0.02876147166632442,-1.0,-0.0432968179447053,2023-06-05 07:00:00
2023-06-02 07:00:00,19.55,19.55,18.65,18.86,22620600,0.0,0.0,0.0,0.0,0.0,0.0,0.0,0.0,1.0,0.0,18.860000000000035,19.550000000000036,19.550000000000036,18.65000000000003,-0.01630327985224174,0.01962872937382157,-0.03593200922606333,0.047129140341550475,0.028496637364409945,-1.0,-0.04559915164369022,2023-06-08 07:00:00
2023-06-05 07:00:00,18.99,19.04,18.34,18.34,24029000,0.0,0.0,0.0,0.0,0.0,0.0,0.0,0.0,1.0,0.0,18.340000000000035,18.990000000000038,19.04000000000004,18.340000000000035,-0.027958810376992622,0.006869247618883234,-0.03482805799587581,0.03745756253490063,0.029151055253744916,1.0,0.038167938931297885,2023-06-07 07:00:00
2023-06-06 07:00:00,18.3,18.65,18.0,18.47,21346400,0.0,0.0,0.0,0.0,0.0,0.0,0.0,0.0,1.0,0.0,18.470000000000034,18.300000000000036,18.650000000000034,18.000000000000036,0.007063327382829712,-0.0021834069809435063,0.00924673436377315,0.03547438819365973,0.02774097713942752,1.0,0.030860855441256163,2023-06-07 07:00:00
2023-06-07 07:00:00,18.39,19.21,18.39,19.04,24945900,0.0,0.0,0.0,0.0,0.0,0.0,0.0,0.0,1.0,0.0,19.04000000000004,18.390000000000036,19.21000000000004,18.390000000000036,0.030394235152070733,-0.0043407555949187574,0.0347349907469895,0.043623938164235654,0.02751243614366331,-1.0,-0.054621848739495826,2023-06-08 07:00:00
2023-06-08 07:00:00,19.17,19.25,18.0,18.0,28200600,0.0,0.0,0.0,0.0,0.0,0.0,0.0,0.0,1.0,0.0,18.000000000000036,19.17000000000004,19.25000000000004,18.000000000000036,-0.05617027146705459,0.006804527694334069,-0.06297479916138854,0.06713930283762852,0.03235342890466654,0.0,-0.012222222222222134,2023-06-15 07:00:00
2023-06-09 07:00:00,18.08,18.3,17.13,18.08,29069500,0.0,0.0,0.0,0.0,0.0,0.0,0.0,0.0,1.0,0.0,18.080000000000034,18.080000000000034,18.300000000000036,17.130000000000035,0.004434597067865554,0.004434597067865554,0.0,0.06606974751134669,0.030791832794769974,-1.0,-0.030973451327433454,2023-06-12 07:00:00
2023-06-12 07:00:00,18.0,18.08,17.26,17.52,20145000,0.0,0.0,0.0,0.0,0.0,0.0,0.0,0.0,1.0,0.0,17.520000000000035,18.000000000000036,18.080000000000034,17.260000000000037,-0.03146326945578488,-0.004434597067865641,-0.02702867238791926,0.04641466930874826,0.030907192732862108,1.0,0.03481735159817334,2023-06-13 07:00:00
2023-06-13 07:00:00,17.78,18.39,17.48,18.13,23340100,0.0,0.0,0.0,0.0,0.0,0.0,0.0,0.0,1.0,0.0,18.130000000000035,17.780000000000037,18.390000000000036,17.480000000000036,0.03422493925851414,0.014731144577513233,0.019493794681000914,0.05074966838884024,0.03133802787765649,1.0,0.04302261445118605,2023-06-20 07:00:00
2023-06-14 07:00:00,18.34,18.6,17.74,17.74,15125300,0.0,0.0,0.0,0.0,0.0,0.0,0.0,0.0,1.0,0.0,17.740000000000034,18.340000000000035,18.600000000000037,17.740000000000034,-0.021746047885326227,0.01151644206155908,-0.03326248994688538,0.047339603837722156,0.03062779799914435,1.0,0.03382187147688831,2023-06-19 07:00:00
2023-06-15 07:00:00,17.74,17.91,17.56,17.78,9995900,0.0,0.0,0.0,0.0,0.0,0.0,0.0,0.0,1.0,0.0,17.780000000000037,17.740000000000034,17.910000000000036,17.560000000000034,0.0022522532043252746,0.0,0.0022522532043252746,0.019735627865649925,0.029145557164822176,1.0,0.03149606299212593,2023-06-19 07:00:00
2023-06-16 07:00:00,18.08,18.47,17.95,18.0,25058000,0.0,0.0,0.0,0.0,0.0,0.0,0.0,0.0,1.0,0.0,18.000000000000036,18.080000000000034,18.470000000000034,17.950000000000035,0.012297527810406026,0.01673212487827164,-0.004434597067865641,0.028557679276860547,0.02798272275034497,1.0,0.05055555555555569,2023-06-20 07:00:00
2023-06-19 07:00:00,18.17,18.73,17.91,18.34,21117800,0.0,0.0,0.0,0.0,0.0,0.0,0.0,0.0,1.0,0.0,18.340000000000035,18.170000000000037,18.73000000000004,17.910000000000036,0.018712708932153946,0.009400124511915268,0.00931258442023887,0.04476730038337683,0.02715392797846062,1.0,0.031079607415485322,2023-06-20 07:00:00
2023-06-20 07:00:00,18.56,18.95,18.43,18.91,18877900,0.0,0.0,0.0,0.0,0.0,0.0,0.0,0.0,1.0,0.0,18.91000000000004,18.560000000000034,18.95000000000004,18.430000000000035,0.030606415842047378,0.011924260529735572,0.018682155312311897,0.02782415984670357,0.027173788215522982,1.0,0.05446853516657857,2023-06-22 07:00:00
2023-06-21 07:00:00,18.95,18.99,18.56,18.78,22209800,0.0,0.0,0.0,0.0,0.0,0.0,0.0,0.0,1.0,0.0,18.78000000000004,18.95000000000004,18.990000000000038,18.560000000000034,-0.0068984088902492345,0.002113048858069266,-0.009011457748318364,0.02290379746614015,0.026104636819799444,1.0,0.06176783812566544,2023-06-22 07:00:00
2023-06-22 07:00:00,19.21,20.07,19.12,19.94,47760100,0.0,0.0,0.0,0.0,0.0,0.0,0.0,0.0,1.0,0.0,19.94000000000004,19.21000000000004,20.07000000000004,19.12000000000004,0.059935290753575274,0.022638503000348306,0.037296787753226895,0.048491255184991464,0.029991586951696455,-1.0,-0.08425275827482448,2023-06-29 07:00:00
2023-06-23 07:00:00,19.94,20.03,19.55,19.73,21975700,0.0,0.0,0.0,0.0,0.0,0.0,0.0,0.0,1.0,0.0,19.73000000000004,19.94000000000004,20.03000000000004,19.55000000000004,-0.010587444499168295,0.0,-0.010587444499168295,0.024255863246352174,0.029156023809157484,-1.0,-0.07450582868727817,2023-06-29 07:00:00
2023-06-26 07:00:00,19.64,20.16,19.04,19.99,36668400,0.0,0.0,0.0,0.0,0.0,0.0,0.0,0.0,1.0,0.0,19.990000000000038,19.64000000000004,20.16000000000004,19.04000000000004,0.013091828477784598,-0.004572017108204166,0.017663845585988734,0.05715841383994862,0.02778402072206094,-1.0,-0.030515257628814352,2023-06-28 07:00:00
2023-06-27 07:00:00,20.16,20.16,19.64,19.77,18341100,0.0,0.0,0.0,0.0,0.0,0.0,0.0,0.0,1.0,0.0,19.770000000000035,20.160000000000036,20.160000000000036,19.640000000000036,-0.01106651132978326,0.008468294690859123,-0.019534806020642368,0.026132140276847907,0.027046525969509138,-1.0,-0.07637835103692436,2023-06-29 07:00:00
2023-06-28 07:00:00,19.94,19.99,19.38,19.38,21499200,0.0,0.0,0.0,0.0,0.0,0.0,0.0,0.0,1.0,0.0,19.380000000000038,19.94000000000004,19.990000000000038,19.380000000000038,-0.019924030719905235,0.008562127351167013,-0.02848615807107214,0.030990542049688517,0.026903669590909295,-1.0,-0.05779153766769862,2023-06-29 07:00:00
2023-06-29 07:00:00,19.21,19.3,18.26,18.26,48143500,0.0,0.0,0.0,0.0,0.0,0.0,0.0,0.0,1.0,0.0,18.260000000000037,19.21000000000004,19.30000000000004,18.260000000000037,-0.05952873129579773,-0.008810629682154807,-0.05071810161364297,0.055392220744017444,0.03190234756314847,0.0,-0.012048192771084598,2023-07-06 07:00:00
2023-06-30 07:00:00,18.17,18.39,17.91,18.21,18187400,0.0,0.0,0.0,0.0,0.0,0.0,0.0,0.0,1.0,0.0,18.210000000000036,18.170000000000037,18.390000000000036,17.910000000000036,-0.002741981427305908,-0.004940992758742522,0.0021990113314368093,0.026447822543609355,0.030345476452602153,0.0,-0.011532125205931054,2023-07-07 07:00:00
2023-07-03 07:00:00,18.34,18.47,18.0,18.08,11247800,0.0,0.0,0.0,0.0,0.0,0.0,0.0,0.0,1.0,0.0,18.08000000000003,18.340000000000032,18.47000000000003,18.000000000000032,-0.007164538775486434,0.007113573088801937,-0.014278111864288392,0.025776036314983767,0.028900812846954796,0.0,0.02433628318584069,2023-07-10 07:00:00
2023-07-04 07:00:00,18.08,18.65,18.0,18.6,15187700,0.0,0.0,0.0,0.0,0.0,0.0,0.0,0.0,1.0,0.0,18.600000000000033,18.08000000000003,18.65000000000003,18.000000000000032,0.02835522575512522,0.0,0.02835522575512522,0.03547438819365973,0.02904755176670046,-1.0,-0.03010752688172047,2023-07-06 07:00:00
2023-07-05 07:00:00,18.78,18.82,18.39,18.39,10754900,0.0,0.0,0.0,0.0,0.0,0.0,0.0,0.0,1.0,0.0,18.390000000000036,18.78000000000004,18.82000000000004,18.390000000000036,-0.011354542102925672,0.009630893060961586,-0.020985435163887345,0.023113095541004058,0.027846710404938368,0.0,-0.009787928221860032,2023-07-12 07:00:00
2023-07-06 07:00:00,18.39,18.56,17.82,18.04,18180300,0.0,0.0,0.0,0.0,0.0,0.0,0.0,0.0,1.0,0.0,18.04000000000003,18.390000000000033,18.56000000000003,17.820000000000032,-0.019215523981752365,-2.2204460492503136e-16,-0.01921552398175214,0.04068730531539119,0.027053829279242814,1.0,0.05986696230598665,2023-07-13 07:00:00
2023-07-07 07:00:00,17.95,18.08,17.31,18.0,16241100,0.0,0.0,0.0,0.0,0.0,0.0,0.0,0.0,1.0,0.0,18.000000000000032,17.95000000000003,18.08000000000003,17.31000000000003,-0.002219756738312888,-0.005001399700189734,0.0027816429618767705,0.04352198577591255,0.02573368669863177,1.0,0.028888888888888742,2023-07-10 07:00:00
2023-07-10 07:00:00,18.0,18.78,18.0,18.52,15646400,0.0,0.0,0.0,0.0,0.0,0.0,0.0,0.0,1.0,0.0,18.52000000000003,18.000000000000032,18.780000000000033,18.000000000000032,0.02847947132186849,0.0,0.02847947132186849,0.042420715883952055,0.026209450642570287,1.0,0.03239740820734349,2023-07-13 07:00:00
2023-07-11 07:00:00,18.69,18.78,18.17,18.26,15329900,0.0,0.0,0.0,0.0,0.0,0.0,0.0,0.0,1.0,0.0,18.260000000000034,18.690000000000033,18.780000000000033,18.170000000000034,-0.014138354051210831,0.009137392249438114,-0.023275746300649033,0.03302059137203694,0.025308253983521763,1.0,0.04709748083242049,2023-07-13 07:00:00
2023-07-12 07:00:00,18.3,18.39,18.0,18.21,12768800,0.0,0.0,0.0,0.0,0.0,0.0,0.0,0.0,1.0,0.0,18.21000000000003,18.30000000000003,18.39000000000003,18.00000000000003,-0.0027419814273060197,0.0021881846805526933,-0.004930166107858609,0.021435280720065085,0.024078374041197316,1.0,0.049972542559033606,2023-07-13 07:00:00
2023-07-13 07:00:00,18.34,19.3,18.21,19.12,35989400,0.0,0.0,0.0,0.0,0.0,0.0,0.0,0.0,1.0,0.0,19.120000000000033,18.340000000000032,19.300000000000036,18.210000000000033,0.048764013883738744,0.0071135730888023775,0.041650440794936336,0.05813420217132344,0.027405209995533888,1.0,0.047594142259414385,2023-07-17 07:00:00
2023-07-14 07:00:00,19.47,19.47,18.86,19.38,21468500,0.0,0.0,0.0,0.0,0.0,0.0,0.0,0.0,1.0,0.0,19.38000000000003,19.47000000000003,19.47000000000003,18.860000000000028,0.013506698839364803,0.0181399117608529,-0.004633212921488143,0.0318315421787969,0.026239383274855206,1.0,0.033539731682146856,2023-07-17 07:00:00
2023-07-17 07:00:00,19.6,20.51,19.55,20.03,47533300,0.0,0.0,0.0,0.0,0.0,0.0,0.0,0.0,1.0,0.0,20.030000000000037,19.600000000000037,20.510000000000037,19.550000000000036,0.03298954321510702,0.011287959773851575,0.021701583441255327,0.047937285652914385,0.026392256435704864,1.0,0.07139291063404873,2023-07-21 07:00:00
2023-07-18 07:00:00,20.07,20.46,19.77,20.2,32297000,0.0,0.0,0.0,0.0,0.0,0.0,0.0,0.0,1.0,0.0,20.20000000000003,20.070000000000032,20.460000000000033,19.77000000000003,0.008451454729431837,0.00199501313051957,0.006456441598912199,0.03430612334095484,0.025106811479765526,1.0,0.06237623762376243,2023-07-21 07:00:00
2023-07-19 07:00:00,20.46,20.64,19.81,19.86,39472800,0.0,0.0,0.0,0.0,0.0,0.0,0.0,0.0,1.0,0.0,19.86000000000003,20.460000000000033,20.640000000000033,19.81000000000003,-0.01697494579013256,0.012789156116321358,-0.02976410190645386,0.041044079902902555,0.024978107405786244,1.0,0.08056394763343411,2023-07-21 07:00:00
2023-07-20 07:00:00,19.73,20.07,19.3,20.07,29010300,0.0,0.0,0.0,0.0,0.0,0.0,0.0,0.0,1.0,0.0,20.070000000000032,19.730000000000032,20.070000000000032,19.30000000000003,0.010518504191220317,-0.006567338582502519,0.01708584277372274,0.03912106689740708,0.023816631842983396,1.0,0.06925759840558054,2023-07-21 07:00:00
2023-07-21 07:00:00,20.07,21.46,20.03,21.46,41031700,0.0,0.0,0.0,0.0,0.0,0.0,0.0,0.0,1.0,0.0,21.460000000000036,20.070000000000032,21.460000000000033,20.030000000000033,0.06696457439430571,0.0,0.06696457439430571,0.06895958752482535,0.029247631882673677,1.0,0.03215284249767003,2023-07-25 07:00:00
2023-07-24 07:00:00,21.76,22.15,21.5,21.63,33705300,0.0,0.0,0.0,0.0,0.0,0.0,0.0,0.0,1.0,0.0,21.630000000000035,21.760000000000037,22.150000000000034,21.500000000000032,0.007890502762414868,0.013882684785189529,-0.005992182022774597,0.029784561357527495,0.027840009056897763,1.0,0.04022191400832198,2023-07-27 07:00:00
2023-07-25 07:00:00,21.63,22.28,21.46,22.15,40710200,0.0,0.0,0.0,0.0,0.0,0.0,0.0,0.0,1.0,0.0,22.150000000000034,21.63000000000003,22.280000000000037,21.460000000000033,0.02375625652617709,-1.1102230246251565e-16,0.023756256526177306,0.037498677856530986,0.02675589191184068,-1.0,-0.027539503386004305,2023-08-01 07:00:00
2023-07-26 07:00:00,22.06,22.41,21.72,22.02,25404600,0.0,0.0,0.0,0.0,0.0,0.0,0.0,0.0,1.0,0.0,22.02000000000004,22.060000000000038,22.41000000000004,21.720000000000038,-0.005886365196610474,-0.004071482665788083,-0.0018148825308225006,0.031273792747100994,0.026030523929350444,0.0,-0.005903723887375034,2023-08-02 07:00:00
2023-07-27 07:00:00,22.02,22.67,21.76,22.5,46581400,0.0,0.0,0.0,0.0,0.0,0.0,0.0,0.0,1.0,0.0,22.50000000000004,22.02000000000004,22.67000000000004,21.76000000000004,0.021564177915840425,0.0,0.021564177915840425,0.040969042531695685,0.024981671007854696,-1.0,-0.04266666666666663,2023-08-01 07:00:00
2023-07-28 07:00:00,22.5,22.89,21.98,22.15,41099900,0.0,0.0,0.0,0.0,0.0,0.0,0.0,0.0,1.0,0.0,22.150000000000038,22.50000000000004,22.89000000000004,21.98000000000004,-0.015677812719229793,0.0,-0.015677812719229793,0.04056718498899991,0.025141149968628224,-1.0,-0.027539503386004416,2023-08-01 07:00:00
2023-07-31 07:00:00,21.98,22.58,21.5,22.5,37767400,0.0,0.0,0.0,0.0,0.0,0.0,0.0,0.0,1.0,0.0,22.50000000000004,21.98000000000004,22.580000000000037,21.50000000000004,0.01567781271922979,-0.007704547515669293,0.023382360234899015,0.049011623587898616,0.0239986470514331,-1.0,-0.04266666666666663,2023-08-01 07:00:00
2023-08-01 07:00:00,22.63,22.67,21.54,21.54,27815500,0.0,0.0,0.0,0.0,0.0,0.0,0.0,0.0,1.0,0.0,21.54000000000004,22.630000000000038,22.67000000000004,21.54000000000004,-0.043603637482131904,0.005761150435071441,-0.04936478791720346,0.05113079279119514,0.027894447367939133,1.0,0.02831940575673153,2023-08-03 07:00:00
2023-08-02 07:00:00,21.54,22.11,21.46,21.89,17893800,0.0,0.0,0.0,0.0,0.0,0.0,0.0,0.0,1.0,0.0,21.89000000000004,21.54000000000004,22.11000000000004,21.46000000000004,0.016118239806529187,0.0,0.016118239806529187,0.029839257666802326,0.026760349254286463,1.0,0.06349931475559623,2023-08-04 07:00:00
2023-08-03 07:00:00,21.89,22.41,21.67,22.15,26836300,0.0,0.0,0.0,0.0,0.0,0.0,0.0,0.0,1.0,0.0,22.150000000000038,21.89000000000004,22.41000000000004,21.67000000000004,0.011807584956373005,0.0,0.011807584956373005,0.033578472264567776,0.025521432563503674,1.0,0.05101580135440198,2023-08-04 07:00:00
2023-08-04 07:00:00,22.5,23.54,22.24,23.28,36216600,0.0,0.0,0.0,0.0,0.0,0.0,0.0,0.0,1.0,0.0,23.280000000000044,22.50000000000004,23.540000000000042,22.240000000000038,0.04975712637209259,0.01567781271922979,0.0340793136528628,0.056808632449749215,0.027586968892362326,-1.0,-0.04123711340206182,2023-08-09 07:00:00
2023-08-07 07:00:00,23.45,23.45,22.76,23.06,21489800,0.0,0.0,0.0,0.0,0.0,0.0,0.0,0.0,1.0,0.0,23.06000000000004,23.450000000000042,23.450000000000042,22.76000000000004,-0.009495108022324185,0.007275872029051272,-0.016770980051375402,0.029865885634158124,0.026915089507836602,-1.0,-0.03209019947961822,2023-08-09 07:00:00
2023-08-08 07:00:00,23.06,23.15,22.54,22.67,24384800,0.0,0.0,0.0,0.0,0.0,0.0,0.0,0.0,1.0,0.0,22.670000000000044,23.06000000000004,23.15000000000004,22.54000000000004,-0.01705705032147519,0.0,-0.01705705032147519,0.026703271920613003,0.026732949638703558,1.0,0.04940449933833224,2023-08-14 07:00:00
2023-08-09 07:00:00,22.5,22.8,22.32,22.32,20421200,0.0,0.0,0.0,0.0,0.0,0.0,0.0,0.0,1.0,0.0,22.320000000000043,22.500000000000046,22.800000000000047,22.320000000000046,-0.01555932700632745,-0.007527155309063102,-0.008032171697264378,0.02127739844728488,0.026248598644608826,1.0,0.02732974910394259,2023-08-11 07:00:00
2023-08-10 07:00:00,22.32,22.84,22.24,22.28,19242400,0.0,0.0,0.0,0.0,0.0,0.0,0.0,0.0,1.0,0.0,22.280000000000044,22.320000000000046,22.840000000000046,22.240000000000045,-0.0017937224540268775,2.2204460492503128e-16,-0.0017937224540269887,0.026620915405427895,0.025028346862509245,1.0,0.029174147217235102,2023-08-11 07:00:00
2023-08-11 07:00:00,22.5,22.93,21.93,22.93,23064900,0.0,0.0,0.0,0.0,0.0,0.0,0.0,0.0,1.0,0.0,22.930000000000042,22.50000000000004,22.93000000000004,21.93000000000004,0.028756681810729715,0.009825894151290981,0.01893078765943881,0.04459053444001609,0.024996920876346734,1.0,0.037505451373745835,2023-08-14 07:00:00
2023-08-14 07:00:00,23.41,24.36,23.28,23.79,32704600,0.0,0.0,0.0,0.0,0.0,0.0,0.0,0.0,1.0,0.0,23.79000000000004,23.410000000000036,24.36000000000004,23.280000000000037,0.0368192274450529,0.020717184633006,0.016102042812047083,0.045347819978459256,0.02553958204866149,1.0,0.036569987389659664,2023-08-16 07:00:00
2023-08-15 07:00:00,24.05,24.18,23.58,23.71,20538800,0.0,0.0,0.0,0.0,0.0,0.0,0.0,0.0,1.0,0.0,23.710000000000043,24.050000000000043,24.180000000000042,23.58000000000004,-0.003368424237551994,0.010869672236904111,-0.014238096474456076,0.02512695007742186,0.024568263277185358,1.0,0.04006748207507371,2023-08-16 07:00:00
2023-08-16 07:00:00,23.75,24.66,23.28,24.66,31510400,0.0,0.0,0.0,0.0,0.0,0.0,0.0,0.0,1.0,0.0,24.660000000000043,23.750000000000043,24.660000000000043,23.280000000000044,0.039285597658884036,0.0016856304033361486,0.0375999672555479,0.057587874872960965,0.025236774491076634,-1.0,-0.09124087591240893,2023-08-18 07:00:00
2023-08-17 07:00:00,24.79,24.88,24.05,24.05,21741400,0.0,0.0,0.0,0.0,0.0,0.0,0.0,0.0,1.0,0.0,24.050000000000043,24.790000000000042,24.88000000000004,24.050000000000043,-0.025047501184428042,0.005257848310900908,-0.030305349495328808,0.03392927131920835,0.026304013397011987,-1.0,-0.06819126819126842,2023-08-18 07:00:00
2023-08-18 07:00:00,23.79,24.01,22.41,22.41,50660100,0.0,0.0,0.0,0.0,0.0,0.0,0.0,0.0,1.0,0.0,22.410000000000036,23.790000000000035,24.01000000000004,22.410000000000036,-0.0706277087389348,-0.010869672236904215,-0.05975803650203053,0.06896312242032629,0.034296837870493244,1.0,0.038821954484605126,2023-08-24 07:00:00
2023-08-21 07:00:00,22.06,22.45,21.11,21.98,26433700,0.0,0.0,0.0,0.0,0.0,0.0,0.0,0.0,1.0,0.0,21.98000000000004,22.060000000000038,22.45000000000004,21.11000000000004,-0.01937433883736008,-0.015741273987479116,-0.0036330648498809825,0.061543752328033885,0.03313223904304368,1.0,0.059144676979071775,2023-08-24 07:00:00
2023-08-22 07:00:00,21.98,22.24,20.77,21.98,23161200,0.0,0.0,0.0,0.0,0.0,0.0,0.0,0.0,1.0,0.0,21.98000000000004,21.98000000000004,22.240000000000038,20.770000000000035,0.0,0.0,0.0,0.0683828314943606,0.0315207263617371,1.0,0.059144676979071775,2023-08-24 07:00:00
2023-08-23 07:00:00,22.32,22.58,21.76,21.76,19639500,0.0,0.0,0.0,0.0,0.0,0.0,0.0,0.0,1.0,0.0,21.760000000000037,22.320000000000036,22.580000000000034,21.760000000000037,-0.010059526987733568,0.015350188537634632,-0.025409715525368214,0.03699113673377379,0.03008526120516757,1.0,0.06985294117647056,2023-08-24 07:00:00
2023-08-24 07:00:00,21.85,23.28,21.72,23.28,33408000,0.0,0.0,0.0,0.0,0.0,0.0,0.0,0.0,1.0,0.0,23.28000000000004,21.85000000000004,23.280000000000044,21.720000000000038,0.06752120087549517,0.004127499553857513,0.06339370132163778,0.06936112779750253,0.035562750309838076,1.0,0.05927835051546393,2023-08-30 07:00:00
2023-08-25 07:00:00,23.28,23.97,23.28,23.36,29418000,0.0,0.0,0.0,0.0,0.0,0.0,0.0,0.0,1.0,0.0,23.360000000000042,23.280000000000044,23.97000000000004,23.280000000000044,0.0034305350967892222,2.2204460492503128e-16,0.0034305350967892222,0.029208425583055815,0.03382750982183275,1.0,0.05565068493150682,2023-08-30 07:00:00
2023-08-28 07:00:00,23.41,23.97,23.19,23.97,20803600,0.0,0.0,0.0,0.0,0.0,0.0,0.0,0.0,1.0,0.0,23.97000000000004,23.410000000000043,23.97000000000004,23.190000000000044,0.025777890486266608,0.002138123542793029,0.02363976694347346,0.033081897178852494,0.03283629944139019,1.0,0.03420942845223185,2023-08-31 07:00:00
2023-08-29 07:00:00,24.14,24.88,23.97,23.97,25713000,0.0,0.0,0.0,0.0,0.0,0.0,0.0,0.0,1.0,0.0,23.97000000000004,24.140000000000043,24.88000000000004,23.97000000000004,0.0,0.007067167223092573,-0.007067167223092555,0.037261219424685736,0.03128754189424764,1.0,0.03420942845223185,2023-08-31 07:00:00
2023-08-30 07:00:00,24.05,24.79,23.75,24.66,30069600,0.0,0.0,0.0,0.0,0.0,0.0,0.0,0.0,1.0,0.0,24.660000000000043,24.050000000000043,24.790000000000042,23.750000000000043,0.028379449289905233,0.003331948105477175,0.025047501184428,0.04285781556644878,0.03054636034046372,1.0,0.03325223033252245,2023-09-06 07:00:00
2023-08-31 07:00:00,25.01,25.31,24.79,24.79,16999200,0.0,0.0,0.0,0.0,0.0,0.0,0.0,0.0,1.0,0.0,24.790000000000042,25.010000000000048,25.310000000000045,24.790000000000042,0.005257848310900908,0.014093247153329628,-0.008835398842428798,0.020759228509933544,0.029064666166138103,-1.0,-0.02985074626865647,2023-09-11 07:00:00
2023-09-05 07:00:00,24.92,25.44,24.79,25.05,17373700,0.0,0.0,0.0,0.0,0.0,0.0,0.0,0.0,1.0,0.0,25.050000000000047,24.920000000000044,25.440000000000047,24.790000000000042,0.010433481483774777,0.005230347872153422,0.0052031336116214,0.025882392424822414,0.02766046984515013,-1.0,-0.03992015968063867,2023-09-11 07:00:00
2023-09-06 07:00:00,24.88,25.53,24.57,25.48,26747700,0.0,0.0,0.0,0.0,0.0,0.0,0.0,0.0,1.0,0.0,25.48000000000005,24.88000000000005,25.53000000000005,24.57000000000005,0.017020003173088803,-0.006809559659895068,0.023829562832983993,0.03832804472030458,0.026458155258522163,-1.0,-0.056122448979591844,2023-09-11 07:00:00
2023-09-07 07:00:00,25.65,25.96,25.18,25.4,21752500,0.0,0.0,0.0,0.0,0.0,0.0,0.0,0.0,1.0,0.0,25.40000000000005,25.65000000000005,25.960000000000054,25.18000000000005,-0.0031446566794717194,0.006649740912815794,-0.009794397592287585,0.03050686321968827,0.02541534799731458,-1.0,-0.053149606299212504,2023-09-11 07:00:00
2023-09-08 07:00:00,25.27,25.7,25.18,25.44,15447600,0.0,0.0,0.0,0.0,0.0,0.0,0.0,0.0,1.0,0.0,25.44000000000005,25.27000000000005,25.70000000000005,25.18000000000005,0.0015735644474305383,-0.00513125262438801,0.006704817071818506,0.020440963284973024,0.024240813957845046,-1.0,-0.05463836477987427,2023-09-11 07:00:00
2023-09-11 07:00:00,25.53,25.61,24.05,24.05,33620700,0.0,0.0,0.0,0.0,0.0,0.0,0.0,0.0,1.0,0.0,24.050000000000047,25.53000000000005,25.61000000000005,24.05000000000005,-0.05618774192015127,0.0035314927814711593,-0.05971923470162231,0.06284790365966349,0.02988571293424476,1.0,0.04158004158004158,2023-09-12 07:00:00
2023-09-12 07:00:00,24.05,25.05,23.54,25.05,24147200,0.0,0.0,0.0,0.0,0.0,0.0,0.0,0.0,1.0,0.0,25.05000000000005,24.05000000000005,25.05000000000005,23.540000000000045,0.04073883097910362,2.2204460492503128e-16,0.04073883097910362,0.06217272569874332,0.030851686125520295,-1.0,-0.05708582834331355,2023-09-14 07:00:00
2023-09-13 07:00:00,25.09,25.48,24.23,24.57,24192500,0.0,0.0,0.0,0.0,0.0,0.0,0.0,0.0,1.0,0.0,24.570000000000046,25.090000000000046,25.480000000000047,24.230000000000043,-0.019347640997786235,0.0015955328474569351,-0.020943173845243135,0.05030229587552818,0.030227903672832488,-1.0,-0.038665038665038676,2023-09-14 07:00:00
2023-09-14 07:00:00,24.4,24.53,23.62,23.62,27447700,0.0,0.0,0.0,0.0,0.0,0.0,0.0,0.0,1.0,0.0,23.620000000000044,24.40000000000004,24.530000000000044,23.620000000000044,-0.03943237576387151,-0.0069430542339318,-0.03248932152993975,0.03780304750118158,0.03139517607859339,1.0,0.036833192209991594,2023-09-20 07:00:00
2023-09-15 07:00:00,23.75,24.1,23.36,23.54,17733400,0.0,0.0,0.0,0.0,0.0,0.0,0.0,0.0,1.0,0.0,23.540000000000042,23.750000000000043,24.100000000000044,23.360000000000042,-0.0033927089370856907,0.005488719711433859,-0.008881428648519535,0.03118668253658299,0.029867886424978982,1.0,0.040356839422260204,2023-09-20 07:00:00
2023-09-18 07:00:00,23.36,23.71,23.1,23.19,16821600,0.0,0.0,0.0,0.0,0.0,0.0,0.0,0.0,1.0,0.0,23.190000000000044,23.360000000000042,23.710000000000043,23.100000000000044,-0.014979950564690238,-0.007675943872104291,-0.007304006692585927,0.026064282549566282,0.028688834066558918,1.0,0.05605864596808985,2023-09-20 07:00:00
2023-09-19 07:00:00,23.36,23.79,22.89,23.71,19999200,0.0,0.0,0.0,0.0,0.0,0.0,0.0,0.0,1.0,0.0,23.710000000000047,23.360000000000046,23.790000000000045,22.890000000000047,0.022175748809873976,0.007304006692586047,0.014871742117287822,0.03856519035039081,0.028321780159714437,1.0,0.03289751159848153,2023-09-20 07:00:00
2023-09-20 07:00:00,23.88,24.75,23.62,24.49,16497400,0.0,0.0,0.0,0.0,0.0,0.0,0.0,0.0,1.0,0.0,24.490000000000048,23.880000000000045,24.75000000000005,23.620000000000047,0.032367970886762146,0.0071443884470870295,0.025223582439675096,0.04673167824548312,0.02871050748190036,-1.0,-0.09554920375663545,2023-09-22 07:00:00
2023-09-21 07:00:00,24.57,24.57,23.79,23.79,17159600,0.0,0.0,0.0,0.0,0.0,0.0,0.0,0.0,1.0,0.0,23.79000000000005,24.57000000000005,24.57000000000005,23.790000000000045,-0.028999546649209996,0.0032613155690115066,-0.032260862218221435,0.03226086221822148,0.02891422594700435,-1.0,-0.0689365279529216,2023-09-22 07:00:00
2023-09-22 07:00:00,23.19,23.28,22.15,22.15,28828600,0.0,0.0,0.0,0.0,0.0,0.0,0.0,0.0,1.0,0.0,22.15000000000004,23.190000000000047,23.280000000000047,22.15000000000004,-0.07142782782372188,-0.02554417304742607,-0.04588365477629584,0.04975712637209259,0.03483125274289353,-1.0,-0.06817155756207671,2023-09-25 07:00:00
2023-09-25 07:00:00,22.06,22.41,20.64,20.64,26114100,0.0,0.0,0.0,0.0,0.0,0.0,0.0,0.0,1.0,0.0,20.64000000000004,22.06000000000004,22.410000000000046,20.640000000000043,-0.07060655587778263,-0.004071482665788194,-0.06653507321199434,0.08227634719947369,0.03823748914959097,1.0,0.06879844961240322,2023-09-27 07:00:00
2023-09-26 07:00:00,20.33,21.5,20.29,21.2,25379200,0.0,0.0,0.0,0.0,0.0,0.0,0.0,0.0,1.0,0.0,21.200000000000042,20.330000000000037,21.500000000000043,20.29000000000004,0.026770241064604832,-0.015133312973106746,0.041903554037711725,0.05792478129589374,0.03831679946971807,1.0,0.040566037735849214,2023-09-27 07:00:00
2023-09-27 07:00:00,21.2,22.06,20.38,22.06,17003500,0.0,0.0,0.0,0.0,0.0,0.0,0.0,0.0,1.0,0.0,22.060000000000045,21.200000000000042,22.06000000000004,20.380000000000038,0.039764832147389795,0.0,0.039764832147389795,0.07921198603077757,0.039344549231306834,-1.0,-0.08431550317316427,2023-10-03 07:00:00
2023-09-28 07:00:00,21.8,21.93,21.07,21.2,19590200,0.0,0.0,0.0,0.0,0.0,0.0,0.0,0.0,1.0,0.0,21.200000000000042,21.800000000000043,21.930000000000042,21.070000000000043,-0.03976483214738966,-0.011856044030313097,-0.027908788117076616,0.04000533461369899,0.03888085036012768,-1.0,-0.04716981132075482,2023-10-03 07:00:00
2023-09-29 07:00:00,21.59,21.8,21.33,21.72,17032800,0.0,0.0,0.0,0.0,0.0,0.0,0.0,0.0,1.0,0.0,21.72000000000004,21.590000000000042,21.800000000000043,21.33000000000004,0.024232313387767806,0.018229062848749186,0.006003250539018745,0.021795437311784127,0.038242890571978626,-1.0,-0.06998158379373853,2023-10-03 07:00:00
2023-10-02 07:00:00,21.72,22.06,21.5,21.72,7942900,0.0,0.0,0.0,0.0,0.0,0.0,0.0,0.0,1.0,0.0,21.72000000000004,21.72000000000004,22.06000000000004,21.500000000000043,0.0,0.0,0.0,0.025713078691739263,0.03640756723037921,-1.0,-0.06998158379373853,2023-10-03 07:00:00
2023-10-03 07:00:00,21.29,21.33,20.2,20.2,27941600,0.0,0.0,0.0,0.0,0.0,0.0,0.0,0.0,1.0,0.0,20.20000000000004,21.290000000000042,21.33000000000004,20.20000000000004,-0.07255089065857566,-0.019996016160346505,-0.05255487449822912,0.05443192807610017,0.04023514022779209,-1.0,-0.0663366336633664,2023-10-05 07:00:00
2023-10-04 07:00:00,19.04,20.68,19.04,20.25,19183400,0.0,0.0,0.0,0.0,0.0,0.0,0.0,0.0,1.0,0.0,20.25000000000004,19.04000000000004,20.680000000000042,19.04000000000004,0.002472189145389073,-0.059140575043939755,0.061612764189328886,0.08262502027700926,0.03848615979255845,-1.0,-0.06864197530864202,2023-10-05 07:00:00
2023-10-05 07:00:00,20.42,20.64,18.86,18.86,18899600,0.0,0.0,0.0,0.0,0.0,0.0,0.0,0.0,1.0,0.0,18.860000000000035,20.420000000000037,20.640000000000036,18.86000000000003,-0.07111151634723677,0.008360019183971282,-0.079471535531208,0.09018766340805066,0.041010593066274345,1.0,0.06203605514316024,2023-10-09 07:00:00
2023-10-06 07:00:00,18.73,19.3,18.0,19.3,21901000,0.0,0.0,0.0,0.0,0.0,0.0,0.0,0.0,1.0,0.0,19.300000000000036,18.730000000000032,19.300000000000036,18.000000000000032,0.023061818705528394,-0.006916760749314453,0.02997857945484289,0.06973333801467535,0.040707413050901316,1.0,0.04922279792746109,2023-10-11 07:00:00
2023-10-09 07:00:00,19.25,20.16,19.04,20.03,14284400,0.0,0.0,0.0,0.0,0.0,0.0,0.0,0.0,1.0,0.0,20.03000000000004,19.25000000000004,20.16000000000004,19.04000000000004,0.0371260537668871,-0.0025940351770465356,0.03972008894393354,0.05715841383994862,0.04143964122115753,0.0,0.01298052920619086,2023-10-16 07:00:00
2023-10-10 07:00:00,20.16,20.29,19.73,19.86,13881600,0.0,0.0,0.0,0.0,0.0,0.0,0.0,0.0,1.0,0.0,19.860000000000035,20.160000000000036,20.290000000000035,19.730000000000036,-0.008523491060700552,0.006469293525440724,-0.014992784586141393,0.02798783380319919,0.03941889594177306,-1.0,-0.047834843907351154,2023-10-17 07:00:00
2023-10-11 07:00:00,19.86,20.25,19.25,20.25,14033000,0.0,0.0,0.0,0.0,0.0,0.0,0.0,0.0,1.0,0.0,20.25000000000004,19.86000000000004,20.25000000000004,19.25000000000004,0.019447134935521724,2.2204460492503128e-16,0.01944713493552151,0.05064373281875472,0.0383535831508258,-1.0,-0.0661728395061727,2023-10-17 07:00:00
2023-10-12 07:00:00,20.42,20.85,20.2,20.59,13867000,0.0,0.0,0.0,0.0,0.0,0.0,0.0,0.0,1.0,0.0,20.590000000000042,20.42000000000004,20.850000000000044,20.20000000000004,0.016650727487150015,0.008360019183971501,0.008290708303178563,0.03167134383765162,0.037049027226349666,-1.0,-0.08159300631374455,2023-10-17 07:00:00
2023-10-13 07:00:00,20.07,20.94,19.77,20.51,15448800,0.0,0.0,0.0,0.0,0.0,0.0,0.0,0.0,1.0,0.0,20.510000000000048,20.070000000000046,20.940000000000047,19.770000000000042,-0.0038929489554085516,-0.02557935823145106,0.02168640927604251,0.057495568259865404,0.035242319643370455,-1.0,-0.07801072647489049,2023-10-17 07:00:00
2023-10-16 07:00:00,20.51,20.85,20.03,20.29,13597000,0.0,0.0,0.0,0.0,0.0,0.0,0.0,0.0,1.0,0.0,20.290000000000042,20.510000000000044,20.850000000000044,20.03000000000004,-0.01078441824656611,-2.2204460492503136e-16,-0.010784418246565997,0.04012279856708369,0.03360690234139928,-1.0,-0.0680137999014293,2023-10-17 07:00:00
2023-10-17 07:00:00,20.51,20.51,18.91,18.91,11010300,0.0,0.0,0.0,0.0,0.0,0.0,0.0,0.0,1.0,0.0,18.91000000000004,20.510000000000044,20.510000000000044,18.91000000000004,-0.07043727116735728,0.010784418246565928,-0.0812216894139232,0.0812216894139233,0.03777341698470945,-1.0,-0.06874669487043883,2023-10-18 07:00:00
2023-10-18 07:00:00,18.99,19.12,17.61,17.61,24315300,0.0,0.0,0.0,0.0,0.0,0.0,0.0,0.0,1.0,0.0,17.61000000000004,18.99000000000004,19.120000000000044,17.61000000000004,-0.07122396016225126,0.00422164215382846,-0.07544560231607975,0.08226798511514062,0.04038729056011654,-1.0,-0.06416808631459403,2023-10-19 07:00:00
2023-10-19 07:00:00,17.48,17.74,16.48,16.48,23371600,0.0,0.0,0.0,0.0,0.0,0.0,0.0,0.0,1.0,0.0,16.480000000000036,17.48000000000004,17.740000000000038,16.480000000000036,-0.06631939802678918,-0.007409552280725264,-0.0589098457460638,0.07367445240010781,0.041317653272206274,1.0,0.06856796116504849,2023-10-20 07:00:00
2023-10-20 07:00:00,16.48,17.61,16.48,17.61,17629300,0.0,0.0,0.0,0.0,0.0,0.0,0.0,0.0,1.0,0.0,17.61000000000004,16.480000000000036,17.61000000000004,16.480000000000036,0.06631939802678907,0.0,0.06631939802678907,0.06631939802678907,0.04722506088005993,0.0,0.03918228279386726,2023-10-27 07:00:00
2023-10-23 07:00:00,17.69,18.17,17.31,17.35,15661500,0.0,0.0,0.0,0.0,0.0,0.0,0.0,0.0,1.0,0.0,17.350000000000037,17.690000000000037,18.170000000000037,17.310000000000034,-0.014874416115246585,0.00453258566357914,-0.01940700177882571,0.0484875132199621,0.04492645694025734,1.0,0.0622478386167149,2023-10-24 07:00:00
2023-10-24 07:00:00,17.61,18.43,17.48,18.43,16056500,0.0,0.0,0.0,0.0,0.0,0.0,0.0,0.0,1.0,0.0,18.430000000000042,17.61000000000004,18.430000000000042,17.48000000000004,0.06038726528886391,0.014874416115246612,0.04551284917361718,0.05292240145434253,0.048053596121417165,-1.0,-0.0705371676614217,2023-10-26 07:00:00
2023-10-25 07:00:00,18.52,18.78,18.17,18.17,19797300,0.0,0.0,0.0,0.0,0.0,0.0,0.0,0.0,1.0,0.0,18.170000000000044,18.520000000000046,18.780000000000047,18.170000000000044,-0.01420788927365194,0.004871457536301638,-0.019079346809953594,0.03302059137203715,0.045780945641788764,-1.0,-0.05723720418271894,2023-10-26 07:00:00
2023-10-26 07:00:00,17.52,17.61,16.92,17.13,37078300,0.0,0.0,0.0,0.0,0.0,0.0,0.0,0.0,1.0,0.0,17.130000000000038,17.52000000000004,17.61000000000004,16.92000000000004,-0.05894057007205146,-0.03642879689983472,-0.022511773172216875,0.03997056833003742,0.04632688100368501,1.0,0.06830122591943977,2023-10-27 07:00:00
2023-10-27 07:00:00,17.52,18.3,17.13,18.3,23893600,0.0,0.0,0.0,0.0,0.0,0.0,0.0,0.0,1.0,0.0,18.300000000000043,17.52000000000004,18.30000000000004,17.130000000000038,0.0660697475113469,0.022511773172216903,0.04355797433912994,0.06606974751134669,0.04986835794979948,1.0,0.05464480874316946,2023-11-03 07:00:00
2023-10-30 07:00:00,18.13,18.69,17.52,17.52,18924400,0.0,0.0,0.0,0.0,0.0,0.0,0.0,0.0,1.0,0.0,17.520000000000042,18.13000000000004,18.690000000000047,17.520000000000042,-0.043557974339129786,-0.009333035080615603,-0.03422493925851417,0.06464553595922617,0.04890254804849941,1.0,0.08675799086757996,2023-11-02 07:00:00
2023-10-31 07:00:00,17.74,18.34,17.31,17.48,24265600,0.0,0.0,0.0,0.0,0.0,0.0,0.0,0.0,1.0,0.0,17.480000000000043,17.74000000000004,18.340000000000046,17.31000000000004,-0.002285715280855951,0.012478891373188064,-0.014764606654043914,0.05780009764020113,0.046545547895299216,1.0,0.08924485125858106,2023-11-02 07:00:00
2023-11-01 07:00:00,17.82,17.82,16.87,17.82,19774800,0.0,0.0,0.0,0.0,0.0,0.0,0.0,0.0,1.0,0.0,17.820000000000043,17.820000000000043,17.820000000000043,16.870000000000044,0.019264051815273842,0.019264051815273842,0.0,0.05478452548478613,0.04499071247327282,1.0,0.06846240179573515,2023-11-02 07:00:00
2023-11-02 07:00:00,18.21,19.04,18.08,19.04,26227800,0.0,0.0,0.0,0.0,0.0,0.0,0.0,0.0,1.0,0.0,19.040000000000045,18.210000000000047,19.040000000000045,18.08000000000004,0.06622060732055603,0.02164947169685351,0.04457113562370249,0.05173567439918889,0.04783837322324358,1.0,0.08613445378151274,2023-11-08 07:00:00
2023-11-03 07:00:00,19.34,19.6,18.91,19.3,26869400,0.0,0.0,0.0,0.0,0.0,0.0,0.0,0.0,1.0,0.0,19.300000000000047,19.340000000000046,19.600000000000048,18.910000000000046,0.013563066547620566,0.015633460661928958,-0.002070394114308402,0.035838683566105464,0.04563665696174633,1.0,0.07150259067357534,2023-11-08 07:00:00
2023-11-06 07:00:00,19.51,19.73,19.12,19.73,14761800,0.0,0.0,0.0,0.0,0.0,0.0,0.0,0.0,1.0,0.0,19.73000000000005,19.510000000000048,19.73000000000005,19.120000000000047,0.022035224123684145,0.010822058724179925,0.011213165399504324,0.03140541241126885,0.04378239987164412,1.0,0.04815002534211854,2023-11-08 07:00:00
2023-11-07 07:00:00,19.43,19.86,19.21,19.34,17969100,0.0,0.0,0.0,0.0,0.0,0.0,0.0,0.0,1.0,0.0,19.34000000000005,19.430000000000053,19.860000000000053,19.21000000000005,-0.01996483000937564,-0.015322056645175056,-0.004642773364200658,0.03327668183656127,0.042313106717003376,1.0,0.06928645294725966,2023-11-08 07:00:00
2023-11-08 07:00:00,19.3,20.68,19.17,20.68,26441000,0.0,0.0,0.0,0.0,0.0,0.0,0.0,0.0,1.0,0.0,20.680000000000053,19.30000000000005,20.680000000000057,19.17000000000005,0.0669915596150802,-0.002070394114308402,0.0690619537293885,0.07582049258267522,0.04468553011836966,1.0,0.0459381044487428,2023-11-13 07:00:00
2023-11-09 07:00:00,21.11,21.8,20.85,21.2,28703200,0.0,0.0,0.0,0.0,0.0,0.0,0.0,0.0,1.0,0.0,21.200000000000056,21.110000000000056,21.800000000000058,20.85000000000006,0.024834132037738394,0.020579812220000906,0.00425431981773751,0.04455602155023281,0.0427823554064817,1.0,0.06509433962264155,2023-11-16 07:00:00
2023-11-10 07:00:00,20.9,22.41,20.9,21.11,35129600,0.0,0.0,0.0,0.0,0.0,0.0,0.0,0.0,1.0,0.0,21.110000000000053,20.90000000000005,22.410000000000053,20.90000000000005,-0.004254319817737666,-0.01425202270720184,0.009997702889464073,0.06975812884207044,0.040926560054353404,1.0,0.06963524396020859,2023-11-16 07:00:00
2023-11-13 07:00:00,21.42,21.76,20.98,21.63,22517300,0.0,0.0,0.0,0.0,0.0,0.0,0.0,0.0,1.0,0.0,21.630000000000056,21.42000000000006,21.76000000000006,20.980000000000057,0.024334378104738204,0.014578203159373774,0.009756174945364435,0.03650381901959076,0.03920795543160824,1.0,0.043920480813684826,2023-11-16 07:00:00
2023-11-14 07:00:00,21.93,22.06,21.2,21.42,18092200,0.0,0.0,0.0,0.0,0.0,0.0,0.0,0.0,1.0,0.0,21.420000000000055,21.930000000000053,22.060000000000052,21.200000000000053,-0.009756174945364685,0.013774322464829203,-0.023530497410193932,0.03976483214738958,0.03778052689512064,1.0,0.05415499533146595,2023-11-16 07:00:00
2023-11-15 07:00:00,21.98,22.32,21.37,21.5,25530600,0.0,0.0,0.0,0.0,0.0,0.0,0.0,0.0,1.0,0.0,21.500000000000057,21.980000000000057,22.32000000000006,21.370000000000058,0.003727870114014391,0.02580788395587272,-0.02208001384185815,0.043495068182053946,0.035963941235744125,1.0,0.050232558139534866,2023-11-16 07:00:00
2023-11-16 07:00:00,21.29,22.58,21.29,22.58,28433000,0.0,0.0,0.0,0.0,0.0,0.0,0.0,0.0,1.0,0.0,22.58000000000006,21.290000000000056,22.58000000000006,21.290000000000056,0.04901162358789883,-0.00981545622822897,0.058827079816127774,0.058827079816127774,0.03637502320740485,-1.0,-0.051372896368467647,2023-11-23 07:00:00
2023-11-17 07:00:00,22.76,23.1,21.37,22.15,36148400,0.0,0.0,0.0,0.0,0.0,0.0,0.0,0.0,1.0,0.0,22.150000000000055,22.760000000000062,23.100000000000062,21.370000000000058,-0.01922706223037145,0.007940050536614437,-0.0271671127669857,0.07784454819669165,0.03584405282454673,1.0,0.0392776523702032,2023-11-22 07:00:00
2023-11-20 07:00:00,21.63,22.76,21.37,22.5,21034000,0.0,0.0,0.0,0.0,0.0,0.0,0.0,0.0,1.0,0.0,22.500000000000057,21.630000000000052,22.76000000000006,21.370000000000054,0.01567781271922979,-0.023756256526177296,0.039434069245407245,0.06301653992707401,0.0341555254319822,-1.0,-0.04799999999999993,2023-11-23 07:00:00
2023-11-21 07:00:00,22.93,22.97,22.32,22.45,16102300,0.0,0.0,0.0,0.0,0.0,0.0,0.0,0.0,1.0,0.0,22.450000000000056,22.930000000000057,22.970000000000056,22.320000000000054,-0.0022246950221111624,0.01893078765943859,-0.021155482681549778,0.028705879187896705,0.03268123640129829,-1.0,-0.04587973273942092,2023-11-23 07:00:00
2023-11-22 07:00:00,22.41,23.19,22.32,23.02,25656100,0.0,0.0,0.0,0.0,0.0,0.0,0.0,0.0,1.0,0.0,23.020000000000056,22.410000000000053,23.190000000000058,22.320000000000054,0.02507278910547315,-0.0017833263754278164,0.026856115480900927,0.03823801375433017,0.03148776935151055,-1.0,-0.06950477845351855,2023-11-23 07:00:00
2023-11-23 07:00:00,23.15,23.32,21.42,21.42,37517100,0.0,0.0,0.0,0.0,0.0,0.0,0.0,0.0,1.0,0.0,21.420000000000055,23.150000000000055,23.320000000000057,21.420000000000055,-0.07203833827413374,0.005631377238506381,-0.07766971551264025,0.08498629646268883,0.03882876629311398,0.0,-0.002334267040149385,2023-11-30 07:00:00
2023-11-24 07:00:00,21.63,21.72,20.33,21.63,34208000,0.0,0.0,0.0,0.0,0.0,0.0,0.0,0.0,1.0,0.0,21.630000000000056,21.630000000000056,21.720000000000056,20.33000000000005,0.009756174945364656,0.009756174945364656,0.0,0.06613586742547935,0.03700362694714941,0.0,0.004160887656033063,2023-12-01 07:00:00
2023-11-27 07:00:00,21.67,21.76,20.9,20.9,12984200,0.0,0.0,0.0,0.0,0.0,0.0,0.0,0.0,1.0,0.0,20.900000000000052,21.670000000000055,21.760000000000055,20.90000000000005,-0.03433208099420214,0.001847575583300135,-0.036179656577502474,0.0403242630169767,0.03694197550028346,1.0,0.03923444976076551,2023-12-01 07:00:00
2023-11-28 07:00:00,20.77,21.33,20.38,21.2,18818000,0.0,0.0,0.0,0.0,0.0,0.0,0.0,0.0,1.0,0.0,21.200000000000053,20.77000000000005,21.33000000000005,20.38000000000005,0.014252022707201413,-0.006239521082744493,0.020491543789945995,0.04556050468868051,0.035423548977255505,1.0,0.08349056603773564,2023-12-04 07:00:00
2023-11-29 07:00:00,21.29,21.72,21.16,21.67,15253700,0.0,0.0,0.0,0.0,0.0,0.0,0.0,0.0,1.0,0.0,21.670000000000055,21.290000000000052,21.720000000000052,21.160000000000053,0.021927633870300882,0.00423629722742136,0.017691336642879675,0.02612088807563587,0.034290807853077684,1.0,0.05999077065066882,2023-12-04 07:00:00
2023-11-30 07:00:00,21.67,22.06,21.37,21.37,16948400,0.0,0.0,0.0,0.0,0.0,0.0,0.0,0.0,1.0,0.0,21.370000000000054,21.670000000000055,22.060000000000052,21.370000000000054,-0.013940746217211412,0.0,-0.013940746217211412,0.031777944494299944,0.03300443461072218,1.0,0.07487131492746801,2023-12-04 07:00:00
2023-12-01 07:00:00,21.67,21.98,21.24,21.72,13467800,0.0,0.0,0.0,0.0,0.0,0.0,0.0,0.0,1.0,0.0,21.720000000000052,21.670000000000055,21.980000000000054,21.24000000000005,0.01624542573467827,0.013940746217211412,0.0023046795174667817,0.03424675260173725,0.03171855973214266,1.0,0.05755064456721892,2023-12-04 07:00:00
2023-12-04 07:00:00,22.15,23.23,22.11,22.97,28946500,0.0,0.0,0.0,0.0,0.0,0.0,0.0,0.0,1.0,0.0,22.970000000000052,22.15000000000005,23.230000000000054,22.11000000000005,0.055955521635271975,0.01960400142540977,0.036351520209862306,0.04941455191296284,0.034177440082436096,0.0,-0.0074009577710053565,2023-12-11 07:00:00
2023-12-05 07:00:00,22.97,23.19,22.84,22.93,17811000,0.0,0.0,0.0,0.0,0.0,0.0,0.0,0.0,1.0,0.0,22.930000000000057,22.970000000000056,23.190000000000058,22.840000000000057,-0.0017429198311936015,2.2204460492503128e-16,-0.001742919831193824,0.015207766479630938,0.032633803573731315,0.0,-0.0056694286960313756,2023-12-12 07:00:00
2023-12-06 07:00:00,22.93,23.71,22.67,23.58,23660000,0.0,0.0,0.0,0.0,0.0,0.0,0.0,0.0,1.0,0.0,23.58000000000006,22.93000000000006,23.710000000000065,22.670000000000062,0.027952798239411786,2.2204460492503128e-16,0.027952798239411568,0.044854435557876576,0.031687006510707605,-1.0,-0.0330788804071247,2023-12-11 07:00:00
2023-12-07 07:00:00,23.62,23.75,22.15,22.89,33278800,0.0,0.0,0.0,0.0,0.0,0.0,0.0,0.0,1.0,0.0,22.890000000000057,23.620000000000058,23.750000000000057,22.150000000000052,-0.029698761144749494,0.0016949156599912823,-0.03139367680474091,0.0697450339895056,0.03229664952821753,-1.0,-0.051114023591087965,2023-12-14 07:00:00
2023-12-08 07:00:00,22.97,23.45,22.58,23.15,24607100,0.0,0.0,0.0,0.0,0.0,0.0,0.0,0.0,1.0,0.0,23.150000000000055,22.970000000000056,23.450000000000056,22.580000000000055,0.011294646567767663,0.0034888827365315437,0.007805763831236203,0.03780593617077229,0.03077576843548496,-1.0,-0.03585313174946003,2023-12-13 07:00:00
2023-12-11 07:00:00,23.36,23.36,22.5,22.8,12432100,0.0,0.0,0.0,0.0,0.0,0.0,0.0,0.0,1.0,0.0,22.800000000000058,23.360000000000056,23.360000000000056,22.500000000000053,-0.01523424457184786,0.009030377427783171,-0.024264621999631093,0.0375098487496518,0.029947584366063443,-1.0,-0.047368421052631726,2023-12-14 07:00:00
2023-12-12 07:00:00,22.93,23.1,22.76,22.8,11030400,0.0,0.0,0.0,0.0,0.0,0.0,0.0,0.0,1.0,0.0,22.800000000000058,22.930000000000057,23.10000000000006,22.76000000000006,0.0,0.005685560909417838,-0.005685560909417962,0.014828008269617634,0.02850815989907152,-1.0,-0.047368421052631726,2023-12-14 07:00:00
2023-12-13 07:00:00,23.02,23.15,22.32,22.32,18992300,0.0,0.0,0.0,0.0,0.0,0.0,0.0,0.0,1.0,0.0,22.320000000000054,23.020000000000056,23.150000000000055,22.320000000000054,-0.021277398447285076,0.009602867333341418,-0.030880265780626436,0.03651164301913289,0.028115813761683123,0.0,0.0,2023-12-20 07:00:00
2023-12-14 07:00:00,22.71,22.71,21.72,21.72,16642400,0.0,0.0,0.0,0.0,0.0,0.0,0.0,0.0,1.0,0.0,21.720000000000052,22.710000000000058,22.710000000000058,21.720000000000052,-0.027249642447375474,0.017322218604357006,-0.0445718610517325,0.044571861051732595,0.028067793909087306,1.0,0.02992633517495391,2023-12-19 07:00:00
2023-12-15 07:00:00,21.67,22.37,21.46,21.8,18783500,0.0,0.0,0.0,0.0,0.0,0.0,0.0,0.0,1.0,0.0,21.800000000000054,21.670000000000055,22.370000000000054,21.460000000000054,0.0036764747293086273,-0.002304679517466917,0.00598115424677559,0.04153003829948578,0.026746032169436093,1.0,0.03807339449541258,2023-12-21 07:00:00
2023-12-18 07:00:00,22.06,22.41,21.89,22.02,9676600,0.0,0.0,0.0,0.0,0.0,0.0,0.0,0.0,1.0,0.0,22.020000000000053,22.060000000000052,22.410000000000053,21.890000000000054,0.010041161499490497,0.01185604403031295,-0.0018148825308225006,0.023477376278063924,0.02566272037006962,1.0,0.027702089009990827,2023-12-21 07:00:00
2023-12-19 07:00:00,22.02,22.37,21.72,22.37,11754900,0.0,0.0,0.0,0.0,0.0,0.0,0.0,0.0,1.0,0.0,22.370000000000054,22.020000000000053,22.370000000000054,21.720000000000052,0.015769644207504402,0.0,0.015769644207504402,0.029487280436303505,0.024872542218320057,1.0,0.02905677246312033,2023-12-25 07:00:00
2023-12-20 07:00:00,22.5,22.58,22.24,22.32,6814300,0.0,0.0,0.0,0.0,0.0,0.0,0.0,0.0,1.0,0.0,22.320000000000054,22.500000000000053,22.580000000000055,22.24000000000005,-0.0022376379889280655,0.005794533708336091,-0.008032171697264267,0.015172089339134347,0.023684253500982834,1.0,0.03136200716845883,2023-12-25 07:00:00
2023-12-21 07:00:00,22.15,22.76,22.02,22.63,13706700,0.0,0.0,0.0,0.0,0.0,0.0,0.0,0.0,1.0,0.0,22.630000000000052,22.150000000000052,22.76000000000006,22.020000000000053,0.01379332213233577,-0.007645641021965575,0.021438963154301306,0.03305347796359642,0.022851321472901937,1.0,0.02297834732655768,2023-12-26 07:00:00
2023-12-22 07:00:00,22.67,22.89,22.32,22.32,9669100,0.0,0.0,0.0,0.0,0.0,0.0,0.0,0.0,1.0,0.0,22.320000000000054,22.67000000000006,22.890000000000057,22.320000000000054,-0.01379332213233576,0.0017660048739917907,-0.015559327006327563,0.025216996451365225,0.02226911676402297,1.0,0.03136200716845883,2023-12-25 07:00:00
2023-12-25 07:00:00,22.41,23.1,22.32,23.02,16740400,0.0,0.0,0.0,0.0,0.0,0.0,0.0,0.0,1.0,0.0,23.020000000000056,22.410000000000053,23.10000000000006,22.320000000000054,0.030880265780626442,0.004024150299725327,0.026856115480900927,0.034349480014637855,0.023043042271852637,0.0,-0.022589052997393444,2024-01-02 07:00:00
2023-12-26 07:00:00,23.19,23.32,22.89,23.15,16842400,0.0,0.0,0.0,0.0,0.0,0.0,0.0,0.0,1.0,0.0,23.150000000000055,23.190000000000058,23.320000000000057,22.890000000000057,0.005631377238506381,0.00735774797370372,-0.0017263707351973016,0.018611227517816274,0.021926616309525197,-1.0,-0.028077753779697456,2024-01-02 07:00:00
2023-12-27 07:00:00,23.28,23.45,22.97,22.97,12903200,0.0,0.0,0.0,0.0,0.0,0.0,0.0,0.0,1.0,0.0,22.97000000000006,23.28000000000006,23.450000000000063,22.97000000000006,-0.00780576383123602,0.0055998423309941365,-0.013405606162230256,0.02068147819128165,0.02114812262807235,0.0,-0.0017414018284720445,2024-01-04 07:00:00
2023-12-28 07:00:00,23.02,23.54,22.97,23.1,18519400,0.0,0.0,0.0,0.0,0.0,0.0,0.0,0.0,1.0,0.0,23.10000000000006,23.020000000000056,23.540000000000056,22.970000000000056,0.005643600826740879,0.002174386592729581,0.00346921423401132,0.024512085131123722,0.020135258452868295,-1.0,-0.025974025974025983,2024-01-02 07:00:00
2023-12-29 07:00:00,23.32,23.36,23.06,23.15,10736200,0.0,0.0,0.0,0.0,0.0,0.0,0.0,0.0,1.0,0.0,23.150000000000055,23.320000000000057,23.360000000000056,23.060000000000056,0.0021621630044950956,0.009478743954543739,-0.007316580950048592,0.012925643119113449,0.019154074509699935,-1.0,-0.028077753779697456,2024-01-02 07:00:00
2024-01-02 07:00:00,23.36,23.36,22.45,22.5,20527800,0.0,0.0,0.0,0.0,0.0,0.0,0.0,0.0,1.0,0.0,22.500000000000057,23.360000000000056,23.360000000000056,22.450000000000053,-0.02847947132186846,0.009030377427783171,-0.03750984874965169,0.039734543771763,0.02052595503784913,1.0,0.04399999999999982,2024-01-05 07:00:00
2024-01-03 07:00:00,22.37,22.84,22.37,22.76,11793500,0.0,0.0,0.0,0.0,0.0,0.0,0.0,0.0,1.0,0.0,22.760000000000055,22.370000000000054,22.840000000000057,22.370000000000054,0.01148930004775571,-0.0057945337083363125,0.01728383375609202,0.020792609285771296,0.019832459613659044,1.0,0.032073813708260124,2024-01-05 07:00:00
2024-01-04 07:00:00,22.76,23.49,22.63,22.93,25582200,0.0,0.0,0.0,0.0,0.0,0.0,0.0,0.0,1.0,0.0,22.930000000000057,22.76000000000006,23.490000000000055,22.630000000000056,0.007441487611682875,2.2204460492503128e-16,0.007441487611682875,0.03729833902537523,0.018963201536907785,1.0,0.024422154382904404,2024-01-05 07:00:00
2024-01-05 07:00:00,23.02,23.58,23.02,23.49,27632300,0.0,0.0,0.0,0.0,0.0,0.0,0.0,0.0,1.0,0.0,23.490000000000055,23.020000000000056,23.580000000000055,23.020000000000056,0.024128701801008266,0.0039173064239235895,0.020211395377084766,0.024035491815488183,0.01926782832342321,1.0,0.022137079608344212,2024-01-08 07:00:00
2024-01-08 07:00:00,23.79,24.4,23.75,24.01,31694300,0.0,0.0,0.0,0.0,0.0,0.0,0.0,0.0,1.0,0.0,24.010000000000062,23.790000000000056,24.40000000000006,23.750000000000057,0.02189561156234066,0.012690525644044917,0.009205085918295875,0.027000601818506095,0.019122465246615487,-1.0,-0.03415243648479804,2024-01-10 07:00:00
2024-01-09 07:00:00,24.1,24.23,23.62,23.71,27019100,0.0,0.0,0.0,0.0,0.0,0.0,0.0,0.0,1.0,0.0,23.710000000000058,24.100000000000062,24.23000000000006,23.620000000000058,-0.012573510155847942,0.0037414302634473638,-0.016314940419295366,0.02549772405921818,0.01898630166949755,-1.0,-0.02193167439898769,2024-01-10 07:00:00
2024-01-10 07:00:00,23.71,23.79,23.06,23.19,23271800,0.0,0.0,0.0,0.0,0.0,0.0,0.0,0.0,1.0,0.0,23.190000000000058,23.710000000000058,23.790000000000056,23.060000000000056,-0.022175748809873743,0.0,-0.022175748809873743,0.03116580947395318,0.01967891301875429,-1.0,-0.02069857697283306,2024-01-15 07:00:00
2024-01-11 07:00:00,23.32,23.49,23.02,23.41,13921500,0.0,0.0,0.0,0.0,0.0,0.0,0.0,0.0,1.0,0.0,23.410000000000057,23.320000000000057,23.490000000000055,23.020000000000056,0.009442130235379091,0.005590210214851271,0.0038519200205277527,0.020211395377084766,0.018877967494999343,-1.0,-0.02605724049551461,2024-01-12 07:00:00
2024-01-12 07:00:00,23.1,23.19,22.58,22.8,30897600,0.0,0.0,0.0,0.0,0.0,0.0,0.0,0.0,1.0,0.0,22.800000000000058,23.10000000000006,23.190000000000058,22.580000000000055,-0.02640274554242418,-0.013330663975071455,-0.013072081567352775,0.026656592545924458,0.01990073864866516,1.0,0.024561403508772228,2024-01-18 07:00:00
2024-01-15 07:00:00,22.93,23.28,22.71,22.71,10934000,0.0,0.0,0.0,0.0,0.0,0.0,0.0,0.0,1.0,0.0,22.710000000000058,22.930000000000057,23.280000000000058,22.710000000000058,-0.003955179842927943,0.005685560909417838,-0.009640740752345915,0.024789266745769856,0.018955858552102134,1.0,0.021136063408190298,2024-01-16 07:00:00
2024-01-16 07:00:00,22.58,23.19,22.54,23.19,10004600,0.0,0.0,0.0,0.0,0.0,0.0,0.0,0.0,1.0,0.0,23.19000000000006,22.58000000000006,23.19000000000006,22.54000000000006,0.020915795149973257,-0.005740797395951044,0.026656592545924458,0.02842964265581009,0.019195164737007546,0.0,0.0017248814144028568,2024-01-23 07:00:00
2024-01-17 07:00:00,23.23,23.62,23.1,23.23,16298300,0.0,0.0,0.0,0.0,0.0,0.0,0.0,0.0,1.0,0.0,23.23000000000006,23.23000000000006,23.620000000000065,23.100000000000062,0.0017233955148773638,0.0017233955148773638,0.0,0.02226119324146847,0.018259100883864246,0.0,2.220446049250313e-16,2024-01-24 07:00:00
2024-01-18 07:00:00,23.49,23.71,23.28,23.36,17339200,0.0,0.0,0.0,0.0,0.0,0.0,0.0,0.0,1.0,0.0,23.360000000000063,23.490000000000062,23.710000000000065,23.28000000000006,0.005580611177708712,0.011130251888503785,-0.005549640710795064,0.018302277214077192,0.01741809206019229,0.0,-0.005565068493150638,2024-01-25 07:00:00
2024-01-19 07:00:00,23.58,23.66,23.02,23.02,14230500,0.0,0.0,0.0,0.0,0.0,0.0,0.0,0.0,1.0,0.0,23.020000000000064,23.580000000000066,23.660000000000068,23.020000000000067,-0.01466175466628964,0.009373737149198735,-0.024035491815488273,0.02742245525650408,0.017277458337967948,1.0,0.020417028670721038,2024-01-22 07:00:00
2024-01-22 07:00:00,23.1,23.54,22.84,23.49,18383700,0.0,0.0,0.0,0.0,0.0,0.0,0.0,0.0,1.0,0.0,23.490000000000062,23.100000000000062,23.540000000000063,22.84000000000006,0.020211395377084766,0.0034692142340110987,0.016742181143073628,0.030187717044321216,0.01751893155779899,0.0,-0.016602809706257937,2024-01-29 07:00:00
2024-01-23 07:00:00,23.66,23.66,23.23,23.23,8125600,0.0,0.0,0.0,0.0,0.0,0.0,0.0,0.0,1.0,0.0,23.230000000000064,23.660000000000064,23.660000000000064,23.23000000000006,-0.011130251888503546,0.007211059879419379,-0.018341311767922863,0.018341311767923058,0.017125169936313012,0.0,0.0038743004735255493,2024-01-30 07:00:00
2024-01-24 07:00:00,23.23,23.49,23.15,23.23,10296100,0.0,0.0,0.0,0.0,0.0,0.0,0.0,0.0,1.0,0.0,23.230000000000064,23.23000000000006,23.490000000000062,23.15000000000006,0.0,-1.1102230246251565e-16,2.2204460492503128e-16,0.014580018138578428,0.016290772594128894,0.0,0.009470512268617837,2024-01-31 07:00:00
2024-01-25 07:00:00,23.28,23.49,23.15,23.23,9445100,0.0,0.0,0.0,0.0,0.0,0.0,0.0,0.0,1.0,0.0,23.230000000000064,23.28000000000006,23.490000000000062,23.15000000000006,0.0,0.0021500760809192152,-0.002150076080919181,0.014580018138578428,0.015496895038949039,1.0,0.0206629358588033,2024-02-01 07:00:00
2024-01-26 07:00:00,23.32,23.75,23.28,23.32,12540400,0.0,0.0,0.0,0.0,0.0,0.0,0.0,0.0,1.0,0.0,23.320000000000064,23.32000000000006,23.750000000000064,23.28000000000006,0.0038668146999737913,0.0038668146999737913,2.2204460492503128e-16,0.01998790761741329,0.014773321011157688,1.0,0.01672384219554024,2024-02-01 07:00:00
2024-01-29 07:00:00,23.41,23.45,23.1,23.1,9100100,0.0,0.0,0.0,0.0,0.0,0.0,0.0,0.0,1.0,0.0,23.100000000000062,23.410000000000064,23.450000000000063,23.100000000000062,-0.009478743954543883,0.0038519200205277527,-0.013330663975071568,0.015037877364540502,0.014396301426750404,1.0,0.015151515151514916,2024-01-31 07:00:00
2024-01-30 07:00:00,23.19,23.45,23.19,23.32,9309500,0.0,0.0,0.0,0.0,0.0,0.0,0.0,0.0,1.0,0.0,23.320000000000064,23.19000000000006,23.450000000000063,23.19000000000006,0.009478743954543959,0.0038885337396923746,0.005590210214851492,0.01114934362484816,0.013992936993013834,1.0,0.01672384219554024,2024-02-01 07:00:00
2024-01-31 07:00:00,23.54,23.84,23.32,23.45,26054200,0.0,0.0,0.0,0.0,0.0,0.0,0.0,0.0,1.0,0.0,23.45000000000006,23.540000000000063,23.840000000000064,23.32000000000006,0.005559133409996425,0.009389740349838917,-0.0038306069398424247,0.022053480714857437,0.013385909229174176,1.0,0.020042643923241066,2024-02-02 07:00:00
2024-02-01 07:00:00,23.54,23.97,23.49,23.71,16140100,0.0,0.0,0.0,0.0,0.0,0.0,0.0,0.0,1.0,0.0,23.710000000000065,23.540000000000063,23.970000000000063,23.490000000000062,0.011026405185025885,0.003830606939842406,0.0071957982451836,0.020228249775471444,0.013066451637500396,0.0,0.010965837199493844,2024-02-15 07:00:00
2024-02-02 07:00:00,23.92,24.7,23.79,23.92,26331600,0.0,0.0,0.0,0.0,0.0,0.0,0.0,0.0,1.0,0.0,23.920000000000066,23.920000000000066,24.700000000000067,23.790000000000063,0.008818029005116945,0.008818029005116945,0.0,0.03753791931906524,0.012587048860520703,0.0,0.007525083612040184,2024-02-16 07:00:00
2024-02-05 07:00:00,24.05,24.1,23.62,23.84,16056100,0.0,0.0,0.0,0.0,0.0,0.0,0.0,0.0,1.0,0.0,23.840000000000064,24.050000000000065,24.100000000000065,23.620000000000065,-0.0033500868852820854,0.005420067469339113,-0.008770154354621232,0.020118029727393016,0.01211687164254608,0.0,0.001677852348993314,2024-02-19 07:00:00
2024-02-06 07:00:00,23.88,24.1,23.79,23.84,10125400,0.0,0.0,0.0,0.0,0.0,0.0,0.0,0.0,1.0,0.0,23.840000000000064,23.880000000000063,24.100000000000065,23.790000000000063,0.0,0.0016764463272523522,-0.00167644632725226,0.012946516181743,0.01154533021739926,0.0,-0.002097315436241809,2024-02-20 07:00:00
2024-02-07 07:00:00,23.88,23.92,23.58,23.62,18341400,0.0,0.0,0.0,0.0,0.0,0.0,0.0,0.0,1.0,0.0,23.620000000000065,23.880000000000063,23.920000000000066,23.580000000000062,-0.009271031427932681,0.0016764463272523522,-0.010947477755184933,0.0143160339732063,0.011497557871952214,1.0,0.014817950889076892,2024-02-15 07:00:00
2024-02-15 07:00:00,23.79,23.97,23.58,23.97,16420600,0.0,0.0,0.0,0.0,0.0,0.0,0.0,0.0,1.0,0.0,23.970000000000063,23.790000000000063,23.970000000000063,23.580000000000062,0.014709237677076584,0.007171513545650003,0.007537724131426673,0.01640415333706813,0.011694242883347791,-1.0,-0.017939090529829005,2024-02-21 07:00:00
2024-02-16 07:00:00,24.23,24.57,24.05,24.1,25679100,0.0,0.0,0.0,0.0,0.0,0.0,0.0,0.0,1.0,0.0,24.10000000000007,24.23000000000007,24.57000000000007,24.05000000000007,0.005408792050316452,0.010788486382141634,-0.005379694331825167,0.02139118998131756,0.011163597107314838,-1.0,-0.012863070539419486,2024-02-20 07:00:00
2024-02-19 07:00:00,24.14,24.14,23.71,23.88,19153300,0.0,0.0,0.0,0.0,0.0,0.0,0.0,0.0,1.0,0.0,23.880000000000063,24.140000000000065,24.140000000000065,23.710000000000065,-0.009170551972208165,0.001658375172775904,-0.010828927144984117,0.017973315592071316,0.011191633758672246,-1.0,-0.014237855946398814,2024-02-21 07:00:00
2024-02-20 07:00:00,23.97,24.18,23.71,23.79,15936300,0.0,0.0,0.0,0.0,0.0,0.0,0.0,0.0,1.0,0.0,23.79000000000006,23.970000000000056,24.18000000000006,23.710000000000058,-0.003775964209535185,0.003761759921891365,-0.007537724131426522,0.01962894510933253,0.010761044611206704,-1.0,-0.018074821353509685,2024-02-22 07:00:00
2024-02-21 07:00:00,23.79,23.92,23.41,23.54,20435400,0.0,0.0,0.0,0.0,0.0,0.0,0.0,0.0,1.0,0.0,23.54000000000006,23.790000000000063,23.920000000000066,23.410000000000064,-0.010564222482735575,2.2204460492503128e-16,-0.010564222482735799,0.02155164757961166,0.010807386425050533,-1.0,-0.038657604078164765,2024-02-23 07:00:00
2024-02-22 07:00:00,23.54,23.62,23.36,23.36,12816100,0.0,0.0,0.0,0.0,0.0,0.0,0.0,0.0,1.0,0.0,23.360000000000063,23.540000000000063,23.620000000000065,23.360000000000063,-0.007675943872104179,2.2204460492503128e-16,-0.007675943872104291,0.011068652809190064,0.010527090065426669,-1.0,-0.03125000000000011,2024-02-23 07:00:00
2024-02-23 07:00:00,23.45,23.45,22.5,22.63,27786500,0.0,0.0,0.0,0.0,0.0,0.0,0.0,0.0,1.0,0.0,22.63000000000006,23.450000000000063,23.450000000000063,22.50000000000006,-0.031748698314580416,0.0038453369322619542,-0.035594035246842425,0.04135518568191386,0.013667187029461333,1.0,0.04551480335837388,2024-02-27 07:00:00
2024-02-26 07:00:00,22.67,22.97,22.5,22.89,13352200,0.0,0.0,0.0,0.0,0.0,0.0,0.0,0.0,1.0,0.0,22.89000000000006,22.670000000000062,22.97000000000006,22.50000000000006,0.011423674319029438,0.0017660048739917907,0.009657669445037566,0.020673707490632284,0.013785312473780505,1.0,0.03363914373088672,2024-02-27 07:00:00
2024-02-27 07:00:00,23.02,23.66,22.89,23.66,18912300,0.0,0.0,0.0,0.0,0.0,0.0,0.0,0.0,1.0,0.0,23.66000000000006,23.020000000000056,23.660000000000057,22.890000000000057,0.03308572458576527,0.005663269329260991,0.0274224552565043,0.03308572458576527,0.016907263166817493,1.0,0.027472527472527597,2024-03-04 07:00:00
2024-02-28 07:00:00,23.79,23.79,23.23,23.36,13613400,0.0,0.0,0.0,0.0,0.0,0.0,0.0,0.0,1.0,0.0,23.360000000000056,23.790000000000056,23.790000000000056,23.230000000000057,-0.012760700590214573,0.005479465764625349,-0.018240166354839916,0.023820777532548385,0.016609030120643367,1.0,0.020547945205479534,2024-03-01 07:00:00
2024-02-29 07:00:00,23.45,24.05,23.36,23.62,28065800,0.0,0.0,0.0,0.0,0.0,0.0,0.0,0.0,1.0,0.0,23.62000000000006,23.450000000000063,24.050000000000065,23.360000000000063,0.011068652809190064,0.0038453369322623966,0.007223315876927682,0.029109838591743927,0.016164540251127565,1.0,0.029212531752751847,2024-03-04 07:00:00
2024-03-01 07:00:00,23.79,23.97,23.62,23.84,13412300,0.0,0.0,0.0,0.0,0.0,0.0,0.0,0.0,1.0,0.0,23.84000000000006,23.790000000000056,23.970000000000056,23.620000000000058,0.009271031427932714,0.007171513545649782,0.0020995178822829095,0.014709237677076584,0.015586223609386472,1.0,0.019714765100671272,2024-03-04 07:00:00
2024-03-04 07:00:00,24.18,24.92,24.18,24.31,49273800,0.0,0.0,0.0,0.0,0.0,0.0,0.0,0.0,1.0,0.0,24.310000000000063,24.180000000000064,24.92000000000007,24.180000000000064,0.01952294613088311,0.014161002989497707,0.005361943141385373,0.030144848732605953,0.01577771170293587,-1.0,-0.03373097490744559,2024-03-06 07:00:00
2024-03-05 07:00:00,24.36,24.49,23.97,24.1,19130700,0.0,0.0,0.0,0.0,0.0,0.0,0.0,0.0,1.0,0.0,24.100000000000062,24.36000000000006,24.49000000000006,23.970000000000056,-0.008675947831422741,0.002054654513664154,-0.010730602345086894,0.021461822517783464,0.01543530869191831,-1.0,-0.025311203319502096,2024-03-06 07:00:00
2024-03-06 07:00:00,24.1,24.18,23.45,23.49,23821600,0.0,0.0,0.0,0.0,0.0,0.0,0.0,0.0,1.0,0.0,23.49000000000006,24.100000000000065,24.180000000000064,23.450000000000063,-0.02563704182578791,2.2204460492503128e-16,-0.025637041825788135,0.030655350294358077,0.016901608986307548,-1.0,-0.02213707960834388,2024-03-08 07:00:00
2024-03-07 07:00:00,23.45,23.79,23.1,23.66,28910200,0.0,0.0,0.0,0.0,0.0,0.0,0.0,0.0,1.0,0.0,23.660000000000064,23.450000000000063,23.790000000000063,23.100000000000062,0.007211059879419599,-0.0017043037785328577,0.008915363657952329,0.029432706787118408,0.01624279140025484,-1.0,-0.029163144547760034,2024-03-08 07:00:00
2024-03-08 07:00:00,23.79,23.84,22.97,22.97,32128300,0.0,0.0,0.0,0.0,0.0,0.0,0.0,0.0,1.0,0.0,22.97000000000006,23.790000000000063,23.840000000000064,22.97000000000006,-0.02959684184923394,0.0054794657646255705,-0.03507630761385947,0.03717582549614223,0.017874560221616723,1.0,0.03569873748367414,2024-03-14 07:00:00
2024-03-11 07:00:00,22.97,23.19,22.54,22.67,18539000,0.0,0.0,0.0,0.0,0.0,0.0,0.0,0.0,1.0,0.0,22.670000000000062,22.97000000000006,23.19000000000006,22.54000000000006,-0.013146552181569078,0.0,-0.013146552181569078,0.02842964265581009,0.017296631227901354,1.0,0.0304367004852224,2024-03-13 07:00:00
2024-03-12 07:00:00,22.71,23.06,22.58,22.8,13972900,0.0,0.0,0.0,0.0,0.0,0.0,0.0,0.0,1.0,0.0,22.800000000000058,22.710000000000058,23.060000000000056,22.580000000000055,0.005718071440957168,0.001762891598029247,0.003955179842928014,0.021034956119396948,0.016689909199316986,1.0,0.024561403508771784,2024-03-13 07:00:00
2024-03-13 07:00:00,22.97,23.36,22.8,23.36,14820100,0.0,0.0,0.0,0.0,0.0,0.0,0.0,0.0,1.0,0.0,23.360000000000056,22.970000000000056,23.360000000000056,22.800000000000058,0.02426462199963108,0.007428480740611654,0.016836141259019364,0.02426462199963108,0.01783330793547307,1.0,0.018407534246575263,2024-03-14 07:00:00
2024-03-14 07:00:00,23.62,24.05,23.36,23.79,35281500,0.0,0.0,0.0,0.0,0.0,0.0,0.0,0.0,1.0,0.0,23.790000000000056,23.620000000000058,24.05000000000006,23.360000000000056,0.018240166354839923,0.011068652809190064,0.007171513545650003,0.029109838591743927,0.017843398417589328,1.0,0.036569987389659886,2024-03-15 07:00:00
2024-03-15 07:00:00,23.92,25.09,23.84,24.66,69887600,0.0,0.0,0.0,0.0,0.0,0.0,0.0,0.0,1.0,0.0,24.660000000000064,23.920000000000066,25.090000000000067,23.840000000000064,0.035917173421332285,0.005449604767565126,0.030467568653767072,0.051104518181181974,0.019870259305910295,1.0,0.06853203568532051,2024-03-18 07:00:00
2024-03-18 07:00:00,25.01,26.35,24.92,26.35,78932200,0.0,0.0,0.0,0.0,0.0,0.0,0.0,0.0,1.0,0.0,26.350000000000072,25.01000000000007,26.350000000000072,24.92000000000007,0.06628577725117324,0.014093247153329628,0.05219253009784361,0.05579758106811882,0.026443837576650024,1.0,0.04098671726755221,2024-03-21 07:00:00
2024-03-19 07:00:00,26.78,26.78,25.87,25.87,28335800,0.0,0.0,0.0,0.0,0.0,0.0,0.0,0.0,1.0,0.0,25.870000000000072,26.780000000000072,26.780000000000072,25.87000000000007,-0.018384278789433543,0.01618706527565515,-0.034571344065088556,0.03457134406508872,0.026637098999291106,1.0,0.06030150753768826,2024-03-21 07:00:00
2024-03-20 07:00:00,25.83,26.65,25.57,26.3,29500600,0.0,0.0,0.0,0.0,0.0,0.0,0.0,0.0,1.0,0.0,26.30000000000007,25.830000000000066,26.65000000000007,25.570000000000068,0.016484942985781015,-0.0015473890901889287,0.018032332075969888,0.041369361308758255,0.025466912480604998,1.0,0.04296577946768054,2024-03-21 07:00:00
2024-03-21 07:00:00,26.74,27.77,25.87,27.43,44811900,0.0,0.0,0.0,0.0,0.0,0.0,0.0,0.0,1.0,0.0,27.430000000000074,26.74000000000007,27.770000000000074,25.87000000000007,0.04206836576579293,0.016591632490078043,0.02547673327571489,0.0708723051207704,0.02621821335693314,1.0,0.033175355450236754,2024-03-27 07:00:00
2024-03-22 07:00:00,27.69,27.95,26.87,27.65,24601900,0.0,0.0,0.0,0.0,0.0,0.0,0.0,0.0,1.0,0.0,27.65000000000007,27.690000000000076,27.950000000000074,26.870000000000072,0.007988423018831821,0.009434032233358714,-0.0014456092145269438,0.03940677697370836,0.0249668307266275,0.0,0.007594936708860578,2024-03-29 07:00:00
2024-03-25 07:00:00,27.56,28.55,27.43,27.69,25546500,0.0,0.0,0.0,0.0,0.0,0.0,0.0,0.0,1.0,0.0,27.690000000000072,27.560000000000073,28.550000000000075,27.430000000000074,0.001445609214526841,-0.003260281822885859,0.004705891037412714,0.040019631152507305,0.023942790160896614,1.0,0.046948356807511527,2024-04-01 07:00:00
2024-03-26 07:00:00,27.52,28.25,27.17,27.65,17271700,0.0,0.0,0.0,0.0,0.0,0.0,0.0,0.0,1.0,0.0,27.65000000000007,27.520000000000074,28.250000000000075,27.170000000000073,-0.0014456092145267215,-0.00615832411772746,0.0047127149032007085,0.03898003415419353,0.023061146419080535,1.0,0.024954792043399676,2024-03-27 07:00:00
2024-03-27 07:00:00,27.73,28.99,27.47,28.34,22462300,0.0,0.0,0.0,0.0,0.0,0.0,0.0,0.0,1.0,0.0,28.34000000000007,27.730000000000068,28.99000000000007,27.470000000000066,0.02464850629419061,0.0028891316593427523,0.021759374634847662,0.05385644282638158,0.02240798384483908,1.0,0.022935779816513735,2024-04-01 07:00:00
2024-03-28 07:00:00,28.55,28.64,28.25,28.29,12618800,0.0,0.0,0.0,0.0,0.0,0.0,0.0,0.0,1.0,0.0,28.29000000000007,28.55000000000007,28.64000000000007,28.250000000000068,-0.001765848949058532,0.007382701839484929,-0.009148550788543408,0.013710884499995078,0.021652787216323775,1.0,0.02474372569812644,2024-04-01 07:00:00
2024-03-29 07:00:00,28.29,28.38,27.73,27.86,16886600,0.0,0.0,0.0,0.0,0.0,0.0,0.0,0.0,1.0,0.0,27.860000000000067,28.290000000000067,28.38000000000007,27.730000000000068,-0.015316416961816206,-1.1102230246251565e-16,-0.015316416961816093,0.023169812104209944,0.021929851876334693,1.0,0.040559942569992735,2024-04-01 07:00:00
2024-04-01 07:00:00,27.86,29.33,27.82,28.99,26743300,0.0,0.0,0.0,0.0,0.0,0.0,0.0,0.0,1.0,0.0,28.99000000000007,27.860000000000067,29.33000000000007,27.820000000000068,0.0397589745819044,0.0,0.0397589745819044,0.05285569649406283,0.023035196484709787,-1.0,-0.05070714039323898,2024-04-03 07:00:00
2024-04-02 07:00:00,28.68,29.25,28.29,29.07,18671400,0.0,0.0,0.0,0.0,0.0,0.0,0.0,0.0,1.0,0.0,29.07000000000007,28.68000000000007,29.25000000000007,28.290000000000067,0.0027557716372204532,-0.01075092720214442,0.013506698839365021,0.033371188364389785,0.022031474257221656,-1.0,-0.05331957344341243,2024-04-03 07:00:00
2024-04-03 07:00:00,28.99,28.99,27.52,27.52,27588400,0.0,0.0,0.0,0.0,0.0,0.0,0.0,0.0,1.0,0.0,27.520000000000067,28.99000000000007,28.99000000000007,27.520000000000067,-0.05479370150564162,-0.002755771637220448,-0.052037929868421144,0.052037929868421276,0.028567627890496328,1.0,0.03597383720930236,2024-04-09 07:00:00
2024-04-04 07:00:00,27.86,28.9,27.43,27.86,31924800,0.0,0.0,0.0,0.0,0.0,0.0,0.0,0.0,1.0,0.0,27.86000000000007,27.860000000000067,28.90000000000007,27.430000000000067,0.012278955286516806,0.012278955286516588,2.2204460492503128e-16,0.052204290168874595,0.027300604591843435,0.0,0.02476669059583636,2024-04-11 07:00:00
2024-04-05 07:00:00,27.47,28.51,27.34,27.69,24872100,0.0,0.0,0.0,0.0,0.0,0.0,0.0,0.0,1.0,0.0,27.690000000000072,27.470000000000073,28.510000000000076,27.340000000000074,-0.006120631168789068,-0.014097468244476991,0.007976837075687814,0.041904071628777136,0.026159395434984974,1.0,0.029613578909353455,2024-04-09 07:00:00
2024-04-08 07:00:00,27.69,28.25,27.52,27.77,17973700,0.0,0.0,0.0,0.0,0.0,0.0,0.0,0.0,1.0,0.0,27.770000000000067,27.69000000000007,28.250000000000068,27.520000000000067,0.0028849641358375706,-1.1102230246251565e-16,0.0028849641358375706,0.026180444527307004,0.02488297191515517,1.0,0.026647461289160956,2024-04-09 07:00:00
2024-04-09 07:00:00,27.82,28.51,27.52,28.51,17300600,0.0,0.0,0.0,0.0,0.0,0.0,0.0,0.0,1.0,0.0,28.51000000000007,27.820000000000068,28.510000000000073,27.520000000000067,0.026298601605872437,0.001798885176588655,0.024499716429283863,0.035341889859437745,0.024659324774199836,-1.0,-0.0515608558400561,2024-04-15 07:00:00
2024-04-10 07:00:00,28.51,28.64,27.95,27.95,16980300,0.0,0.0,0.0,0.0,0.0,0.0,0.0,0.0,1.0,0.0,27.950000000000067,28.510000000000073,28.64000000000007,27.950000000000067,-0.01983770332347246,2.2204460492503128e-16,-0.019837703323472573,0.024387142491336836,0.02466666733450762,1.0,0.0400715563506262,2024-04-12 07:00:00
2024-04-11 07:00:00,27.56,28.81,27.56,28.55,22049900,0.0,0.0,0.0,0.0,0.0,0.0,0.0,0.0,1.0,0.0,28.55000000000007,27.560000000000066,28.81000000000007,27.560000000000066,0.021239736500911197,-0.014051753455650302,0.03529148995656149,0.04435710295097927,0.02409062352030641,-1.0,-0.052889667250437866,2024-04-15 07:00:00
2024-04-12 07:00:00,28.73,29.38,28.64,29.07,23388900,0.0,0.0,0.0,0.0,0.0,0.0,0.0,0.0,1.0,0.0,29.070000000000075,28.73000000000008,29.380000000000077,28.640000000000075,0.018049778468765338,0.006284936889179108,0.01176484157958621,0.02550982865328639,0.023258397295524993,-1.0,-0.0698314413484693,2024-04-15 07:00:00
2024-04-15 07:00:00,28.86,29.12,27.04,27.04,35671500,0.0,0.0,0.0,0.0,0.0,0.0,0.0,0.0,1.0,0.0,27.040000000000067,28.86000000000007,29.120000000000072,27.040000000000067,-0.07238946339602131,-0.007250161225059863,-0.06513930217096149,0.07410797215372183,0.03237248454748639,-1.0,-0.03698224852071019,2024-04-16 07:00:00
2024-04-16 07:00:00,26.78,26.82,25.31,26.04,45670500,0.0,0.0,0.0,0.0,0.0,0.0,0.0,0.0,1.0,0.0,26.04000000000006,26.78000000000006,26.82000000000006,25.310000000000056,-0.037683433834394986,-0.009661910911737083,-0.028021522922658023,0.05794830329649992,0.03267479956897989,-1.0,-0.043010752688171894,2024-04-17 07:00:00
2024-04-17 07:00:00,26.22,26.35,24.92,24.92,26638200,0.0,0.0,0.0,0.0,0.0,0.0,0.0,0.0,1.0,0.0,24.920000000000062,26.220000000000063,26.350000000000065,24.920000000000062,-0.04396312342111594,0.006888660995185316,-0.05085178441630134,0.05579758106811882,0.0332377012930134,-1.0,-0.04855537720706271,2024-04-19 07:00:00
2024-04-19 07:00:00,24.23,25.09,23.41,23.71,38934500,0.0,0.0,0.0,0.0,0.0,0.0,0.0,0.0,1.0,0.0,23.710000000000058,24.23000000000006,25.09000000000006,23.410000000000057,-0.0497737938419384,-0.02807915909081796,-0.02169463475112038,0.06930607887551155,0.03396329126012693,1.0,0.04555040067482086,2024-04-24 07:00:00
2024-04-22 07:00:00,24.4,24.62,23.79,24.31,18528700,0.0,0.0,0.0,0.0,0.0,0.0,0.0,0.0,1.0,0.0,24.310000000000063,24.400000000000063,24.620000000000065,23.790000000000063,0.024990888250718105,0.028686232221842235,-0.0036953439711241453,0.03429379644144116,0.03422149800136299,-1.0,-0.046071575483340066,2024-04-23 07:00:00
2024-04-23 07:00:00,24.31,24.4,23.02,23.19,22766300,0.0,0.0,0.0,0.0,0.0,0.0,0.0,0.0,1.0,0.0,23.19000000000006,24.310000000000063,24.400000000000063,23.02000000000006,-0.04716663706059158,0.0,-0.04716663706059158,0.05821972900541961,0.03452847341744403,1.0,0.06899525657611028,2024-04-24 07:00:00
2024-04-24 07:00:00,23.66,24.79,23.62,24.79,25333700,0.0,0.0,0.0,0.0,0.0,0.0,0.0,0.0,1.0,0.0,24.790000000000063,23.660000000000064,24.790000000000067,23.620000000000065,0.06671919477965874,0.02006470728280041,0.04665448749685827,0.04834653527788279,0.04060629759600677,-1.0,-0.06292860024203306,2024-05-02 07:00:00
2024-04-25 07:00:00,24.7,24.75,24.18,24.49,15069200,0.0,0.0,0.0,0.0,0.0,0.0,0.0,0.0,1.0,0.0,24.490000000000062,24.700000000000067,24.750000000000068,24.180000000000064,-0.012175475083022778,-0.0036371024131674388,-0.008538372669855321,0.023299643828052857,0.03868441822199229,-1.0,-0.05144957125357286,2024-05-02 07:00:00
2024-04-26 07:00:00,24.14,24.66,23.97,24.05,21396900,0.0,0.0,0.0,0.0,0.0,0.0,0.0,0.0,1.0,0.0,24.050000000000065,24.140000000000065,24.660000000000064,23.970000000000063,-0.01812987441230602,-0.014394655294690839,-0.003735219117615277,0.028379449289905233,0.03698619765127212,0.0,0.029106029106028775,2024-05-08 07:00:00
2024-05-02 07:00:00,23.62,23.75,22.67,23.23,34452500,0.0,0.0,0.0,0.0,0.0,0.0,0.0,0.0,1.0,0.0,23.23000000000006,23.620000000000065,23.750000000000064,22.670000000000062,-0.03469044976945253,-0.018041185782553884,-0.016649263986898588,0.04654006596121247,0.03616398621154137,1.0,0.04649160568230726,2024-05-06 07:00:00
2024-05-03 07:00:00,23.58,23.71,23.19,23.23,12391000,0.0,0.0,0.0,0.0,0.0,0.0,0.0,0.0,1.0,0.0,23.23000000000006,23.580000000000062,23.710000000000065,23.19000000000006,0.0,0.014954348326907166,-0.01495434832690709,0.022175748809873976,0.03451836590357626,1.0,0.04649160568230726,2024-05-06 07:00:00
2024-05-06 07:00:00,23.58,24.4,23.28,24.31,21566000,0.0,0.0,0.0,0.0,0.0,0.0,0.0,0.0,1.0,0.0,24.310000000000063,23.580000000000062,24.400000000000063,23.28000000000006,0.04544324154571412,0.014954348326907166,0.030488893218807097,0.046988509435918945,0.03664943119795416,0.0,0.014397367338543798,2024-05-13 07:00:00
2024-05-07 07:00:00,24.36,24.4,23.92,24.1,13921600,0.0,0.0,0.0,0.0,0.0,0.0,0.0,0.0,1.0,0.0,24.100000000000062,24.36000000000006,24.40000000000006,23.92000000000006,-0.008675947831422741,0.002054654513664154,-0.010730602345086894,0.019868203216725184,0.034895748360556665,0.0,0.01784232365145222,2024-05-14 07:00:00
2024-05-08 07:00:00,23.71,25.09,23.28,24.75,28545700,0.0,0.0,0.0,0.0,0.0,0.0,0.0,0.0,1.0,0.0,24.75000000000006,23.710000000000058,25.09000000000006,23.280000000000058,0.026613648518089904,-0.016314940419295366,0.042928588937385256,0.0748747375150938,0.03444673172011782,0.0,-0.003636363636363771,2024-05-15 07:00:00
2024-05-09 07:00:00,25.05,25.22,24.23,24.31,15533200,0.0,0.0,0.0,0.0,0.0,0.0,0.0,0.0,1.0,0.0,24.310000000000063,25.050000000000068,25.220000000000066,24.230000000000064,-0.017937700686667207,0.012048338516174794,-0.02998603920284193,0.04004579570833908,0.03315746095235264,0.0,0.021390374331550444,2024-05-16 07:00:00
2024-05-10 07:00:00,24.49,25.01,24.27,24.75,20979000,0.0,0.0,0.0,0.0,0.0,0.0,0.0,0.0,1.0,0.0,24.750000000000068,24.490000000000062,25.01000000000007,24.270000000000064,0.01793770068666747,0.007377082636044274,0.01056061805062314,0.030034725151017815,0.03214357855754722,0.0,0.022626262626262106,2024-05-17 07:00:00
2024-05-13 07:00:00,24.92,24.96,24.01,24.66,13827800,0.0,0.0,0.0,0.0,0.0,0.0,0.0,0.0,1.0,0.0,24.660000000000064,24.92000000000007,24.96000000000007,24.010000000000066,-0.0036429912785012034,0.00684520490455313,-0.010488196183054356,0.03880413326806507,0.03058746573519282,0.0,0.019464720194646956,2024-05-20 07:00:00
2024-05-14 07:00:00,24.7,24.96,24.49,24.53,11075800,0.0,0.0,0.0,0.0,0.0,0.0,0.0,0.0,1.0,0.0,24.53000000000006,24.70000000000006,24.96000000000006,24.49000000000006,-0.005285639465800429,0.0016207458977331227,-0.006906385363533453,0.019009672537150652,0.029123333734319197,1.0,0.03179779861394172,2024-05-17 07:00:00
2024-05-15 07:00:00,24.66,24.92,24.44,24.66,14586500,0.0,0.0,0.0,0.0,0.0,0.0,0.0,0.0,1.0,0.0,24.660000000000057,24.660000000000053,24.92000000000006,24.440000000000055,0.005285639465800019,0.005285639465800019,2.2204460492503128e-16,0.01944955961585788,0.027774726589810624,1.0,0.027980535279805263,2024-05-22 07:00:00
2024-05-16 07:00:00,25.14,25.53,24.83,24.83,17896100,0.0,0.0,0.0,0.0,0.0,0.0,0.0,0.0,1.0,0.0,24.830000000000055,25.140000000000057,25.530000000000058,24.830000000000055,0.0068701017838768644,0.0192777054259031,-0.012407603642026213,0.027801631733317206,0.026518687906385764,0.0,0.017720499395892153,2024-05-23 07:00:00
2024-05-17 07:00:00,24.83,25.35,24.75,25.31,18538300,0.0,0.0,0.0,0.0,0.0,0.0,0.0,0.0,1.0,0.0,25.310000000000056,24.830000000000055,25.35000000000006,24.750000000000053,0.019146975036957496,0.0,0.019146975036957496,0.023953241022493015,0.02587705310541333,-1.0,-0.04978269458711948,2024-05-24 07:00:00
2024-05-20 07:00:00,25.78,25.78,25.14,25.14,14256800,0.0,0.0,0.0,0.0,0.0,0.0,0.0,0.0,1.0,0.0,25.140000000000057,25.780000000000058,25.780000000000058,25.140000000000057,-0.006739371394931191,0.018399422954008773,-0.02513879434893992,0.02513879434893983,0.024747868100512632,-1.0,-0.043357199681781866,2024-05-24 07:00:00
2024-05-21 07:00:00,25.09,25.18,24.66,25.01,16918700,0.0,0.0,0.0,0.0,0.0,0.0,0.0,0.0,1.0,0.0,25.01000000000006,25.090000000000057,25.180000000000057,24.660000000000053,-0.005184458272573619,-0.0019908427837704297,-0.0031936154888032122,0.020867530880002916,0.023613098352018292,-1.0,-0.038384646141543355,2024-05-24 07:00:00
2024-05-22 07:00:00,25.09,25.7,25.01,25.35,24604600,0.0,0.0,0.0,0.0,0.0,0.0,0.0,0.0,1.0,0.0,25.35000000000006,25.090000000000057,25.700000000000056,25.01000000000006,0.013502985147664426,0.003193615488803104,0.010309369658861287,0.027215247011646324,0.022804772971004417,-1.0,-0.05128205128205121,2024-05-24 07:00:00
2024-05-23 07:00:00,25.27,25.31,24.88,25.27,13634800,0.0,0.0,0.0,0.0,0.0,0.0,0.0,0.0,1.0,0.0,25.27000000000006,25.27000000000006,25.31000000000006,24.88000000000006,-0.0031608086370892847,-0.0031608086370892847,0.0,0.01713530668605385,0.021739886363716265,-1.0,-0.04827859121487932,2024-05-24 07:00:00
2024-05-24 07:00:00,25.09,25.48,23.62,24.05,31504200,0.0,0.0,0.0,0.0,0.0,0.0,0.0,0.0,1.0,0.0,24.050000000000058,25.09000000000006,25.480000000000064,23.620000000000058,-0.049482924848332686,-0.007148561021771948,-0.04233436382656077,0.0758000199347464,0.025699861161583338,0.0,-0.0016632016632014412,2024-05-31 07:00:00
2024-05-27 07:00:00,24.05,24.1,23.66,23.66,14699800,0.0,0.0,0.0,0.0,0.0,0.0,0.0,0.0,1.0,0.0,23.660000000000053,24.050000000000054,24.100000000000055,23.660000000000053,-0.01634913800152964,-1.1102230246251565e-16,-0.01634913800152941,0.01842598194636856,0.024743335705618128,1.0,0.04395604395604402,2024-06-03 07:00:00
2024-05-28 07:00:00,23.88,24.49,23.84,24.1,10454600,0.0,0.0,0.0,0.0,0.0,0.0,0.0,0.0,1.0,0.0,24.100000000000055,23.880000000000052,24.49000000000005,23.840000000000053,0.01842598194636856,0.009255429974160604,0.009170551972208105,0.026900028766927275,0.024557336002432793,1.0,0.024896265560165887,2024-06-03 07:00:00
2024-05-29 07:00:00,24.23,24.44,23.88,24.18,13197700,0.0,0.0,0.0,0.0,0.0,0.0,0.0,0.0,1.0,0.0,24.180000000000057,24.23000000000006,24.44000000000006,23.880000000000056,0.0033140046900372914,0.005379694331825255,-0.0020656896417879473,0.02317984577899341,0.023427245054983788,0.0,0.003722084367245637,2024-06-05 07:00:00
2024-05-30 07:00:00,23.88,24.14,23.49,23.88,15645200,0.0,0.0,0.0,0.0,0.0,0.0,0.0,0.0,1.0,0.0,23.880000000000056,23.880000000000056,24.14000000000006,23.490000000000055,-0.012484556662245284,-0.012484556662245284,0.0,0.027295416998564196,0.022503565646242025,1.0,0.03433835845896138,2024-06-03 07:00:00
2024-05-31 07:00:00,24.18,24.36,23.79,24.01,9390500,0.0,0.0,0.0,0.0,0.0,0.0,0.0,0.0,1.0,0.0,24.010000000000062,24.18000000000006,24.36000000000006,23.790000000000056,0.005429121708760713,0.012484556662245495,-0.007055434953484661,0.023677118526829976,0.02155725545977687,1.0,0.028738025822573565,2024-06-03 07:00:00
2024-06-03 07:00:00,24.27,25.05,24.27,24.7,15720100,0.0,0.0,0.0,0.0,0.0,0.0,0.0,0.0,1.0,0.0,24.700000000000056,24.270000000000053,25.050000000000058,24.270000000000053,0.02833283340076931,0.010770609505347863,0.017562223895421666,0.03163280779236392,0.022478731286544713,-1.0,-0.02793522267206472,2024-06-06 07:00:00
2024-06-04 07:00:00,24.79,24.83,24.49,24.49,9241100,0.0,0.0,0.0,0.0,0.0,0.0,0.0,0.0,1.0,0.0,24.490000000000055,24.790000000000052,24.830000000000055,24.49000000000005,-0.00853837266985521,0.003637102413167448,-0.012175475083022665,0.013787728555998984,0.021560348377441658,-1.0,-0.023274806043282803,2024-06-07 07:00:00
2024-06-05 07:00:00,24.66,24.75,24.27,24.27,11003400,0.0,0.0,0.0,0.0,0.0,0.0,0.0,0.0,1.0,0.0,24.270000000000056,24.66000000000006,24.75000000000006,24.27000000000006,-0.009023851225566277,0.006917626772122146,-0.015941477997688375,0.01958446927618918,0.020678910957526272,0.0,-0.010712814173877261,2024-06-12 07:00:00
2024-06-06 07:00:00,24.44,24.44,23.84,24.01,11956400,0.0,0.0,0.0,0.0,0.0,0.0,0.0,0.0,1.0,0.0,24.010000000000055,24.440000000000055,24.440000000000055,23.840000000000053,-0.010770609505348206,0.006980114564884464,-0.017750724070232683,0.0248562921062455,0.01988610955660541,0.0,0.016243231986672102,2024-06-13 07:00:00
2024-06-07 07:00:00,24.23,24.23,23.88,23.92,7612000,0.0,0.0,0.0,0.0,0.0,0.0,0.0,0.0,1.0,0.0,23.92000000000006,24.23000000000006,24.23000000000006,23.880000000000056,-0.003755481150730658,0.009121124595272818,-0.01287660574600347,0.014550246304033135,0.01892303346025337,1.0,0.020066889632106788,2024-06-13 07:00:00
2024-06-10 07:00:00,24.1,24.4,23.79,24.05,10417600,0.0,0.0,0.0,0.0,0.0,0.0,0.0,0.0,1.0,0.0,24.050000000000054,24.100000000000055,24.400000000000052,23.790000000000052,0.005420067469338893,0.007496911414178154,-0.002076843944839117,0.025317807984289786,0.018143119530504234,-1.0,-0.028690228690228525,2024-06-17 07:00:00
2024-06-11 07:00:00,24.05,24.14,23.66,23.79,10426700,0.0,0.0,0.0,0.0,0.0,0.0,0.0,0.0,1.0,0.0,23.790000000000052,24.050000000000054,24.140000000000054,23.660000000000053,-0.010869672236903879,0.0,-0.010869672236903879,0.02008435711914467,0.01749030064535129,1.0,0.025641025641025772,2024-06-13 07:00:00
2024-06-12 07:00:00,23.88,24.05,23.66,24.01,8735500,0.0,0.0,0.0,0.0,0.0,0.0,0.0,0.0,1.0,0.0,24.010000000000055,23.880000000000052,24.050000000000054,23.660000000000053,0.009205085918295657,0.0037759642095349143,0.005429121708760713,0.01634913800152941,0.01699520850359257,-1.0,-0.02707205331112028,2024-06-17 07:00:00
2024-06-13 07:00:00,24.23,24.83,24.18,24.4,19557100,0.0,0.0,0.0,0.0,0.0,0.0,0.0,0.0,1.0,0.0,24.400000000000055,24.230000000000054,24.830000000000055,24.180000000000053,0.016112722065994216,0.009121124595272378,0.006991597470721892,0.026526754333428604,0.016988325987588933,-1.0,-0.028278688524590034,2024-06-14 07:00:00
2024-06-14 07:00:00,24.44,24.49,23.71,23.71,13479800,0.0,0.0,0.0,0.0,0.0,0.0,0.0,0.0,1.0,0.0,23.710000000000058,24.44000000000006,24.49000000000006,23.710000000000058,-0.02868623222184194,0.0016380020042385914,-0.03032423422608058,0.032367970886762146,0.01838414475925792,-1.0,-0.02024462252214232,2024-06-19 07:00:00
2024-06-17 07:00:00,23.71,23.79,23.36,23.36,12611200,0.0,0.0,0.0,0.0,0.0,0.0,0.0,0.0,1.0,0.0,23.360000000000056,23.710000000000058,23.790000000000056,23.360000000000056,-0.01487174211728781,0.0,-0.01487174211728781,0.018240166354839923,0.017888901776300637,-1.0,-0.031249999999999778,2024-06-21 07:00:00
2024-06-18 07:00:00,23.45,23.75,23.36,23.36,7306800,0.0,0.0,0.0,0.0,0.0,0.0,0.0,0.0,1.0,0.0,23.360000000000056,23.450000000000056,23.750000000000057,23.360000000000056,0.0,0.0038453369322619542,-0.0038453369322620713,0.016557372520623878,0.017049135379576676,-1.0,-0.031249999999999778,2024-06-21 07:00:00
2024-06-19 07:00:00,23.62,23.62,23.15,23.23,9866100,0.0,0.0,0.0,0.0,0.0,0.0,0.0,0.0,1.0,0.0,23.23000000000006,23.620000000000065,23.620000000000065,23.15000000000006,-0.005580611177708375,0.011068652809190284,-0.016649263986898588,0.020099030236973393,0.01623274756644266,-1.0,-0.02582866982350407,2024-06-21 07:00:00
2024-06-20 07:00:00,23.41,23.41,22.67,22.97,13018100,0.0,0.0,0.0,0.0,0.0,0.0,0.0,0.0,1.0,0.0,22.97000000000006,23.410000000000064,23.410000000000064,22.670000000000062,-0.011255530081310916,0.007718734720501717,-0.018974264801812663,0.032120816983381796,0.0156192328860977,1.0,0.02655637788419707,2024-06-27 07:00:00
2024-06-21 07:00:00,22.93,23.02,22.63,22.63,9635400,0.0,0.0,0.0,0.0,0.0,0.0,0.0,0.0,1.0,0.0,22.63000000000006,22.93000000000006,23.02000000000006,22.63000000000006,-0.014912557055560823,-0.001742919831193824,-0.013169637224367026,0.017086943648290533,0.015204676847710945,1.0,0.02297834732655768,2024-06-25 07:00:00
2024-06-24 07:00:00,22.93,23.58,22.93,22.97,18895700,0.0,0.0,0.0,0.0,0.0,0.0,0.0,0.0,1.0,0.0,22.97000000000006,22.93000000000006,23.580000000000062,22.93000000000006,0.014912557055560893,0.013169637224367132,0.0017429198311938198,0.027952798239411786,0.015679587105120785,1.0,0.02655637788419707,2024-06-27 07:00:00
2024-06-25 07:00:00,23.32,23.32,22.97,23.15,5078400,0.0,0.0,0.0,0.0,0.0,0.0,0.0,0.0,1.0,0.0,23.15000000000006,23.32000000000006,23.32000000000006,22.97000000000006,0.007805763831236203,0.015122344781284781,-0.007316580950048592,0.015122344781284781,0.015283590211901593,1.0,0.01857451403887711,2024-06-27 07:00:00
2024-06-26 07:00:00,23.15,23.28,22.67,22.8,7238900,0.0,0.0,0.0,0.0,0.0,0.0,0.0,0.0,1.0,0.0,22.80000000000006,23.15000000000006,23.28000000000006,22.670000000000062,-0.01523424457184786,0.0,-0.01523424457184786,0.02655215834379932,0.01505615105395182,1.0,0.03421052631578969,2024-06-27 07:00:00
2024-06-27 07:00:00,22.84,23.75,22.67,23.58,13592000,0.0,0.0,0.0,0.0,0.0,0.0,0.0,0.0,1.0,0.0,23.580000000000066,22.840000000000067,23.750000000000068,22.670000000000066,0.03363835914882999,0.0017528488274146084,0.031885510321415296,0.04654006596121247,0.018165085123745085,-1.0,-0.025869380831212818,2024-06-28 07:00:00
2024-06-28 07:00:00,23.62,23.62,22.89,22.97,8247600,0.0,0.0,0.0,0.0,0.0,0.0,0.0,0.0,1.0,0.0,22.970000000000066,23.62000000000007,23.62000000000007,22.890000000000068,-0.02620987840821791,0.0016949156599915041,-0.027904794068209365,0.03139367680474091,0.019004667395694893,1.0,0.03961689159773596,2024-07-02 07:00:00
2024-07-01 07:00:00,23.06,23.45,22.93,23.28,5851400,0.0,0.0,0.0,0.0,0.0,0.0,0.0,0.0,1.0,0.0,23.28000000000007,23.060000000000066,23.450000000000067,22.930000000000067,0.013405606162230322,0.003910498139906088,0.009495108022324245,0.022424398022475204,0.01869594002126442,1.0,0.025773195876288568,2024-07-02 07:00:00
2024-07-02 07:00:00,23.49,23.92,23.15,23.88,12915600,0.0,0.0,0.0,0.0,0.0,0.0,0.0,0.0,1.0,0.0,23.880000000000067,23.490000000000066,23.92000000000007,23.150000000000066,0.025446665661164176,0.008980175807584319,0.01646648985357998,0.03272014855018799,0.0194765141638518,-1.0,-0.02721943048576214,2024-07-05 07:00:00
2024-07-03 07:00:00,23.92,24.01,23.58,23.71,5786300,0.0,0.0,0.0,0.0,0.0,0.0,0.0,0.0,1.0,0.0,23.71000000000007,23.92000000000007,24.010000000000073,23.580000000000066,-0.007144388447087135,0.0016736405580296937,-0.008818029005116896,0.018071515123937117,0.018711500684910044,-1.0,-0.020244622522142652,2024-07-05 07:00:00
2024-07-04 07:00:00,23.71,23.97,23.36,23.45,7289900,0.0,0.0,0.0,0.0,0.0,0.0,0.0,0.0,1.0,0.0,23.450000000000063,23.710000000000065,23.970000000000063,23.360000000000063,-0.011026405185025925,-1.1102230246251565e-16,-0.011026405185025812,0.025777890486266608,0.018148373508891,-1.0,-0.02771855010660984,2024-07-08 07:00:00
2024-07-05 07:00:00,23.45,23.62,23.1,23.23,8940100,0.0,0.0,0.0,0.0,0.0,0.0,0.0,0.0,1.0,0.0,23.230000000000064,23.450000000000063,23.620000000000065,23.100000000000062,-0.009425948109970567,0.0,-0.009425948109970567,0.02226119324146847,0.01747677746811944,-1.0,-0.01851054670684471,2024-07-08 07:00:00
2024-07-08 07:00:00,23.28,23.32,22.67,22.8,14275500,0.0,0.0,0.0,0.0,0.0,0.0,0.0,0.0,1.0,0.0,22.80000000000006,23.28000000000006,23.32000000000006,22.670000000000062,-0.0186840108219228,0.0021500760809192152,-0.020834086902841914,0.028268896962853875,0.01743499328198729,1.0,0.026754385964912197,2024-07-11 07:00:00
2024-07-09 07:00:00,22.76,23.1,22.76,22.93,7136100,0.0,0.0,0.0,0.0,0.0,0.0,0.0,0.0,1.0,0.0,22.93000000000006,22.760000000000062,23.100000000000062,22.760000000000062,0.005685560909417838,-0.00175592670226492,0.007441487611682875,0.014828008269617634,0.01678401376612642,1.0,0.0209332751853466,2024-07-11 07:00:00
2024-07-10 07:00:00,23.02,23.23,22.8,22.89,6402900,0.0,0.0,0.0,0.0,0.0,0.0,0.0,0.0,1.0,0.0,22.89000000000006,23.02000000000006,23.23000000000006,22.80000000000006,-0.0017459629053377533,0.0039173064239235895,-0.005663269329261252,0.01868401082192269,0.01596509043276479,1.0,0.02271734381826107,2024-07-11 07:00:00
2024-07-11 07:00:00,23.1,23.92,23.06,23.41,16669300,0.0,0.0,0.0,0.0,0.0,0.0,0.0,0.0,1.0,0.0,23.41000000000006,23.100000000000062,23.920000000000066,23.06000000000006,0.022463147538343893,0.009132483563272472,0.013330663975071454,0.03661541424151814,0.01688452060633767,-1.0,-0.018795386586928475,2024-07-15 07:00:00
2024-07-12 07:00:00,23.62,23.62,23.06,23.1,6914700,0.0,0.0,0.0,0.0,0.0,0.0,0.0,0.0,1.0,0.0,23.100000000000062,23.620000000000065,23.620000000000065,23.06000000000006,-0.013330663975071455,0.008930529266397072,-0.022261193241468503,0.023994295928303506,0.016575966473785463,-1.0,-0.08225108225108213,2024-07-17 07:00:00
2024-07-15 07:00:00,23.1,23.28,22.97,22.97,5727000,0.0,0.0,0.0,0.0,0.0,0.0,0.0,0.0,1.0,0.0,22.970000000000063,23.10000000000007,23.28000000000007,22.970000000000066,-0.005643600826740883,2.2204460492503128e-16,-0.0056436008267412175,0.013405606162230322,0.015828592883048373,-1.0,-0.07705703090988236,2024-07-17 07:00:00
2024-07-16 07:00:00,23.02,23.32,22.76,22.76,7934800,0.0,0.0,0.0,0.0,0.0,0.0,0.0,0.0,1.0,0.0,22.760000000000062,23.02000000000006,23.32000000000006,22.760000000000062,-0.009184407442876755,0.002174386592729581,-0.011358794035606292,0.024306752224161284,0.015235168324022273,-1.0,-0.06854130052724072,2024-07-17 07:00:00
2024-07-17 07:00:00,22.8,22.93,21.2,21.2,35495200,0.0,0.0,0.0,0.0,0.0,0.0,0.0,0.0,1.0,0.0,21.20000000000006,22.800000000000068,22.930000000000067,21.20000000000006,-0.07100342758016334,0.0017559267022652343,-0.07275935428242855,0.07844491519184642,0.025289581460610795,-1.0,-0.0287735849056604,2024-07-19 07:00:00
2024-07-18 07:00:00,21.24,21.42,20.68,21.37,12650600,0.0,0.0,0.0,0.0,0.0,0.0,0.0,0.0,1.0,0.0,21.37000000000006,21.24000000000006,21.420000000000062,20.68000000000006,0.00798688765308951,0.001885014695771204,0.006101872957318176,0.0351580153793744,0.024577003956113834,-1.0,-0.036499766027141,2024-07-19 07:00:00
2024-07-19 07:00:00,21.46,21.46,20.33,20.59,11849400,0.0,0.0,0.0,0.0,0.0,0.0,0.0,0.0,1.0,0.0,20.590000000000057,21.460000000000058,21.460000000000058,20.33000000000005,-0.03718254829135833,0.004202667871495978,-0.041385216162854246,0.05409310956229733,0.025066514230401044,1.0,0.02768334142787765,2024-07-24 07:00:00
2024-07-22 07:00:00,20.33,20.9,19.9,20.77,14319800,0.0,0.0,0.0,0.0,0.0,0.0,0.0,0.0,1.0,0.0,20.770000000000053,20.33000000000005,20.900000000000055,19.900000000000052,0.00870411684832258,-0.01270789339944303,0.0214120102477657,0.049029427240318606,0.02449991489235093,-1.0,-0.029369282619162163,2024-07-23 07:00:00
2024-07-23 07:00:00,20.94,20.94,20.07,20.16,5807800,0.0,0.0,0.0,0.0,0.0,0.0,0.0,0.0,1.0,0.0,20.160000000000053,20.940000000000058,20.940000000000058,20.070000000000054,-0.029809194684852977,0.008151567554370088,-0.03796076223922308,0.04243504263414407,0.024193697430577213,1.0,0.04960317460317465,2024-07-24 07:00:00
2024-07-24 07:00:00,19.94,21.24,19.86,21.16,12335900,0.0,0.0,0.0,0.0,0.0,0.0,0.0,0.0,1.0,0.0,21.160000000000057,19.940000000000055,21.240000000000055,19.860000000000053,0.048412163786930806,-0.010972678669475556,0.059384842456406295,0.06717853775671152,0.029018079099360633,0.0,-2.220446049250313e-16,2024-07-31 07:00:00
2024-07-25 07:00:00,20.81,21.03,20.59,21.03,5816300,0.0,0.0,0.0,0.0,0.0,0.0,0.0,0.0,1.0,0.0,21.030000000000054,20.81000000000005,21.03000000000005,20.59000000000005,-0.006162617275490333,-0.016678966584555904,0.010516349309065552,0.02114446867491027,0.027605256657181682,-1.0,-0.0394674274845459,2024-08-01 07:00:00
2024-07-26 07:00:00,21.03,21.03,20.51,21.03,5500900,0.0,0.0,0.0,0.0,0.0,0.0,0.0,0.0,1.0,0.0,21.030000000000054,21.03000000000005,21.03000000000005,20.51000000000005,0.0,-2.2204460492503136e-16,2.2204460492503128e-16,0.02503741763031901,0.02629811867252616,-1.0,-0.0394674274845459,2024-08-01 07:00:00
2024-07-29 07:00:00,21.2,21.67,21.03,21.2,8713400,0.0,0.0,0.0,0.0,0.0,0.0,0.0,0.0,1.0,0.0,21.200000000000053,21.200000000000053,21.670000000000055,21.03000000000005,0.008051191963358186,0.008051191963358186,0.0,0.02997882583365943,0.025292724114099763,-1.0,-0.047169811320754595,2024-08-01 07:00:00
2024-07-30 07:00:00,21.03,21.24,20.46,21.03,6133100,0.0,0.0,0.0,0.0,0.0,0.0,0.0,0.0,1.0,0.0,21.03000000000005,21.03000000000005,21.24000000000005,20.46000000000005,-0.008051191963358382,-0.008051191963358382,0.0,0.03741443585025763,0.024102721090876623,-1.0,-0.03946742748454568,2024-08-01 07:00:00
2024-07-31 07:00:00,21.11,21.46,20.72,21.16,6756000,0.0,0.0,0.0,0.0,0.0,0.0,0.0,0.0,1.0,0.0,21.160000000000053,21.110000000000053,21.460000000000054,20.72000000000005,0.006162617275490232,0.003796872145620904,0.002365745129869455,0.03509131981127019,0.023115992047254886,-1.0,-0.04536862003780706,2024-08-01 07:00:00
2024-08-01 07:00:00,21.11,21.11,19.68,20.2,14146400,0.0,0.0,0.0,0.0,0.0,0.0,0.0,0.0,1.0,0.0,20.200000000000053,21.110000000000056,21.110000000000056,19.680000000000053,-0.04643000258293943,-0.0023657451298692463,-0.04406425745307025,0.07014397023612175,0.02562771976944446,-1.0,-0.03415841584158397,2024-08-05 07:00:00
2024-08-02 07:00:00,20.16,20.68,19.64,20.68,10272000,0.0,0.0,0.0,0.0,0.0,0.0,0.0,0.0,1.0,0.0,20.680000000000053,20.160000000000053,20.680000000000057,19.640000000000054,0.023484445233069327,-0.001982161203991211,0.025466606437060425,0.05159874671390851,0.02603566919735999,-1.0,-0.056576402321082964,2024-08-05 07:00:00
2024-08-05 07:00:00,20.07,20.33,19.25,19.51,19505800,0.0,0.0,0.0,0.0,0.0,0.0,0.0,0.0,1.0,0.0,19.510000000000055,20.070000000000054,20.33000000000005,19.25000000000005,-0.05823989500520832,-0.029940886831981456,-0.028299008173226836,0.05458656690646193,0.029669217852426474,0.0,-0.01076371091747863,2024-08-12 07:00:00
2024-08-06 07:00:00,19.9,20.07,19.21,19.73,9612800,0.0,0.0,0.0,0.0,0.0,0.0,0.0,0.0,1.0,0.0,19.730000000000054,19.900000000000052,20.070000000000054,19.21000000000005,0.011213165399504104,0.019792577095426703,-0.008579411695922625,0.04379518602778157,0.028880032319634395,0.0,-0.017739483020780766,2024-08-13 07:00:00
2024-08-07 07:00:00,19.9,20.16,19.6,19.9,7076900,0.0,0.0,0.0,0.0,0.0,0.0,0.0,0.0,1.0,0.0,19.900000000000052,19.900000000000052,20.160000000000053,19.600000000000055,0.008579411695922596,0.008579411695922596,0.0,0.028170876966696224,0.02787919047500871,-1.0,-0.03015075376884435,2024-08-12 07:00:00
2024-08-08 07:00:00,19.81,20.25,19.51,19.81,8715500,0.0,0.0,0.0,0.0,0.0,0.0,0.0,0.0,1.0,0.0,19.810000000000052,19.810000000000052,20.250000000000053,19.510000000000055,-0.004532871019987159,-0.004532871019987159,0.0,0.0372276389175282,0.02652077220039551,-1.0,-0.030287733467945444,2024-08-14 07:00:00
2024-08-09 07:00:00,20.12,20.2,19.77,20.03,6766300,0.0,0.0,0.0,0.0,0.0,0.0,0.0,0.0,1.0,0.0,20.03000000000005,20.12000000000005,20.20000000000005,19.77000000000005,0.011044288967267338,0.015527484521078818,-0.004483195553811601,0.02151696722463344,0.02571942422016333,-1.0,-0.036445332001997066,2024-08-12 07:00:00
2024-08-12 07:00:00,18.78,19.47,18.65,19.3,34262900,0.0,0.0,0.0,0.0,0.0,0.0,0.0,0.0,1.0,0.0,19.300000000000047,18.780000000000047,19.470000000000045,18.650000000000045,-0.03712605376688708,-0.06443867589761006,0.027312622130723007,0.043028673294283754,0.026418557962192602,1.0,0.06476683937823857,2024-08-16 07:00:00
2024-08-13 07:00:00,19.3,19.64,19.08,19.38,7255400,0.0,0.0,0.0,0.0,0.0,0.0,0.0,0.0,1.0,0.0,19.38000000000005,19.30000000000005,19.640000000000054,19.080000000000048,0.004136510551780497,2.2204460492503128e-16,0.0041365105517802755,0.02892763690617964,0.02535860707087946,1.0,0.06037151702786381,2024-08-16 07:00:00
2024-08-14 07:00:00,19.43,19.55,18.95,19.21,9755100,0.0,0.0,0.0,0.0,0.0,0.0,0.0,0.0,1.0,0.0,19.21000000000005,19.430000000000053,19.550000000000054,18.95000000000005,-0.008810629682154807,0.0025766569267287234,-0.011387286608883483,0.03117135490293964,0.024134753677618675,1.0,0.06975533576262372,2024-08-16 07:00:00
2024-08-15 07:00:00,19.21,19.3,18.78,19.21,13801500,0.0,0.0,0.0,0.0,0.0,0.0,0.0,0.0,1.0,0.0,19.21000000000005,19.21000000000005,19.30000000000005,18.78000000000005,0.0,0.0,0.0,0.027312622130723007,0.02303624033489198,1.0,0.06975533576262372,2024-08-16 07:00:00
2024-08-16 07:00:00,19.47,20.55,19.3,20.55,28028300,0.0,0.0,0.0,0.0,0.0,0.0,0.0,0.0,1.0,0.0,20.550000000000054,19.470000000000052,20.550000000000054,19.30000000000005,0.0674299641617784,0.013443842603643175,0.05398612155813527,0.06275584503140376,0.03107736792005465,1.0,0.054501216545012054,2024-08-20 07:00:00
2024-08-19 07:00:00,20.9,21.11,20.42,20.51,13679100,0.0,0.0,0.0,0.0,0.0,0.0,0.0,0.0,1.0,0.0,20.510000000000055,20.900000000000055,21.110000000000056,20.420000000000055,-0.0019483688579542788,0.016888218028521796,-0.018836586886476075,0.03323204912370978,0.02957591063533394,1.0,0.05655777669429529,2024-08-20 07:00:00
2024-08-20 07:00:00,20.72,21.8,20.46,21.67,26124600,0.0,0.0,0.0,0.0,0.0,0.0,0.0,0.0,1.0,0.0,21.670000000000055,20.72000000000005,21.800000000000054,20.46000000000005,0.05501624346397828,0.010186845306992778,0.04482939815698563,0.06343820927156285,0.032509079130869235,0.0,-1.1102230246251565e-16,2024-08-27 07:00:00
2024-08-21 07:00:00,21.59,21.67,21.03,21.24,21433200,0.0,0.0,0.0,0.0,0.0,0.0,0.0,0.0,1.0,0.0,21.240000000000055,21.590000000000057,21.67000000000006,21.030000000000058,-0.020042619174529524,-0.003698571021551648,-0.01634404815297797,0.029978825833659215,0.031906965680395104,0.0,-0.020244821092278986,2024-08-28 07:00:00
2024-08-22 07:00:00,21.29,21.59,21.07,21.33,10226200,0.0,0.0,0.0,0.0,0.0,0.0,0.0,0.0,1.0,0.0,21.33000000000005,21.290000000000052,21.590000000000053,21.07000000000005,0.004228336109520884,0.0023512825316499876,0.0018770535778710846,0.024380016710618478,0.030350193584510327,-1.0,-0.03234880450070343,2024-08-29 07:00:00
2024-08-23 07:00:00,21.33,22.06,21.11,21.76,20017700,0.0,0.0,0.0,0.0,0.0,0.0,0.0,0.0,1.0,0.0,21.760000000000055,21.33000000000005,22.060000000000052,21.110000000000053,0.019958889504482824,0.0,0.019958889504482824,0.04401915196512707,0.029283770519107265,-1.0,-0.04365808823529427,2024-08-28 07:00:00
2024-08-26 07:00:00,21.93,21.98,21.63,21.72,11865800,0.0,0.0,0.0,0.0,0.0,0.0,0.0,0.0,1.0,0.0,21.720000000000052,21.930000000000053,21.980000000000054,21.630000000000052,-0.0018399269220072938,0.007782140442054949,-0.009622067364062207,0.016051709010507825,0.027935023541448466,-1.0,-0.04189686924493563,2024-08-28 07:00:00
2024-08-27 07:00:00,21.46,21.93,21.37,21.67,15858500,0.0,0.0,0.0,0.0,0.0,0.0,0.0,0.0,1.0,0.0,21.67000000000005,21.460000000000047,21.93000000000005,21.370000000000047,-0.002304679517467028,-0.012042757863182527,0.009738078345715512,0.02586749309874057,0.02665112914758808,-1.0,-0.039686202122750425,2024-08-28 07:00:00
2024-08-28 07:00:00,21.89,22.15,20.25,20.81,41917700,0.0,0.0,0.0,0.0,0.0,0.0,0.0,0.0,1.0,0.0,20.81000000000005,21.890000000000054,22.150000000000052,20.25000000000005,-0.04049517514272471,0.01010109598650392,-0.05059627112922869,0.08968270293859636,0.028657312418740588,-1.0,-0.03555982700624705,2024-08-30 07:00:00
2024-08-29 07:00:00,20.77,21.11,20.59,20.64,10908100,0.0,0.0,0.0,0.0,0.0,0.0,0.0,0.0,1.0,0.0,20.640000000000047,20.770000000000046,21.110000000000046,20.590000000000046,-0.008202699792181125,-0.0019240025175222364,-0.00627869727465892,0.024941340820531142,0.02736103280814198,-1.0,-0.02761627906976738,2024-08-30 07:00:00
2024-08-30 07:00:00,20.42,20.59,19.55,20.07,32324200,0.0,0.0,0.0,0.0,0.0,0.0,0.0,0.0,1.0,0.0,20.070000000000046,20.420000000000048,20.590000000000046,19.550000000000043,-0.028004777805115146,-0.010716127876842394,-0.017288649928272802,0.051830234608323374,0.02725822229881883,-1.0,-0.03188839063278537,2024-09-06 07:00:00
2024-09-04 07:00:00,19.68,20.25,19.55,20.2,9372300,0.0,0.0,0.0,0.0,0.0,0.0,0.0,0.0,1.0,0.0,20.200000000000042,19.680000000000042,20.250000000000046,19.550000000000043,0.0064564415989119784,-0.01962327118413954,0.026079712783051663,0.035179507121173535,0.026106056827551367,-1.0,-0.03811881188118804,2024-09-06 07:00:00
2024-09-05 07:00:00,20.2,20.51,19.68,19.77,12148300,0.0,0.0,0.0,0.0,0.0,0.0,0.0,0.0,1.0,0.0,19.770000000000042,20.200000000000045,20.510000000000048,19.680000000000042,-0.02151696722463344,2.2204460492503128e-16,-0.021516967224633667,0.041309680460182144,0.025470649739284916,-1.0,-0.04147698533131017,2024-09-11 07:00:00
2024-09-06 07:00:00,19.81,19.86,18.99,19.43,18662500,0.0,0.0,0.0,0.0,0.0,0.0,0.0,0.0,1.0,0.0,19.430000000000042,19.81000000000004,19.860000000000042,18.99000000000004,-0.01734737379317673,0.002021223527933943,-0.01936859732111079,0.044795133792832016,0.024535059166509395,-1.0,-0.024704065877509174,2024-09-11 07:00:00
2024-09-09 07:00:00,19.38,19.73,19.21,19.43,6241800,0.0,0.0,0.0,0.0,0.0,0.0,0.0,0.0,1.0,0.0,19.430000000000042,19.38000000000004,19.730000000000043,19.210000000000043,0.0,-0.0025766569267285607,0.0025766569267285017,0.026709343254058535,0.023400810051030476,-1.0,-0.024704065877509174,2024-09-11 07:00:00
2024-09-10 07:00:00,19.47,19.55,18.78,19.47,13617000,0.0,0.0,0.0,0.0,0.0,0.0,0.0,0.0,1.0,0.0,19.470000000000038,19.470000000000038,19.55000000000004,18.78000000000004,0.0020565559947593455,0.0020565559947593455,0.0,0.04018281265125778,0.022364697338103753,-1.0,-0.02670775552131477,2024-09-11 07:00:00
2024-09-11 07:00:00,19.34,19.34,18.6,18.95,8734800,0.0,0.0,0.0,0.0,0.0,0.0,0.0,0.0,1.0,0.0,18.95000000000004,19.34000000000004,19.34000000000004,18.600000000000037,-0.02707088785567289,-0.006699329358959948,-0.02037155849671294,0.03901390930599271,0.022334601559224038,1.0,0.027440633245382928,2024-09-17 07:00:00
2024-09-12 07:00:00,19.12,19.21,18.78,18.78,4728500,0.0,0.0,0.0,0.0,0.0,0.0,0.0,0.0,1.0,0.0,18.780000000000044,19.120000000000044,19.210000000000043,18.780000000000044,-0.009011457748318252,0.008930976094820063,-0.0179424338431383,0.022638503000348306,0.021256533525573492,1.0,0.036741214057508076,2024-09-17 07:00:00
2024-09-13 07:00:00,18.82,19.12,18.69,19.04,6622500,0.0,0.0,0.0,0.0,0.0,0.0,0.0,0.0,1.0,0.0,19.040000000000042,18.820000000000043,19.120000000000044,18.690000000000044,0.013749555583102181,0.0021276603771166066,0.011621895205985527,0.02274628615578363,0.02115010175464315,1.0,0.02258403361344552,2024-09-17 07:00:00
2024-09-16 07:00:00,19.04,19.12,18.6,18.95,7796400,0.0,0.0,0.0,0.0,0.0,0.0,0.0,0.0,1.0,0.0,18.950000000000042,19.040000000000042,19.120000000000044,18.600000000000044,-0.004738097834783884,0.0,-0.004738097834783884,0.027573326904099554,0.020117815373876552,1.0,0.027440633245382706,2024-09-17 07:00:00
2024-09-17 07:00:00,18.78,19.55,18.78,19.47,12889800,0.0,0.0,0.0,0.0,0.0,0.0,0.0,0.0,1.0,0.0,19.470000000000045,18.780000000000047,19.550000000000047,18.780000000000047,0.02707088785567308,-0.009011457748318252,0.03608234560399134,0.04018281265125778,0.021419113295515064,0.0,0.010785824345146189,2024-09-24 07:00:00
2024-09-18 07:00:00,19.55,19.73,19.34,19.6,9181800,0.0,0.0,0.0,0.0,0.0,0.0,0.0,0.0,1.0,0.0,19.600000000000048,19.550000000000047,19.73000000000005,19.340000000000046,0.006654746852363236,0.004100467047266482,0.0025542798050967007,0.019964830009375954,0.020533544676563147,0.0,0.017346938775509857,2024-09-25 07:00:00
2024-09-19 07:00:00,19.6,19.99,19.6,19.81,10010300,0.0,0.0,0.0,0.0,0.0,0.0,0.0,0.0,1.0,0.0,19.81000000000005,19.600000000000048,19.990000000000048,19.600000000000048,0.010657294473987979,0.0,0.010657294473987979,0.019702582275837113,0.019845857608109838,0.0,0.006562342251387854,2024-09-26 07:00:00
2024-09-20 07:00:00,19.99,19.99,19.6,19.68,7578000,0.0,0.0,0.0,0.0,0.0,0.0,0.0,0.0,1.0,0.0,19.680000000000046,19.990000000000048,19.990000000000048,19.600000000000048,-0.0065839690863523075,0.009045287801849166,-0.015629256888201454,0.019702582275837113,0.01898370225812843,1.0,0.019817073170731447,2024-09-27 07:00:00
2024-09-23 07:00:00,19.68,19.73,19.38,19.55,5999200,0.0,0.0,0.0,0.0,0.0,0.0,0.0,0.0,1.0,0.0,19.550000000000043,19.680000000000042,19.730000000000043,19.38000000000004,-0.0066276051927326865,-2.2204460492503136e-16,-0.006627605192732575,0.017898713571903938,0.018149612205266827,1.0,0.019948849104859168,2024-09-25 07:00:00
2024-09-24 07:00:00,19.43,19.73,19.38,19.68,6848500,0.0,0.0,0.0,0.0,0.0,0.0,0.0,0.0,1.0,0.0,19.680000000000042,19.430000000000042,19.730000000000043,19.38000000000004,0.006627605192732458,-0.0061570230420260755,0.01278462823475872,0.017898713571903938,0.01742108091011896,1.0,0.01981707317073167,2024-09-27 07:00:00
2024-09-25 07:00:00,19.81,20.16,19.77,19.94,12809600,0.0,0.0,0.0,0.0,0.0,0.0,0.0,0.0,1.0,0.0,19.94000000000004,19.810000000000038,20.16000000000004,19.77000000000004,0.013124872909584882,0.006583969086351964,0.006540903823232819,0.019534806020642302,0.01706337449084276,-1.0,-0.028084252758274753,2024-10-02 07:00:00
2024-09-26 07:00:00,20.07,20.16,19.86,19.94,8730500,0.0,0.0,0.0,0.0,0.0,0.0,0.0,0.0,1.0,0.0,19.94000000000004,20.07000000000004,20.16000000000004,19.86000000000004,0.0,0.006498398274554466,-0.006498398274554396,0.014992784586141318,0.016232751960362484,-1.0,-0.028084252758274753,2024-10-02 07:00:00
2024-09-27 07:00:00,20.07,20.38,19.81,20.07,12775200,0.0,0.0,0.0,0.0,0.0,0.0,0.0,0.0,1.0,0.0,20.070000000000043,20.070000000000046,20.380000000000045,19.81000000000004,0.006498398274554686,0.006498398274554686,-2.2204460492503136e-16,0.02836716708411933,0.015535141664174605,-1.0,-0.034379671150971625,2024-10-02 07:00:00
2024-09-30 07:00:00,19.99,20.07,19.73,20.07,9750700,0.0,0.0,0.0,0.0,0.0,0.0,0.0,0.0,1.0,0.0,20.070000000000043,19.99000000000004,20.070000000000046,19.730000000000043,0.0,-0.0039940142959381765,0.003994014295938237,0.017085842773722958,0.01478248219778993,-1.0,-0.034379671150971625,2024-10-02 07:00:00
2024-10-01 07:00:00,20.2,20.29,19.77,19.81,12859200,0.0,0.0,0.0,0.0,0.0,0.0,0.0,0.0,1.0,0.0,19.810000000000038,20.20000000000004,20.29000000000004,19.77000000000004,-0.01303930209778745,0.0064564415989119784,-0.01949574369669953,0.02596251665519773,0.014702472085085364,-1.0,-0.021706208985360687,2024-10-02 07:00:00
2024-10-02 07:00:00,19.64,19.77,19.04,19.38,20544900,0.0,0.0,0.0,0.0,0.0,0.0,0.0,0.0,1.0,0.0,19.38000000000004,19.640000000000043,19.770000000000042,19.040000000000042,-0.021945254247839142,-0.00861855778413949,-0.013326696463699701,0.037623607819306154,0.015450694501634974,-1.0,-0.02218782249742013,2024-10-03 07:00:00
2024-10-03 07:00:00,19.21,19.34,18.65,18.95,15578800,0.0,0.0,0.0,0.0,0.0,0.0,0.0,0.0,1.0,0.0,18.95000000000004,19.21000000000004,19.34000000000004,18.650000000000034,-0.02243767493418493,-0.00881062968215492,-0.013627045252029955,0.036329343935323874,0.01590892694789764,-1.0,-0.027440633245382484,2024-10-08 07:00:00
2024-10-04 07:00:00,18.99,19.17,18.82,18.82,7983200,0.0,0.0,0.0,0.0,0.0,0.0,0.0,0.0,1.0,0.0,18.820000000000043,18.99000000000004,19.170000000000044,18.820000000000043,-0.006883797371201473,0.0021085932957593187,-0.008992390666960828,0.01842642290031949,0.015154986536555209,-1.0,-0.020722635494155317,2024-10-08 07:00:00
2024-10-07 07:00:00,18.99,19.04,18.69,18.78,4339600,0.0,0.0,0.0,0.0,0.0,0.0,0.0,0.0,1.0,0.0,18.780000000000044,18.99000000000004,19.040000000000042,18.690000000000044,-0.0021276603771167293,0.008992390666960916,-0.011120051044077477,0.018553407895747616,0.014431496167886837,-1.0,-0.018636847710330362,2024-10-08 07:00:00
2024-10-08 07:00:00,18.78,18.86,18.39,18.43,10233300,0.0,0.0,0.0,0.0,0.0,0.0,0.0,0.0,1.0,0.0,18.43000000000004,18.780000000000044,18.860000000000042,18.39000000000004,-0.01881270209838516,0.0,-0.01881270209838516,0.025236238589081795,0.014416852931893502,-1.0,-0.044492674986435055,2024-10-15 07:00:00
2024-10-09 07:00:00,18.56,18.73,18.43,18.52,5099700,0.0,0.0,0.0,0.0,0.0,0.0,0.0,0.0,1.0,0.0,18.52000000000004,18.56000000000004,18.730000000000043,18.430000000000042,0.0048714575363014165,0.007028955676322635,-0.002157498140021348,0.016146744774265323,0.014069534751041774,-1.0,-0.04913606911447077,2024-10-15 07:00:00
2024-10-10 07:00:00,18.69,18.82,18.43,18.47,5787500,0.0,0.0,0.0,0.0,0.0,0.0,0.0,0.0,1.0,0.0,18.47000000000004,18.690000000000044,18.820000000000043,18.430000000000042,-0.0027034350068845525,0.009137392249438332,-0.011840827256322935,0.02094036247550154,0.01339474297112704,-1.0,-0.04656199242014081,2024-10-15 07:00:00
2024-10-11 07:00:00,18.47,18.78,18.47,18.6,4737700,0.0,0.0,0.0,0.0,0.0,0.0,0.0,0.0,1.0,0.0,18.600000000000044,18.47000000000004,18.780000000000044,18.47000000000004,0.00701378650800716,0.0,0.00701378650800716,0.016644679568968385,0.013196709588378194,-1.0,-0.05322580645161312,2024-10-15 07:00:00
2024-10-14 07:00:00,18.69,18.78,18.39,18.39,5610700,0.0,0.0,0.0,0.0,0.0,0.0,0.0,0.0,1.0,0.0,18.39000000000004,18.690000000000044,18.780000000000044,18.39000000000004,-0.01135454210292601,0.004827040748315944,-0.016181582851241962,0.020985435163887237,0.012783945083501905,-1.0,-0.04241435562805873,2024-10-15 07:00:00
2024-10-15 07:00:00,18.39,18.47,17.18,17.61,24968000,0.0,0.0,0.0,0.0,0.0,0.0,0.0,0.0,1.0,0.0,17.61000000000004,18.39000000000004,18.47000000000004,17.18000000000004,-0.04334011610811495,0.0,-0.04334011610811495,0.0724018776550392,0.016960649779036815,-1.0,-0.01703577512776855,2024-10-16 07:00:00
2024-10-16 07:00:00,17.56,17.61,17.31,17.31,5026300,0.0,0.0,0.0,0.0,0.0,0.0,0.0,0.0,1.0,0.0,17.310000000000034,17.560000000000034,17.610000000000035,17.310000000000034,-0.017182553319997126,-0.0028433343011443958,-0.014339219018852673,0.017182553319996963,0.016377364899758218,1.0,0.051993067590988096,2024-10-17 07:00:00
2024-10-17 07:00:00,17.43,18.43,17.26,18.21,10505600,0.0,0.0,0.0,0.0,0.0,0.0,0.0,0.0,1.0,0.0,18.21000000000004,17.43000000000004,18.430000000000042,17.26000000000004,0.050686524551398916,0.0069084903438118295,0.04377803420758702,0.06558808602645,0.02372099524255787,-1.0,-0.03075233388248222,2024-10-18 07:00:00
2024-10-18 07:00:00,18.43,18.43,17.65,17.65,5175400,0.0,0.0,0.0,0.0,0.0,0.0,0.0,0.0,1.0,0.0,17.650000000000038,18.430000000000042,18.430000000000042,17.650000000000038,-0.03123511036021088,0.012008877942215416,-0.04324398830242635,0.04324398830242633,0.024106584432382592,1.0,0.027195467422096442,2024-10-23 07:00:00
2024-10-21 07:00:00,17.65,17.91,17.52,17.52,5574400,0.0,0.0,0.0,0.0,0.0,0.0,0.0,0.0,1.0,0.0,17.52000000000004,17.650000000000038,17.91000000000004,17.52000000000004,-0.007392697871060278,0.0,-0.007392697871060278,0.022016130564375062,0.02293534722595242,1.0,0.03481735159817356,2024-10-23 07:00:00
2024-10-22 07:00:00,17.52,17.82,17.39,17.52,7320500,0.0,0.0,0.0,0.0,0.0,0.0,0.0,0.0,1.0,0.0,17.52000000000004,17.52000000000004,17.82000000000004,17.39000000000004,0.0,0.0,0.0,0.024426093676471437,0.021888013719432917,1.0,0.03481735159817356,2024-10-23 07:00:00
2024-10-23 07:00:00,17.65,18.3,17.52,18.13,11819700,0.0,0.0,0.0,0.0,0.0,0.0,0.0,0.0,1.0,0.0,18.13000000000004,17.65000000000004,18.300000000000047,17.520000000000042,0.03422493925851435,0.007392697871060551,0.02683224138745382,0.04355797433912994,0.023987567595696976,0.0,-0.019305019305019155,2024-10-30 07:00:00
2024-10-24 07:00:00,18.13,18.26,17.87,17.87,4716000,0.0,0.0,0.0,0.0,0.0,0.0,0.0,0.0,1.0,0.0,17.87000000000004,18.130000000000038,18.26000000000004,17.87000000000004,-0.014444695595423033,-2.2204460492503136e-16,-0.01444469559542292,0.02158954599548576,0.02314400537622886,0.0,-0.005036373810855976,2024-10-31 07:00:00
2024-10-25 07:00:00,18.08,18.43,17.91,18.21,9711700,0.0,0.0,0.0,0.0,0.0,0.0,0.0,0.0,1.0,0.0,18.210000000000043,18.08000000000004,18.430000000000046,17.910000000000043,0.018847564568179993,0.011683025792693763,0.007164538775486227,0.028620555609111604,0.022958878870455984,-1.0,-0.025809994508511847,2024-10-29 07:00:00
2024-10-28 07:00:00,18.26,18.3,17.91,18.04,3767000,0.0,0.0,0.0,0.0,0.0,0.0,0.0,0.0,1.0,0.0,18.040000000000042,18.260000000000048,18.300000000000047,17.910000000000043,-0.009379379105039087,0.002741981427306146,-0.012121360532345074,0.021541843774754973,0.021992979326433917,0.0,0.004988913525498795,2024-11-04 07:00:00
2024-10-29 07:00:00,18.26,18.26,17.74,17.74,6419600,0.0,0.0,0.0,0.0,0.0,0.0,0.0,0.0,1.0,0.0,17.74000000000004,18.260000000000048,18.260000000000048,17.74000000000004,-0.016769537753044142,0.01212136053234504,-0.02889089828538931,0.028890898285389186,0.021415392829676583,1.0,0.0219842164599775,2024-11-04 07:00:00
2024-10-30 07:00:00,17.74,18.13,17.65,17.78,4423600,0.0,0.0,0.0,0.0,0.0,0.0,0.0,0.0,1.0,0.0,17.780000000000044,17.74000000000004,18.13000000000004,17.65000000000004,0.0022522532043252746,0.0,0.0022522532043252746,0.02683224138745382,0.020431538170130267,1.0,0.02699662542182213,2024-11-05 07:00:00
2024-10-31 07:00:00,17.78,18.08,17.74,17.78,3327700,0.0,0.0,0.0,0.0,0.0,0.0,0.0,0.0,1.0,0.0,17.780000000000044,17.780000000000044,18.08000000000004,17.74000000000004,0.0,0.0,0.0,0.018984378082597043,0.01944889672738612,1.0,0.019685039370078483,2024-11-04 07:00:00
2024-11-01 07:00:00,17.78,18.3,17.78,18.0,9829300,0.0,0.0,0.0,0.0,0.0,0.0,0.0,0.0,1.0,0.0,18.00000000000004,17.78000000000004,18.30000000000004,17.78000000000004,0.012297527810405806,-2.2204460492503136e-16,0.012297527810406026,0.028826829761616747,0.019012407510373922,1.0,0.021666666666666945,2024-11-07 07:00:00
2024-11-04 07:00:00,18.13,18.21,17.82,18.13,5223000,0.0,0.0,0.0,0.0,0.0,0.0,0.0,0.0,1.0,0.0,18.13000000000004,18.13000000000004,18.210000000000047,17.820000000000043,0.0071962668705950125,0.0071962668705950125,0.0,0.02164947169685351,0.018247191670236848,-1.0,-0.026475455046883534,2024-11-11 07:00:00
2024-11-05 07:00:00,18.13,18.65,18.13,18.26,10143600,0.0,0.0,0.0,0.0,0.0,0.0,0.0,0.0,1.0,0.0,18.260000000000044,18.13000000000004,18.650000000000045,18.13000000000004,0.007144850400062897,0.0,0.007144850400062897,0.028278121323064898,0.01749351254289232,-1.0,-0.03340635268346115,2024-11-11 07:00:00
2024-11-06 07:00:00,18.47,18.52,18.0,18.21,7808600,0.0,0.0,0.0,0.0,0.0,0.0,0.0,0.0,1.0,0.0,18.210000000000043,18.470000000000045,18.520000000000046,18.000000000000043,-0.002741981427305908,0.011434919044326206,-0.014176900471632059,0.028479471321868705,0.01666972304232805,-1.0,-0.03075233388248222,2024-11-11 07:00:00
2024-11-07 07:00:00,18.3,18.73,18.21,18.39,10026000,0.0,0.0,0.0,0.0,0.0,0.0,0.0,0.0,1.0,0.0,18.390000000000043,18.30000000000004,18.730000000000043,18.21000000000004,0.00983614487671319,0.004930166107858365,0.004905978768854627,0.02815562271648059,0.01611596487507795,-1.0,-0.01903208265361611,2024-11-08 07:00:00
2024-11-08 07:00:00,18.39,18.47,18.0,18.04,6910000,0.0,0.0,0.0,0.0,0.0,0.0,0.0,0.0,1.0,0.0,18.040000000000042,18.390000000000047,18.470000000000045,18.000000000000043,-0.01921552398175214,2.2204460492503128e-16,-0.019215523981752365,0.025776036314983986,0.016513797541781932,-1.0,-0.02161862527716185,2024-11-11 07:00:00
2024-11-11 07:00:00,18.0,18.04,17.61,17.65,8429500,0.0,0.0,0.0,0.0,0.0,0.0,0.0,0.0,1.0,0.0,17.65000000000004,18.000000000000043,18.040000000000042,17.610000000000042,-0.021855731255171814,-0.002219756738312888,-0.019635974516858962,0.024124592126362737,0.01694334987495998,-1.0,-0.0192634560906515,2024-11-15 07:00:00
2024-11-12 07:00:00,17.74,17.91,17.56,17.61,4532000,0.0,0.0,0.0,0.0,0.0,0.0,0.0,0.0,1.0,0.0,17.610000000000042,17.74000000000004,17.910000000000043,17.56000000000004,-0.002268860871190976,0.005086193502127681,-0.007355054373318602,0.019735627865649925,0.016117059324219,-1.0,-0.017035775127768327,2024-11-15 07:00:00
2024-11-13 07:00:00,17.61,17.87,17.48,17.82,5227000,0.0,0.0,0.0,0.0,0.0,0.0,0.0,0.0,1.0,0.0,17.820000000000043,17.610000000000042,17.870000000000044,17.480000000000043,0.011854499534548599,0.0,0.011854499534548599,0.022065958943947174,0.015946901913043567,-1.0,-0.02188552188552184,2024-11-14 07:00:00
2024-11-14 07:00:00,17.87,17.95,17.35,17.43,4238900,0.0,0.0,0.0,0.0,0.0,0.0,0.0,0.0,1.0,0.0,17.430000000000042,17.870000000000044,17.950000000000042,17.350000000000044,-0.022128562510733654,0.0028019071286733534,-0.024930469639407093,0.03399760854141941,0.01641012318679073,1.0,0.02983362019506619,2024-11-20 07:00:00
2024-11-15 07:00:00,17.48,17.52,17.0,17.31,8556100,0.0,0.0,0.0,0.0,0.0,0.0,0.0,0.0,1.0,0.0,17.31000000000004,17.480000000000043,17.520000000000042,17.000000000000043,-0.006908490343811673,0.002864510695459917,-0.009773001039271626,0.03012974145202924,0.015646559273633887,1.0,0.03697284806470269,2024-11-20 07:00:00
2024-11-18 07:00:00,17.31,17.48,16.92,17.22,5911500,0.0,0.0,0.0,0.0,0.0,0.0,0.0,0.0,1.0,0.0,17.22000000000004,17.31000000000004,17.480000000000043,16.920000000000044,-0.005212870188533099,0.0,-0.005212870188533099,0.03256101604931201,0.014890196379217915,1.0,0.04239256678281089,2024-11-20 07:00:00
2024-11-19 07:00:00,17.13,17.52,17.13,17.22,5624400,0.0,0.0,0.0,0.0,0.0,0.0,0.0,0.0,1.0,0.0,17.22000000000004,17.13000000000004,17.520000000000042,17.13000000000004,0.0,-0.005240186663556159,0.00524018666355625,0.022511773172216903,0.014209747147468125,1.0,0.04239256678281089,2024-11-20 07:00:00
2024-11-20 07:00:00,17.31,18.34,17.22,17.95,14090800,0.0,0.0,0.0,0.0,0.0,0.0,0.0,0.0,1.0,0.0,17.950000000000045,17.310000000000045,18.34000000000005,17.220000000000045,0.04151861593470334,0.005212870188533432,0.03630574574616998,0.06301296782873417,0.019132765417906324,0.0,-0.009470752089136614,2024-11-27 07:00:00
2024-11-21 07:00:00,18.0,18.08,17.87,17.95,2749500,0.0,0.0,0.0,0.0,0.0,0.0,0.0,0.0,1.0,0.0,17.950000000000045,18.00000000000005,18.080000000000048,17.870000000000047,0.0,0.002781642961876992,-0.0027816429618770255,0.011683025792693763,0.018200637038385453,-1.0,-0.018941504178273116,2024-11-28 07:00:00
2024-11-22 07:00:00,18.08,18.08,17.69,17.74,4521000,0.0,0.0,0.0,0.0,0.0,0.0,0.0,0.0,1.0,0.0,17.74000000000004,18.08000000000004,18.08000000000004,17.690000000000044,-0.011768138052854628,0.007216240029742186,-0.01898437808259695,0.02180684679233629,0.017718493334557425,0.0,-0.01014656144306647,2024-11-29 07:00:00
2024-11-25 07:00:00,17.82,17.82,17.52,17.74,6001700,0.0,0.0,0.0,0.0,0.0,0.0,0.0,0.0,1.0,0.0,17.74000000000004,17.820000000000043,17.820000000000043,17.520000000000042,0.0,0.004499445161229971,-0.00449944516122991,0.01697833653441783,0.01685415891856621,0.0,-0.01014656144306647,2024-12-02 07:00:00
2024-11-26 07:00:00,17.65,18.17,17.65,17.82,7834500,0.0,0.0,0.0,0.0,0.0,0.0,0.0,0.0,1.0,0.0,17.820000000000046,17.650000000000045,18.17000000000005,17.650000000000045,0.004499445161230192,-0.005086193502127412,0.009585638663357448,0.029036099028774246,0.01609909760766811,0.0,-0.014590347923681524,2024-12-03 07:00:00
2024-11-27 07:00:00,17.82,17.87,17.52,17.78,5192600,0.0,0.0,0.0,0.0,0.0,0.0,0.0,0.0,1.0,0.0,17.780000000000044,17.820000000000043,17.870000000000044,17.520000000000042,-0.0022471919569048327,-2.2204460492503136e-16,-0.002247191956904721,0.019780243663091245,0.015329219257715479,-1.0,-0.01687289088863897,2024-12-04 07:00:00
2024-11-28 07:00:00,17.82,17.91,17.52,17.61,4757700,0.0,0.0,0.0,0.0,0.0,0.0,0.0,0.0,1.0,0.0,17.610000000000042,17.820000000000043,17.910000000000043,17.520000000000042,-0.009607307577643795,0.0022471919569046644,-0.011854499534548481,0.022016130564375062,0.014856652468479966,1.0,0.03180011357183421,2024-12-05 07:00:00
2024-11-29 07:00:00,17.56,17.61,17.31,17.56,7817200,0.0,0.0,0.0,0.0,0.0,0.0,0.0,0.0,1.0,0.0,17.56000000000004,17.56000000000004,17.610000000000042,17.31000000000004,-0.0028433343011441733,-0.0028433343011441733,0.0,0.017182553319996963,0.01414181761978865,1.0,0.03473804100227795,2024-12-05 07:00:00
2024-12-02 07:00:00,17.65,17.82,17.48,17.56,5133400,0.0,0.0,0.0,0.0,0.0,0.0,0.0,0.0,1.0,0.0,17.56000000000004,17.65000000000004,17.820000000000043,17.480000000000043,0.0,0.005112195172335141,-0.005112195172335196,0.019264051815273842,0.01345657213711382,1.0,0.03473804100227795,2024-12-05 07:00:00
2024-12-03 07:00:00,17.65,17.65,17.22,17.56,7593400,0.0,0.0,0.0,0.0,0.0,0.0,0.0,0.0,1.0,0.0,17.56000000000004,17.65000000000004,17.65000000000004,17.22000000000004,0.0,0.005112195172335141,-0.005112195172335196,0.02466428437972094,0.012804072288288311,1.0,0.03473804100227795,2024-12-05 07:00:00
2024-12-04 07:00:00,17.56,17.74,17.22,17.48,8216400,0.0,0.0,0.0,0.0,0.0,0.0,0.0,0.0,1.0,0.0,17.480000000000043,17.56000000000004,17.74000000000004,17.22000000000004,-0.004566217979581083,0.0,-0.004566217979581083,0.029750477881848664,0.012226394366072526,1.0,0.03947368421052633,2024-12-05 07:00:00
2024-12-05 07:00:00,17.43,18.3,17.22,18.17,16331900,0.0,0.0,0.0,0.0,0.0,0.0,0.0,0.0,1.0,0.0,18.170000000000044,17.430000000000042,18.300000000000047,17.22000000000004,0.03871451218069043,-0.0028645106954598683,0.041579022876150284,0.060829560847790655,0.016755879597686003,0.0,-0.012107870115575237,2024-12-12 07:00:00
2024-12-06 07:00:00,18.17,18.3,17.91,18.04,7941500,0.0,0.0,0.0,0.0,0.0,0.0,0.0,0.0,1.0,0.0,18.040000000000042,18.170000000000044,18.300000000000047,17.910000000000043,-0.007180367773602296,0.0,-0.007180367773602296,0.021541843774754973,0.016201168961113416,0.0,-0.014412416851441123,2024-12-13 07:00:00
2024-12-09 07:00:00,18.08,18.43,18.04,18.17,9391000,0.0,0.0,0.0,0.0,0.0,0.0,0.0,0.0,1.0,0.0,18.170000000000044,18.08000000000004,18.430000000000046,18.040000000000042,0.0071803677736023246,0.0022148403295528213,0.004965527444049621,0.021388257047254413,0.015503193879899683,-1.0,-0.021463951568519546,2024-12-13 07:00:00
2024-12-10 07:00:00,18.17,18.34,18.13,18.17,5790300,0.0,0.0,0.0,0.0,0.0,0.0,0.0,0.0,1.0,0.0,18.170000000000044,18.170000000000044,18.340000000000046,18.13000000000004,0.0,0.0,0.0,0.011516442061559301,0.0147599301114994,-1.0,-0.021463951568519546,2024-12-13 07:00:00
2024-12-11 07:00:00,18.17,18.34,17.91,18.0,6132200,0.0,0.0,0.0,0.0,0.0,0.0,0.0,0.0,1.0,0.0,18.00000000000004,18.17000000000004,18.34000000000004,17.91000000000004,-0.009400124511915355,-2.2204460492503136e-16,-0.009400124511915244,0.02372525075569835,0.014445566274150305,-1.0,-0.0316666666666664,2024-12-16 07:00:00
2024-12-12 07:00:00,18.04,18.08,17.74,17.95,6690200,0.0,0.0,0.0,0.0,0.0,0.0,0.0,0.0,1.0,0.0,17.950000000000042,18.040000000000042,18.08000000000004,17.74000000000004,-0.0027816429618766915,0.0022197567383130316,-0.005001399700189734,0.018984378082597043,0.013783154130131191,-1.0,-0.028969359331476263,2024-12-16 07:00:00
2024-12-13 07:00:00,17.91,18.0,17.65,17.78,6446400,0.0,0.0,0.0,0.0,0.0,0.0,0.0,0.0,1.0,0.0,17.780000000000044,17.910000000000043,18.000000000000043,17.65000000000004,-0.009515884848529261,-0.0022308988616674135,-0.00728498598686186,0.019635974516858935,0.013451211696092128,-1.0,-0.019685039370078816,2024-12-16 07:00:00
2024-12-16 07:00:00,17.74,17.74,17.13,17.43,16866300,0.0,0.0,0.0,0.0,0.0,0.0,0.0,0.0,1.0,0.0,17.430000000000042,17.74000000000004,17.74000000000004,17.13000000000004,-0.019881370553829044,-0.0022522532043252426,-0.017629117349503776,0.0349906645454048,0.014066103742306256,-1.0,-0.029259896729776025,2024-12-19 07:00:00
2024-12-17 07:00:00,17.43,17.48,17.13,17.31,6520400,0.0,0.0,0.0,0.0,0.0,0.0,0.0,0.0,1.0,0.0,17.31000000000004,17.430000000000042,17.480000000000043,17.13000000000004,-0.006908490343811673,0.0,-0.006908490343811673,0.02022605789136095,0.013450552187131107,-1.0,-0.022530329289427886,2024-12-19 07:00:00
2024-12-18 07:00:00,17.22,17.39,17.18,17.22,4756800,0.0,0.0,0.0,0.0,0.0,0.0,0.0,0.0,1.0,0.0,17.22000000000004,17.22000000000004,17.390000000000043,17.180000000000042,-0.005212870188533099,-0.005212870188533099,0.0,0.012149411810082281,0.012815308544081782,-1.0,-0.017421602787456192,2024-12-19 07:00:00
2024-12-19 07:00:00,16.96,17.05,16.31,16.92,16592900,0.0,0.0,0.0,0.0,0.0,0.0,0.0,0.0,1.0,0.0,16.920000000000044,16.960000000000043,17.050000000000043,16.310000000000038,-0.017575144821507262,-0.015213868635827603,-0.002361276185679709,0.044371787096603416,0.012956561694090948,-1.0,-0.028368794326241287,2024-12-20 07:00:00
2024-12-20 07:00:00,16.79,16.87,16.44,16.44,5919200,0.0,0.0,0.0,0.0,0.0,0.0,0.0,0.0,1.0,0.0,16.44000000000004,16.790000000000042,16.870000000000044,16.44000000000004,-0.02877896455004352,-0.0077128830886279195,-0.021066081461415625,0.025819506929843125,0.014347990278256366,1.0,0.021289537712895212,2024-12-23 07:00:00
2024-12-23 07:00:00,16.79,16.92,16.74,16.79,5459800,0.0,0.0,0.0,0.0,0.0,0.0,0.0,0.0,1.0,0.0,16.79000000000004,16.790000000000035,16.92000000000004,16.740000000000034,0.021066081461415434,0.021066081461415215,2.2204460492503128e-16,0.010695289116748389,0.01600693213791649,-1.0,-0.02084574151280527,2024-12-27 07:00:00
2024-12-24 07:00:00,16.66,16.79,16.31,16.61,7112700,0.0,0.0,0.0,0.0,0.0,0.0,0.0,0.0,1.0,0.0,16.61000000000004,16.66000000000004,16.790000000000042,16.310000000000038,-0.010778547464245853,-0.007772834350752691,-0.003005713113493196,0.029005054456527127,0.01535941544231536,-1.0,-0.015653220951234226,2024-12-30 07:00:00
2024-12-25 07:00:00,16.61,16.79,16.57,16.61,4028600,0.0,0.0,0.0,0.0,0.0,0.0,0.0,0.0,1.0,0.0,16.61000000000004,16.61000000000004,16.790000000000042,16.57000000000004,0.0,0.0,0.0,0.013189639650978094,0.014678177137457102,-1.0,-0.015653220951234226,2024-12-30 07:00:00
2024-12-26 07:00:00,16.7,16.96,16.61,16.61,5025500,0.0,0.0,0.0,0.0,0.0,0.0,0.0,0.0,1.0,0.0,16.61000000000004,16.70000000000004,16.960000000000043,16.61000000000004,0.0,0.005403795797505806,-0.00540379579750595,0.02085270673855375,0.014020386503507672,-1.0,-0.015653220951234226,2024-12-30 07:00:00
2024-12-27 07:00:00,16.66,16.7,16.44,16.44,5210500,0.0,0.0,0.0,0.0,0.0,0.0,0.0,0.0,1.0,0.0,16.440000000000037,16.660000000000036,16.700000000000035,16.440000000000037,-0.01028753399716968,0.0030057131134929413,-0.013293247110662631,0.01569132979467538,0.013476295986306697,1.0,0.015815085158150666,2025-01-02 07:00:00
2024-12-30 07:00:00,16.44,16.53,16.14,16.35,6232900,0.0,0.0,0.0,0.0,0.0,0.0,0.0,0.0,1.0,0.0,16.350000000000037,16.440000000000037,16.530000000000037,16.140000000000036,-0.00548949228477148,0.0,-0.00548949228477148,0.023876248991130094,0.012822249384937022,1.0,0.021406727828745975,2025-01-02 07:00:00
2024-12-31 07:00:00,16.31,16.48,16.09,16.35,6186100,0.0,0.0,0.0,0.0,0.0,0.0,0.0,0.0,1.0,0.0,16.350000000000037,16.310000000000034,16.480000000000036,16.090000000000035,0.0,-0.0024494807103400446,0.0024494807103400402,0.023949563477033795,0.01227346151523265,1.0,0.021406727828745975,2025-01-02 07:00:00
2025-01-02 07:00:00,16.4,16.7,16.27,16.7,4114400,0.0,0.0,0.0,0.0,0.0,0.0,0.0,0.0,1.0,0.0,16.700000000000035,16.400000000000034,16.700000000000035,16.270000000000035,0.021180822079446826,0.003053437486890248,0.0181273845925567,0.02608579819176285,0.013941974238211936,-1.0,-0.028742514970059863,2025-01-06 07:00:00
2025-01-03 07:00:00,16.7,16.74,16.27,16.57,4830700,0.0,0.0,0.0,0.0,0.0,0.0,0.0,0.0,1.0,0.0,16.570000000000036,16.700000000000035,16.740000000000034,16.270000000000035,-0.007814887984237752,0.0,-0.007814887984237752,0.028478143830382677,0.013388086976607058,-1.0,-0.02112251056125536,2025-01-06 07:00:00
2025-01-06 07:00:00,16.57,16.57,16.01,16.22,5741900,0.0,0.0,0.0,0.0,0.0,0.0,0.0,0.0,1.0,0.0,16.220000000000034,16.570000000000036,16.570000000000036,16.010000000000037,-0.021348782751204762,0.0,-0.021348782751204762,0.03438030442984803,0.013967647515709466,-1.0,-0.03452527743526501,2025-01-07 07:00:00
2025-01-07 07:00:00,16.22,16.22,15.4,15.66,12234900,0.0,0.0,0.0,0.0,0.0,0.0,0.0,0.0,1.0,0.0,15.660000000000034,16.220000000000034,16.220000000000034,15.400000000000034,-0.035135358124609724,0.0,-0.035135358124609724,0.051877539267683244,0.016242480956426088,1.0,0.016602809706257826,2025-01-08 07:00:00
2025-01-08 07:00:00,15.57,15.92,15.23,15.92,6454100,0.0,0.0,0.0,0.0,0.0,0.0,0.0,0.0,1.0,0.0,15.920000000000034,15.570000000000034,15.920000000000035,15.230000000000034,0.01646648985357976,-0.005763704716750018,0.022230194570329903,0.044309013509166564,0.016997647772048943,-1.0,-0.027010050251256468,2025-01-10 07:00:00
2025-01-09 07:00:00,15.66,16.05,15.57,15.7,4096800,0.0,0.0,0.0,0.0,0.0,0.0,0.0,0.0,1.0,0.0,15.700000000000031,15.660000000000032,16.050000000000033,15.570000000000032,-0.01391546806197467,-0.016466489853579958,0.0025510217916052047,0.030362863730117966,0.016398176858512643,0.0,0.01146496815286624,2025-01-16 07:00:00
2025-01-10 07:00:00,15.7,15.79,15.27,15.49,4986700,0.0,0.0,0.0,0.0,0.0,0.0,0.0,0.0,1.0,0.0,15.49000000000003,15.700000000000031,15.790000000000031,15.27000000000003,-0.013466057925485107,0.0,-0.013466057925485107,0.03348670903700968,0.015772599468391116,1.0,0.019367333763718575,2025-01-15 07:00:00
2025-01-13 07:00:00,15.4,15.7,14.97,15.57,7211100,0.0,0.0,0.0,0.0,0.0,0.0,0.0,0.0,1.0,0.0,15.570000000000032,15.40000000000003,15.700000000000031,14.97000000000003,0.0051513314171297555,-0.005827145009193713,0.010978476426323628,0.04761251392272525,0.015402902697812068,1.0,0.019910083493898556,2025-01-16 07:00:00
2025-01-14 07:00:00,15.57,15.66,15.32,15.49,2887600,0.0,0.0,0.0,0.0,0.0,0.0,0.0,0.0,1.0,0.0,15.490000000000034,15.570000000000034,15.660000000000036,15.320000000000034,-0.0051513314171295595,2.2204460492503128e-16,-0.005151331417129671,0.021950526250211964,0.014651179181969298,1.0,0.019367333763718353,2025-01-15 07:00:00
2025-01-15 07:00:00,15.44,15.92,15.44,15.79,5697200,0.0,0.0,0.0,0.0,0.0,0.0,0.0,0.0,1.0,0.0,15.790000000000031,15.44000000000003,15.920000000000032,15.44000000000003,0.019182173838773287,-0.0032331098321473815,0.022415283670920688,0.03061463581960695,0.01576791907768546,1.0,0.01646611779607343,2025-01-21 07:00:00
2025-01-16 07:00:00,15.88,16.05,15.75,15.88,3702600,0.0,0.0,0.0,0.0,0.0,0.0,0.0,0.0,1.0,0.0,15.880000000000033,15.880000000000033,16.050000000000033,15.750000000000032,0.005683627551439058,0.005683627551439058,0.0,0.018868484304382736,0.015223460368694635,0.0,-0.008186397984886629,2025-01-23 07:00:00
2025-01-17 07:00:00,15.88,16.09,15.75,15.92,3834000,0.0,0.0,0.0,0.0,0.0,0.0,0.0,0.0,1.0,0.0,15.920000000000032,15.880000000000033,16.090000000000032,15.750000000000032,0.002515724597247149,0.0,0.002515724597247149,0.021357595732649785,0.014548514298882397,-1.0,-0.03768844221105527,2025-01-24 07:00:00
2025-01-20 07:00:00,15.79,15.96,15.66,15.92,4445300,0.0,0.0,0.0,0.0,0.0,0.0,0.0,0.0,1.0,0.0,15.920000000000032,15.790000000000031,15.960000000000033,15.660000000000032,0.0,-0.00819935214868631,0.008199352148686327,0.018975901459005604,0.013847961714330975,-1.0,-0.03768844221105527,2025-01-24 07:00:00
2025-01-21 07:00:00,15.75,16.09,15.75,16.05,5377500,0.0,0.0,0.0,0.0,0.0,0.0,0.0,0.0,1.0,0.0,16.050000000000033,15.750000000000032,16.090000000000032,15.750000000000032,0.008132669159787992,-0.010735815144594808,0.018868484304382736,0.021357595732649785,0.013490707708676754,-1.0,-0.01869158878504673,2025-01-23 07:00:00
2025-01-22 07:00:00,16.09,16.09,15.75,15.88,3420700,0.0,0.0,0.0,0.0,0.0,0.0,0.0,0.0,1.0,0.0,15.880000000000033,16.090000000000032,16.090000000000032,15.750000000000032,-0.010648393757035185,0.002489111428266926,-0.01313750518530208,0.021357595732649785,0.013182575161890286,-1.0,-0.035264483627204135,2025-01-24 07:00:00
2025-01-23 07:00:00,15.92,16.01,15.75,15.75,4535900,0.0,0.0,0.0,0.0,0.0,0.0,0.0,0.0,1.0,0.0,15.750000000000032,15.920000000000032,16.010000000000034,15.750000000000032,-0.008220090547347573,0.002515724597247149,-0.010735815144594808,0.016373161736981324,0.012697651789967623,-1.0,-0.027301587301587382,2025-01-24 07:00:00
2025-01-24 07:00:00,15.75,16.01,15.1,15.32,17521200,0.0,0.0,0.0,0.0,0.0,0.0,0.0,0.0,1.0,0.0,15.32000000000003,15.750000000000032,16.010000000000034,15.10000000000003,-0.027681200959196912,0.0,-0.027681200959196912,0.058518783187744776,0.014307878625018172,-1.0,-0.014360313315926798,2025-02-03 07:00:00
2025-02-03 07:00:00,15.44,15.49,14.75,15.1,9421600,0.0,0.0,0.0,0.0,0.0,0.0,0.0,0.0,1.0,0.0,15.100000000000032,15.440000000000033,15.490000000000034,14.750000000000032,-0.0144644204915665,0.00780238028418502,-0.022266800775751546,0.04895157164294853,0.013927618491758307,1.0,0.014569536423841178,2025-02-04 07:00:00
2025-02-04 07:00:00,15.1,15.36,15.01,15.32,7026400,0.0,0.0,0.0,0.0,0.0,0.0,0.0,0.0,1.0,0.0,15.320000000000034,15.100000000000033,15.360000000000033,15.010000000000034,0.014464420491566713,2.2204460492503128e-16,0.014464420491566713,0.023050082074155542,0.014557519877100205,1.0,0.06723237597911225,2025-02-05 07:00:00
2025-02-05 07:00:00,15.44,16.35,15.32,16.35,24114500,0.0,0.0,0.0,0.0,0.0,0.0,0.0,0.0,1.0,0.0,16.350000000000037,15.440000000000033,16.350000000000037,15.320000000000034,0.06506873303081713,0.0078023802841848,0.057266352746632485,0.06506873303081713,0.024904705116952797,-1.0,-0.02874617737003049,2025-02-10 07:00:00
2025-02-06 07:00:00,16.4,16.44,16.14,16.27,6102100,0.0,0.0,0.0,0.0,0.0,0.0,0.0,0.0,1.0,0.0,16.270000000000035,16.400000000000034,16.440000000000037,16.140000000000036,-0.004904976112316043,0.003053437486890248,-0.007958413599206203,0.018416726786231068,0.02380488468663519,-1.0,-0.02397049784880123,2025-02-10 07:00:00
2025-02-07 07:00:00,16.35,16.53,16.14,16.18,7375900,0.0,0.0,0.0,0.0,0.0,0.0,0.0,0.0,1.0,0.0,16.180000000000035,16.350000000000037,16.530000000000037,16.140000000000036,-0.005547009600600769,0.004904976112316162,-0.0104519857129169,0.023876248991130094,0.022761000191726884,0.0,-0.013597033374536327,2025-02-14 07:00:00
2025-02-10 07:00:00,16.09,16.14,15.79,15.88,8134100,0.0,0.0,0.0,0.0,0.0,0.0,0.0,0.0,1.0,0.0,15.880000000000038,16.09000000000004,16.14000000000004,15.790000000000038,-0.018715455811355797,-0.0055779506260535605,-0.013137505185302193,0.0219238345742521,0.022482289431771472,1.0,0.024559193954659886,2025-02-17 07:00:00
2025-02-11 07:00:00,15.88,15.96,15.75,15.96,6890100,0.0,0.0,0.0,0.0,0.0,0.0,0.0,0.0,1.0,0.0,15.960000000000036,15.880000000000036,15.960000000000036,15.750000000000036,0.0050251362026729795,-1.1102230246251565e-16,0.0050251362026729795,0.013245226750020723,0.021449769233731722,1.0,0.043859649122807154,2025-02-18 07:00:00
2025-02-12 07:00:00,16.09,16.14,15.75,15.83,5190900,0.0,0.0,0.0,0.0,0.0,0.0,0.0,0.0,1.0,0.0,15.830000000000036,16.090000000000035,16.140000000000036,15.750000000000036,-0.008178718128741968,0.008112368982628954,-0.016291087111371057,0.02446029757016067,0.020551609969388998,1.0,0.027795325331648968,2025-02-17 07:00:00
2025-02-13 07:00:00,15.92,16.09,15.83,16.09,6098200,0.0,0.0,0.0,0.0,0.0,0.0,0.0,0.0,1.0,0.0,16.090000000000035,15.920000000000035,16.090000000000035,15.830000000000036,0.016291087111371057,0.005669306523316055,0.010621780588054918,0.016291087111371057,0.020211911781572504,1.0,0.035425730267246935,2025-02-18 07:00:00
2025-02-14 07:00:00,16.27,16.4,15.96,15.96,6359100,0.0,0.0,0.0,0.0,0.0,0.0,0.0,0.0,1.0,0.0,15.960000000000036,16.270000000000035,16.400000000000034,15.960000000000036,-0.00811236898262902,0.01112496022665457,-0.019237329209283616,0.027195742808489867,0.019414410705349626,1.0,0.01942355889724312,2025-02-17 07:00:00
2025-02-17 07:00:00,16.09,16.4,16.05,16.27,8246600,0.0,0.0,0.0,0.0,0.0,0.0,0.0,0.0,1.0,0.0,16.27000000000004,16.09000000000004,16.400000000000038,16.05000000000004,0.019237329209283737,0.008112368982629174,0.01112496022665457,0.021572485254127763,0.019353667113452516,1.0,0.023970497848801564,2025-02-18 07:00:00
2025-02-18 07:00:00,16.35,17.0,16.22,16.66,14085200,0.0,0.0,0.0,0.0,0.0,0.0,0.0,0.0,1.0,0.0,16.66000000000004,16.35000000000004,17.000000000000043,16.220000000000038,0.023687715507750288,0.004904976112316162,0.01878273939543411,0.04696829536894936,0.019549731730526095,0.0,0.015606242496998712,2025-02-25 07:00:00
2025-02-19 07:00:00,16.66,16.96,16.66,16.79,10455500,0.0,0.0,0.0,0.0,0.0,0.0,0.0,0.0,1.0,0.0,16.790000000000035,16.660000000000036,16.96000000000004,16.660000000000036,0.007772834350752446,-2.2204460492503136e-16,0.007772834350752667,0.017846993625060568,0.018631682953437416,0.0,-0.0029779630732579276,2025-02-26 07:00:00
2025-02-20 07:00:00,16.87,17.05,16.57,16.61,11794900,0.0,0.0,0.0,0.0,0.0,0.0,0.0,0.0,1.0,0.0,16.610000000000035,16.87000000000004,17.05000000000004,16.570000000000036,-0.010778547464245853,0.004753425468427759,-0.01553197293267371,0.028556372291054438,0.018293823341201977,1.0,0.01866345574954864,2025-02-25 07:00:00
2025-02-21 07:00:00,16.61,16.79,16.44,16.74,8696400,0.0,0.0,0.0,0.0,0.0,0.0,0.0,0.0,1.0,0.0,16.740000000000034,16.610000000000035,16.790000000000035,16.440000000000037,0.007796141436125717,0.0,0.007796141436125717,0.021066081461415434,0.01746449894317618,1.0,0.0262843488649942,2025-02-27 07:00:00
2025-02-24 07:00:00,16.79,16.96,16.61,16.74,5269600,0.0,0.0,0.0,0.0,0.0,0.0,0.0,0.0,1.0,0.0,16.740000000000034,16.790000000000035,16.96000000000004,16.610000000000035,0.0,0.0029824060281203107,-0.0029824060281202266,0.02085270673855375,0.016642162522705155,1.0,0.0262843488649942,2025-02-27 07:00:00
2025-02-25 07:00:00,16.92,17.18,16.79,16.92,13689100,0.0,0.0,0.0,0.0,0.0,0.0,0.0,0.0,1.0,0.0,16.920000000000037,16.920000000000037,17.180000000000035,16.79000000000003,0.010695289116748169,0.010695289116748169,0.0,0.022962445466660028,0.01599834198315282,1.0,0.01773049645390068,2025-02-28 07:00:00
2025-02-26 07:00:00,16.92,17.0,16.66,16.74,6320500,0.0,0.0,0.0,0.0,0.0,0.0,0.0,0.0,1.0,0.0,16.740000000000034,16.92000000000004,17.00000000000004,16.660000000000036,-0.010695289116748143,2.2204460492503128e-16,-0.010695289116748366,0.020202707317519688,0.01582616074992891,1.0,0.0262843488649942,2025-02-27 07:00:00
2025-02-27 07:00:00,16.66,17.18,16.66,17.18,16083200,0.0,0.0,0.0,0.0,0.0,0.0,0.0,0.0,1.0,0.0,17.18000000000004,16.660000000000036,17.18000000000004,16.660000000000036,0.02594485149478022,-0.004790428322632489,0.03073527981741273,0.03073527981741273,0.01664482630726421,0.0,0.007566938300349602,2025-03-06 07:00:00
2025-02-28 07:00:00,17.22,17.48,17.05,17.22,13165500,0.0,0.0,0.0,0.0,0.0,0.0,0.0,0.0,1.0,0.0,17.220000000000038,17.220000000000038,17.48000000000004,17.05000000000004,0.0023255824434754366,0.0023255824434754366,0.0,0.02490716649786354,0.015847323967315332,-1.0,-0.01742160278745608,2025-03-05 07:00:00
2025-03-03 07:00:00,17.26,17.43,17.13,17.31,10269600,0.0,0.0,0.0,0.0,0.0,0.0,0.0,0.0,1.0,0.0,17.31000000000004,17.260000000000044,17.430000000000042,17.13000000000004,0.005212870188533432,0.0023201866556975693,0.002892683532835815,0.017361547195901026,0.015075838636717144,-1.0,-0.022530329289427886,2025-03-05 07:00:00
2025-03-04 07:00:00,17.31,17.65,17.18,17.26,13867300,0.0,0.0,0.0,0.0,0.0,0.0,0.0,0.0,1.0,0.0,17.260000000000044,17.31000000000004,17.65000000000004,17.180000000000042,-0.002892683532835788,0.0,-0.002892683532835788,0.026989866823196224,0.014510422416922688,-1.0,-0.01969872537659323,2025-03-05 07:00:00
2025-03-05 07:00:00,17.31,17.35,16.87,16.92,12616700,0.0,0.0,0.0,0.0,0.0,0.0,0.0,0.0,1.0,0.0,16.920000000000044,17.31000000000004,17.350000000000044,16.870000000000044,-0.019895331477204615,0.002892683532835815,-0.02278801501004047,0.02805560983499117,0.015533624944478226,1.0,0.023049645390070816,2025-03-06 07:00:00
2025-03-06 07:00:00,16.92,17.31,16.87,17.31,10373700,0.0,0.0,0.0,0.0,0.0,0.0,0.0,0.0,1.0,0.0,17.310000000000045,16.920000000000048,17.310000000000045,16.870000000000047,0.02278801501004056,2.2204460492503128e-16,0.022788015010040345,0.025747472630240645,0.016104625706710132,1.0,0.017331022530329365,2025-03-11 07:00:00
2025-03-07 07:00:00,17.43,17.87,17.39,17.48,12653300,0.0,0.0,0.0,0.0,0.0,0.0,0.0,0.0,1.0,0.0,17.480000000000047,17.430000000000046,17.870000000000047,17.390000000000047,0.00977300103927158,0.006908490343811609,0.002864510695459917,0.027228000805144873,0.015433099155753478,1.0,0.02231121281464543,2025-03-14 07:00:00
2025-03-10 07:00:00,17.52,17.61,17.35,17.43,9988100,0.0,0.0,0.0,0.0,0.0,0.0,0.0,0.0,1.0,0.0,17.430000000000046,17.520000000000046,17.610000000000046,17.350000000000048,-0.0028645106954598683,0.002285715280855861,-0.005150225976315793,0.014874416115246394,0.014830380386366608,1.0,0.025243832472748418,2025-03-14 07:00:00
2025-03-11 07:00:00,17.22,17.61,17.09,17.61,8930100,0.0,0.0,0.0,0.0,0.0,0.0,0.0,0.0,1.0,0.0,17.610000000000046,17.220000000000045,17.610000000000046,17.090000000000046,0.010274062976185284,-0.01212136053234485,0.022395423508529955,0.02997342538061515,0.014254645028720304,1.0,0.014764338444066105,2025-03-14 07:00:00
2025-03-12 07:00:00,17.74,17.74,17.31,17.43,7698800,0.0,0.0,0.0,0.0,0.0,0.0,0.0,0.0,1.0,0.0,17.430000000000046,17.740000000000045,17.740000000000045,17.310000000000045,-0.010274062976185229,0.0073550543733185555,-0.017629117349503776,0.024537607693315415,0.014234678816293526,1.0,0.025243832472748418,2025-03-14 07:00:00
2025-03-13 07:00:00,17.43,17.74,17.0,17.39,15950200,0.0,0.0,0.0,0.0,0.0,0.0,0.0,0.0,1.0,0.0,17.390000000000047,17.430000000000046,17.740000000000045,17.000000000000046,-0.002297531165737854,0.0,-0.002297531165737854,0.042608632825217076,0.01362480896712666,1.0,0.027602070155261726,2025-03-14 07:00:00
2025-03-14 07:00:00,17.39,18.34,17.18,17.87,25203700,0.0,0.0,0.0,0.0,0.0,0.0,0.0,0.0,1.0,0.0,17.87000000000005,17.39000000000005,18.340000000000053,17.18000000000005,0.027228000805145088,2.2204460492503128e-16,0.027228000805144873,0.06533855027220949,0.01498249905038322,1.0,0.01902630106323433,2025-03-17 07:00:00
2025-03-17 07:00:00,18.34,18.47,18.04,18.21,21606600,0.0,0.0,0.0,0.0,0.0,0.0,0.0,0.0,1.0,0.0,18.21000000000005,18.34000000000005,18.47000000000005,18.04000000000005,0.018847564568179775,0.02596113765698206,-0.007113573088802113,0.023556279576670856,0.014879452189743405,-1.0,-0.028555738605161918,2025-03-19 07:00:00
2025-03-18 07:00:00,18.39,18.39,17.74,18.04,16329400,0.0,0.0,0.0,0.0,0.0,0.0,0.0,0.0,1.0,0.0,18.04000000000005,18.39000000000005,18.39000000000005,17.740000000000045,-0.009379379105039087,0.00983614487671319,-0.01921552398175214,0.035985061734796445,0.014891411134709157,-1.0,-0.019401330376939918,2025-03-19 07:00:00
2025-03-19 07:00:00,18.04,18.04,17.61,17.69,10404300,0.0,0.0,0.0,0.0,0.0,0.0,0.0,0.0,1.0,0.0,17.69000000000005,18.040000000000052,18.040000000000052,17.61000000000005,-0.019592006462783473,2.2204460492503128e-16,-0.0195920064627837,0.024124592126362955,0.01591911723874937,-1.0,-0.024307518371961434,2025-03-24 07:00:00
2025-03-20 07:00:00,17.82,17.87,17.22,17.61,13574200,0.0,0.0,0.0,0.0,0.0,0.0,0.0,0.0,1.0,0.0,17.610000000000046,17.820000000000046,17.870000000000047,17.220000000000045,-0.0045325856635794835,0.007321913870969116,-0.011854499534548481,0.037051830171751954,0.01527861692143376,-1.0,-0.019875070982395937,2025-03-24 07:00:00
2025-03-21 07:00:00,17.65,17.74,17.48,17.48,7383200,0.0,0.0,0.0,0.0,0.0,0.0,0.0,0.0,1.0,0.0,17.480000000000047,17.650000000000045,17.740000000000045,17.480000000000047,-0.007409552280725264,0.002268860871191004,-0.00967841315191623,0.014764606654043819,0.01478342087454033,-1.0,-0.024599542334096003,2025-03-26 07:00:00
2025-03-24 07:00:00,17.39,17.43,16.87,17.26,15410200,0.0,0.0,0.0,0.0,0.0,0.0,0.0,0.0,1.0,0.0,17.26000000000005,17.39000000000005,17.43000000000005,16.87000000000005,-0.012665684572107193,-0.0051620418611975265,-0.0075036427109096545,0.0326559629740525,0.01462933347502616,0.0,-0.00463499420625757,2025-03-31 07:00:00
2025-03-25 07:00:00,17.39,17.69,17.22,17.48,8628200,0.0,0.0,0.0,0.0,0.0,0.0,0.0,0.0,1.0,0.0,17.480000000000047,17.390000000000047,17.690000000000047,17.220000000000045,0.012665684572107198,0.0075036427109094785,0.00516204186119763,0.02692800917210927,0.014472767674835086,-1.0,-0.024599542334096003,2025-03-26 07:00:00
2025-03-26 07:00:00,17.48,17.61,17.05,17.05,6981600,0.0,0.0,0.0,0.0,0.0,0.0,0.0,0.0,1.0,0.0,17.050000000000047,17.480000000000047,17.610000000000046,17.050000000000047,-0.024907166497863495,0.0,-0.024907166497863495,0.03231671877858886,0.015781505960274046,0.0,0.007624633431084993,2025-04-02 07:00:00
2025-03-27 07:00:00,17.09,17.26,16.96,17.09,5321100,0.0,0.0,0.0,0.0,0.0,0.0,0.0,0.0,1.0,0.0,17.090000000000046,17.090000000000046,17.260000000000048,16.960000000000047,0.00234329339797359,0.00234329339797359,0.0,0.01753405529152491,0.01506114376508388,-1.0,-0.06319485078993559,2025-04-03 07:00:00
2025-03-28 07:00:00,17.22,17.39,16.96,17.13,9041900,0.0,0.0,0.0,0.0,0.0,0.0,0.0,0.0,1.0,0.0,17.130000000000045,17.220000000000045,17.390000000000047,16.960000000000047,0.0023378152085289593,0.007578001872085084,-0.005240186663556159,0.025037698002434636,0.014368718870155207,-1.0,-0.06538237011091641,2025-04-03 07:00:00
2025-03-31 07:00:00,16.96,17.39,16.74,17.18,9650400,0.0,0.0,0.0,0.0,0.0,0.0,0.0,0.0,1.0,0.0,17.180000000000046,16.960000000000047,17.390000000000047,16.740000000000045,0.002914604220080849,-0.009973681972271407,0.012888286192352282,0.038094263304862416,0.0137178242973918,-1.0,-0.06810244470314308,2025-04-03 07:00:00
2025-04-01 07:00:00,17.26,17.31,17.09,17.22,4016400,0.0,0.0,0.0,0.0,0.0,0.0,0.0,0.0,1.0,0.0,17.22000000000005,17.26000000000005,17.31000000000005,17.09000000000005,0.002325582443475658,0.004645769099172811,-0.0023201866556973095,0.01279087206061837,0.013078301652315183,-1.0,-0.07026713124274109,2025-04-03 07:00:00
2025-04-02 07:00:00,17.31,17.48,17.18,17.18,10811700,0.0,0.0,0.0,0.0,0.0,0.0,0.0,0.0,1.0,0.0,17.180000000000046,17.310000000000045,17.480000000000047,17.180000000000046,-0.0023255824434756326,0.00521287018853299,-0.007538452632008471,0.017311453671280147,0.012454365965079438,-1.0,-0.06810244470314308,2025-04-03 07:00:00
2025-04-03 07:00:00,16.22,16.74,16.01,16.01,17058700,0.0,0.0,0.0,0.0,0.0,0.0,0.0,0.0,1.0,0.0,16.010000000000044,16.22000000000004,16.740000000000045,16.010000000000044,-0.07053238954748588,-0.05750086786884253,-0.013031521678643299,0.04458753805270582,0.024184055819588532,-1.0,-0.06745783885071832,2025-04-04 07:00:00
2025-04-04 07:00:00,14.93,15.36,14.93,14.93,22525400,0.0,0.0,0.0,0.0,0.0,0.0,0.0,0.0,1.0,0.0,14.93000000000004,14.930000000000039,15.36000000000004,14.930000000000039,-0.06984091545752433,-0.06984091545752444,2.2204460492503128e-16,0.028394116168427217,0.029751546386986086,-1.0,-0.06965840589417271,2025-04-08 07:00:00
2025-04-08 07:00:00,13.89,14.28,13.89,13.89,4083000,0.0,0.0,0.0,0.0,0.0,0.0,0.0,0.0,1.0,0.0,13.89000000000004,13.890000000000041,14.28000000000004,13.890000000000041,-0.07220345478484652,-0.0722034547848464,-1.1102230246251565e-16,0.027690800145185768,0.03342248143043637,-1.0,-0.06839452843772509,2025-04-09 07:00:00
2025-04-09 07:00:00,12.94,12.94,12.94,12.94,2969100,0.0,0.0,0.0,0.0,0.0,0.0,0.0,0.0,1.0,0.0,12.940000000000035,12.940000000000033,12.940000000000033,12.940000000000033,-0.070845867693498,-0.07084586769349813,2.2204460492503128e-16,0.0,0.035447602775029605,1.0,0.06646058732612059,2025-04-10 07:00:00
2025-04-10 07:00:00,13.8,13.8,13.8,13.8,28274900,0.0,0.0,0.0,0.0,0.0,0.0,0.0,0.0,1.0,0.0,13.800000000000038,13.800000000000038,13.800000000000038,13.800000000000038,0.06434530309040454,0.06434530309040454,0.0,0.0,0.04290275169766485,1.0,0.04420289855072457,2025-04-11 07:00:00
2025-04-11 07:00:00,13.28,14.45,12.98,14.41,26963500,0.0,0.0,0.0,0.0,0.0,0.0,0.0,0.0,1.0,0.0,14.41000000000004,13.280000000000035,14.450000000000038,12.980000000000034,0.04325381784827165,-0.0384094481148713,0.08166326596314298,0.10728470328249723,0.04446209147021638,-1.0,-0.06037473976405272,2025-04-15 07:00:00
2025-04-14 07:00:00,14.49,14.58,13.54,14.19,20786200,0.0,0.0,0.0,0.0,0.0,0.0,0.0,0.0,1.0,0.0,14.190000000000039,14.49000000000004,14.58000000000004,13.540000000000035,-0.015384918839479456,0.00553634632116038,-0.020921265160639684,0.0740024590963832,0.04232567460333687,-1.0,-0.04580690627202255,2025-04-15 07:00:00
2025-04-15 07:00:00,13.93,14.45,13.54,13.54,17596900,0.0,0.0,0.0,0.0,0.0,0.0,0.0,0.0,1.0,0.0,13.540000000000036,13.930000000000037,14.450000000000038,13.540000000000035,-0.046889223687822355,-0.01849270338023698,-0.02839652030758531,0.06504614707431237,0.04174019345054285,-1.0,-0.09231905465288037,2025-04-22 07:00:00
2025-04-16 07:00:00,13.58,13.8,13.15,13.15,12806900,0.0,0.0,0.0,0.0,0.0,0.0,0.0,0.0,1.0,0.0,13.150000000000036,13.580000000000036,13.800000000000038,13.150000000000036,-0.029226508860355393,0.0029498546464211185,-0.0321763635067764,0.04824683353938553,0.039974127881376435,-1.0,-0.06539923954372628,2025-04-22 07:00:00
2025-04-17 07:00:00,12.89,13.54,12.68,13.54,16898500,0.0,0.0,0.0,0.0,0.0,0.0,0.0,0.0,1.0,0.0,13.540000000000036,12.890000000000034,13.540000000000035,12.680000000000033,0.029226508860355258,-0.019969941672677644,0.04919645053303299,0.0656223184750491,0.04031437494034063,-1.0,-0.09231905465288037,2025-04-22 07:00:00
2025-04-18 07:00:00,13.76,13.76,13.32,13.54,12594400,0.0,0.0,0.0,0.0,0.0,0.0,0.0,0.0,1.0,0.0,13.540000000000036,13.760000000000037,13.760000000000037,13.320000000000036,0.0,0.016117565021068692,-0.016117565021068696,0.03249916739295455,0.03849004744367782,-1.0,-0.09231905465288037,2025-04-22 07:00:00
2025-04-21 07:00:00,13.54,13.71,13.15,13.2,11151300,0.0,0.0,0.0,0.0,0.0,0.0,0.0,0.0,1.0,0.0,13.200000000000037,13.540000000000038,13.71000000000004,13.150000000000038,-0.02543143789180363,2.2204460492503128e-16,-0.025431437891803858,0.041703734950449434,0.03690616212414463,-1.0,-0.06893939393939408,2025-04-22 07:00:00
2025-04-22 07:00:00,13.07,13.15,12.29,12.29,30611000,0.0,0.0,0.0,0.0,0.0,0.0,0.0,0.0,1.0,0.0,12.290000000000033,13.070000000000036,13.150000000000036,12.290000000000031,-0.07143090601438187,-0.009897301956194626,-0.06153360405818721,0.06763583504583032,0.03948061897094319,1.0,0.04882017900732327,2025-04-24 07:00:00
2025-04-23 07:00:00,12.63,12.94,11.81,12.55,18634400,0.0,0.0,0.0,0.0,0.0,0.0,0.0,0.0,1.0,0.0,12.550000000000036,12.630000000000038,12.940000000000037,11.810000000000034,0.020934741999849644,0.02728901278445654,-0.006354270784606944,0.09137665886348348,0.03926685492141575,1.0,0.04143426294820718,2025-05-05 07:00:00
2025-04-24 07:00:00,12.55,13.11,12.55,12.89,10512700,0.0,0.0,0.0,0.0,0.0,0.0,0.0,0.0,1.0,0.0,12.890000000000038,12.550000000000036,13.110000000000037,12.550000000000036,0.02673115137330319,0.0,0.02673115137330319,0.04365463219781546,0.03926916425842072,0.0,0.027152831652443643,2025-05-06 07:00:00
2025-04-25 07:00:00,12.94,13.2,12.72,12.72,8485700,0.0,0.0,0.0,0.0,0.0,0.0,0.0,0.0,1.0,0.0,12.720000000000038,12.940000000000037,13.200000000000037,12.720000000000038,-0.013276259039119907,0.0038714721216584072,-0.01714773116077828,0.03704127168034886,0.03736798738542859,1.0,0.04088050314465397,2025-05-06 07:00:00
2025-04-28 07:00:00,12.72,12.98,12.68,12.72,7219000,0.0,0.0,0.0,0.0,0.0,0.0,0.0,0.0,1.0,0.0,12.720000000000038,12.720000000000038,12.980000000000038,12.680000000000037,0.0,0.0,0.0,0.023383762266864144,0.03567234787928655,1.0,0.04088050314465397,2025-05-06 07:00:00
2025-04-29 07:00:00,12.89,12.89,12.68,12.72,5084600,0.0,0.0,0.0,0.0,0.0,0.0,0.0,0.0,1.0,0.0,12.720000000000038,12.890000000000038,12.890000000000038,12.680000000000037,0.0,0.013276259039119904,-0.013276259039119907,0.01642586794201627,0.03404121072622396,1.0,0.04088050314465397,2025-05-06 07:00:00
2025-05-05 07:00:00,12.76,13.07,12.68,13.07,7818700,0.0,0.0,0.0,0.0,0.0,0.0,0.0,0.0,1.0,0.0,13.070000000000038,12.760000000000037,13.070000000000038,12.680000000000037,0.027143969724154407,0.0031397200046676247,0.02400424971948669,0.030293578627050743,0.03408593014331564,1.0,0.03596021423106355,2025-05-07 07:00:00
2025-05-06 07:00:00,13.11,13.58,13.11,13.24,11527600,0.0,0.0,0.0,0.0,0.0,0.0,0.0,0.0,1.0,0.0,13.240000000000038,13.110000000000037,13.58000000000004,13.110000000000037,0.012923022872731569,0.003055770139477842,0.009867252733253756,0.03522282435494159,0.032860987373556735,0.0,0.02945619335347449,2025-05-13 07:00:00
2025-05-07 07:00:00,13.2,13.76,13.2,13.54,12389300,0.0,0.0,0.0,0.0,0.0,0.0,0.0,0.0,1.0,0.0,13.540000000000038,13.200000000000037,13.760000000000039,13.200000000000037,0.022405716975266762,-0.0030257209165370676,0.02543143789180387,0.04154900291287248,0.03219110563942138,0.0,0.022156573116691503,2025-05-14 07:00:00
2025-05-08 07:00:00,13.71,13.71,13.28,13.41,8112800,0.0,0.0,0.0,0.0,0.0,0.0,0.0,0.0,1.0,0.0,13.41000000000004,13.71000000000004,13.71000000000004,13.280000000000038,-0.009647570190541672,0.012477226090094188,-0.02212479628063587,0.0318663495259353,0.030737630159397233,1.0,0.03206562266964963,2025-05-14 07:00:00
2025-05-09 07:00:00,13.54,13.71,13.28,13.32,10361400,0.0,0.0,0.0,0.0,0.0,0.0,0.0,0.0,1.0,0.0,13.320000000000038,13.540000000000038,13.71000000000004,13.280000000000038,-0.00673403218134418,0.009647570190541778,-0.016381602371885882,0.0318663495259353,0.029278628337242957,1.0,0.03903903903903916,2025-05-14 07:00:00
2025-05-12 07:00:00,13.41,13.58,13.32,13.41,6184600,0.0,0.0,0.0,0.0,0.0,0.0,0.0,0.0,1.0,0.0,13.41000000000004,13.41000000000004,13.58000000000004,13.32000000000004,0.0067340321813441194,0.0067340321813441194,0.0,0.01933145701830694,0.027975275888616435,1.0,0.03206562266964963,2025-05-14 07:00:00
2025-05-13 07:00:00,13.63,13.76,13.54,13.63,10706000,0.0,0.0,0.0,0.0,0.0,0.0,0.0,0.0,1.0,0.0,13.630000000000042,13.63000000000004,13.760000000000039,13.540000000000038,0.016272548414854187,0.016272548414854187,2.2204460492503128e-16,0.016117565021068692,0.027126601689037324,0.0,0.005869405722670695,2025-05-20 07:00:00
2025-05-14 07:00:00,13.63,13.97,13.45,13.84,14209900,0.0,0.0,0.0,0.0,0.0,0.0,0.0,0.0,1.0,0.0,13.84000000000004,13.63000000000004,13.970000000000041,13.450000000000038,0.015289704481082068,-1.1102230246251565e-16,0.015289704481082286,0.0379330672210225,0.026187205441330744,0.0,-0.012283236994219404,2025-05-21 07:00:00
2025-05-15 07:00:00,14.06,14.15,13.76,13.84,8330000,0.0,0.0,0.0,0.0,0.0,0.0,0.0,0.0,1.0,0.0,13.84000000000004,14.060000000000041,14.150000000000041,13.760000000000039,0.0,0.015770936192995317,-0.015770936192995348,0.027948791584049025,0.02491526657835965,0.0,-0.005780346820808968,2025-05-22 07:00:00
2025-05-16 07:00:00,13.84,14.06,13.58,13.63,10680300,0.0,0.0,0.0,0.0,0.0,0.0,0.0,0.0,1.0,0.0,13.630000000000043,13.840000000000042,14.060000000000045,13.580000000000043,-0.015289704481082035,2.2204460492503128e-16,-0.015289704481082148,0.03473576425196887,0.024243860578903792,0.0,-0.009537784299339602,2025-05-23 07:00:00
2025-05-19 07:00:00,13.54,14.1,13.45,13.84,15060300,0.0,0.0,0.0,0.0,0.0,0.0,0.0,0.0,1.0,0.0,13.840000000000042,13.540000000000042,14.100000000000044,13.450000000000042,0.015289704481082068,-0.0066249782243123865,0.021914682705394567,0.04719569133627453,0.023512087468694924,-1.0,-0.02456647398843914,2025-05-23 07:00:00
2025-05-20 07:00:00,13.93,13.97,13.67,13.71,6530700,0.0,0.0,0.0,0.0,0.0,0.0,0.0,0.0,1.0,0.0,13.710000000000043,13.930000000000042,13.970000000000043,13.670000000000043,-0.00943745661530043,0.006481837602190746,-0.015919294217491185,0.021708522533012156,0.022606298831485825,1.0,0.0889861415025528,2025-05-27 07:00:00
2025-05-21 07:00:00,13.8,13.8,13.5,13.67,8952900,0.0,0.0,0.0,0.0,0.0,0.0,0.0,0.0,1.0,0.0,13.670000000000044,13.800000000000047,13.800000000000047,13.500000000000044,-0.0029218428383647487,0.006543098588936107,-0.009464941427300947,0.021978906718775382,0.021527127560645773,1.0,0.021945866861740937,2025-05-26 07:00:00
2025-05-22 07:00:00,13.67,13.93,13.5,13.76,12181700,0.0,0.0,0.0,0.0,0.0,0.0,0.0,0.0,1.0,0.0,13.760000000000044,13.670000000000046,13.930000000000046,13.500000000000044,0.006562181769339446,2.2204460492503128e-16,0.006562181769339225,0.031355102347330514,0.02056733560315181,1.0,0.08502906976744162,2025-05-27 07:00:00
2025-05-23 07:00:00,13.8,13.84,13.5,13.5,6704800,0.0,0.0,0.0,0.0,0.0,0.0,0.0,0.0,1.0,0.0,13.500000000000044,13.800000000000047,13.840000000000046,13.500000000000044,-0.01907614706081376,0.0029027596579616318,-0.02197890671877534,0.024873264745139755,0.02045505747171009,1.0,0.034814814814814854,2025-05-26 07:00:00
2025-05-26 07:00:00,13.58,14.06,12.98,13.97,19132500,0.0,0.0,0.0,0.0,0.0,0.0,0.0,0.0,1.0,0.0,13.970000000000045,13.580000000000043,14.060000000000045,12.980000000000041,0.034222487824486725,0.005908436686166268,0.028314051138320497,0.07992417510657487,0.0221794627588986,1.0,0.06871868289191108,2025-05-27 07:00:00
2025-05-27 07:00:00,14.1,14.93,14.1,14.93,32234400,0.0,0.0,0.0,0.0,0.0,0.0,0.0,0.0,1.0,0.0,14.930000000000046,14.100000000000044,14.930000000000046,14.100000000000044,0.06646043828222842,0.009262624115252008,0.05719781416697635,0.05719781416697635,0.02862183214044999,1.0,0.0555927662424649,2025-06-02 07:00:00
2025-05-28 07:00:00,15.32,15.32,14.62,14.71,17580500,0.0,0.0,0.0,0.0,0.0,0.0,0.0,0.0,1.0,0.0,14.710000000000045,15.320000000000048,15.320000000000048,14.620000000000045,-0.014845076937752817,0.02578655276134638,-0.04063162969909921,0.046768709990812916,0.028106922530796236,1.0,0.07138001359619306,2025-06-02 07:00:00
2025-05-29 07:00:00,15.03,15.26,14.62,15.03,17076800,0.0,0.0,0.0,0.0,0.0,0.0,0.0,0.0,1.0,0.0,15.030000000000044,15.030000000000042,15.260000000000044,14.620000000000042,0.02152066915153684,0.021520669151536623,2.2204460492503128e-16,0.0428445715346785,0.0271331768145312,1.0,0.04856952761144395,2025-06-02 07:00:00
2025-05-30 07:00:00,15.12,15.17,14.57,14.76,19168300,0.0,0.0,0.0,0.0,0.0,0.0,0.0,0.0,1.0,0.0,14.760000000000044,15.120000000000045,15.170000000000048,14.570000000000045,-0.018127384592556604,0.005970166986503975,-0.02409755157906053,0.040355173153327546,0.026947473070787903,1.0,0.0677506775067751,2025-06-02 07:00:00
2025-06-02 07:00:00,15.12,15.76,15.12,15.76,13588400,0.0,0.0,0.0,0.0,0.0,0.0,0.0,0.0,1.0,0.0,15.760000000000048,15.120000000000045,15.76000000000005,15.120000000000045,0.06555426525740667,0.024097551579060524,0.04145671367834613,0.04145671367834634,0.03143054422342743,1.0,0.04060913705583746,2025-06-04 07:00:00
2025-06-03 07:00:00,16.13,16.54,15.99,16.04,24384900,0.0,0.0,0.0,0.0,0.0,0.0,0.0,0.0,1.0,0.0,16.04000000000005,16.13000000000005,16.54000000000005,15.99000000000005,0.01761051800863537,0.023205807707384347,-0.005595289698749056,0.03381816274968218,0.029964462289887788,1.0,0.034289276807979885,2025-06-09 07:00:00
2025-06-04 07:00:00,16.22,16.91,16.04,16.4,24299800,0.0,0.0,0.0,0.0,0.0,0.0,0.0,0.0,1.0,0.0,16.40000000000005,16.22000000000005,16.910000000000053,16.04000000000005,0.02219573239178413,0.011159446248898449,0.011036286142885859,0.052819560472120636,0.028681748105544237,0.0,-0.016463414634146467,2025-06-11 07:00:00
2025-06-05 07:00:00,16.73,16.73,16.18,16.31,12184900,0.0,0.0,0.0,0.0,0.0,0.0,0.0,0.0,1.0,0.0,16.31000000000005,16.730000000000054,16.730000000000054,16.18000000000005,-0.0055029181972302416,0.01992218016858021,-0.025425098365810396,0.03342760336838707,0.027818943015181036,0.0,-2.220446049250313e-16,2025-06-12 07:00:00
2025-06-06 07:00:00,16.18,16.86,15.9,16.5,24770400,0.0,0.0,0.0,0.0,0.0,0.0,0.0,0.0,1.0,0.0,16.50000000000005,16.18000000000005,16.860000000000053,15.90000000000005,0.011581964273612499,-0.008002505002576842,0.01958446927618918,0.05862484334752354,0.026462034134650685,-1.0,-0.06969696969696981,2025-06-13 07:00:00
2025-06-09 07:00:00,16.59,17.05,16.54,16.59,20065900,0.0,0.0,0.0,0.0,0.0,0.0,0.0,0.0,1.0,0.0,16.59000000000005,16.590000000000053,17.050000000000054,16.54000000000005,0.005439723295818121,0.005439723295818342,-2.2204460492503136e-16,0.030368514133980788,0.025224302872812677,-1.0,-0.02772754671488864,2025-06-11 07:00:00
2025-06-10 07:00:00,16.54,16.73,16.08,16.31,14100000,0.0,0.0,0.0,0.0,0.0,0.0,0.0,0.0,1.0,0.0,16.310000000000045,16.540000000000045,16.73000000000005,16.080000000000044,-0.01702168756943086,-0.0030184146068080843,-0.014003272962622722,0.039627251247912554,0.025373702687963726,-1.0,-0.058859595340281956,2025-06-13 07:00:00
2025-06-11 07:00:00,16.36,16.45,15.9,16.13,15685800,0.0,0.0,0.0,0.0,0.0,0.0,0.0,0.0,1.0,0.0,16.130000000000045,16.360000000000046,16.450000000000045,15.900000000000047,-0.011097524495804994,0.003060914541678619,-0.014158439037483499,0.03400636798519494,0.024795767057087675,-1.0,-0.048357098574085544,2025-06-13 07:00:00
2025-06-12 07:00:00,16.13,16.63,16.13,16.31,13260400,0.0,0.0,0.0,0.0,0.0,0.0,0.0,0.0,1.0,0.0,16.310000000000045,16.130000000000045,16.63000000000005,16.130000000000045,0.011097524495805006,0.0,0.011097524495805006,0.030527401067719024,0.02363574662906306,-1.0,-0.058859595340281956,2025-06-13 07:00:00
2025-06-13 07:00:00,15.99,16.08,15.21,15.35,35984000,0.0,0.0,0.0,0.0,0.0,0.0,0.0,0.0,1.0,0.0,15.350000000000044,15.990000000000046,16.080000000000044,15.210000000000045,-0.06066294259971626,-0.01981488978705946,-0.040848052812656764,0.05562315747961868,0.030235996148628583,1.0,0.03257328990228037,2025-06-18 07:00:00
2025-06-16 07:00:00,15.4,15.76,15.31,15.76,8805900,0.0,0.0,0.0,0.0,0.0,0.0,0.0,0.0,1.0,0.0,15.760000000000046,15.400000000000045,15.760000000000046,15.310000000000045,0.026359610396526963,0.003252035386377316,0.02310757501014971,0.028968874760140758,0.029829677584677652,0.0,-0.0025380710659898,2025-06-23 07:00:00
2025-06-17 07:00:00,15.81,16.08,15.67,15.81,12824700,0.0,0.0,0.0,0.0,0.0,0.0,0.0,0.0,1.0,0.0,15.810000000000048,15.81000000000005,16.080000000000048,15.670000000000048,0.003167566791647661,0.0031675667916478824,-1.1102230246251565e-16,0.025828207382890756,0.02837423709260995,0.0,0.0025300442757749675,2025-06-24 07:00:00
2025-06-18 07:00:00,15.85,16.18,15.72,15.85,12537500,0.0,0.0,0.0,0.0,0.0,0.0,0.0,0.0,1.0,0.0,15.850000000000048,15.85000000000005,16.18000000000005,15.72000000000005,0.002526849101908891,0.0025268491019091125,-1.1102230246251565e-16,0.028842124629284992,0.02698930255701149,0.0,-0.0025236593059935197,2025-06-25 07:00:00
2025-06-19 07:00:00,15.81,16.04,15.53,15.9,11137600,0.0,0.0,0.0,0.0,0.0,0.0,0.0,0.0,1.0,0.0,15.900000000000047,15.810000000000047,16.040000000000045,15.530000000000044,0.0031496089028962013,-0.0025268491019090223,0.005676458004805122,0.03231196527777264,0.025672434419113155,0.0,-0.0031446540880500917,2025-06-26 07:00:00
2025-06-20 07:00:00,15.95,16.08,15.72,15.9,7912400,0.0,0.0,0.0,0.0,0.0,0.0,0.0,0.0,1.0,0.0,15.900000000000047,15.950000000000045,16.080000000000044,15.720000000000047,0.0,0.0031397200046676247,-0.003139720004667641,0.022642476749759537,0.024432637558252052,0.0,0.014465408805031776,2025-06-27 07:00:00
2025-06-23 07:00:00,15.76,15.76,15.49,15.72,9867400,0.0,0.0,0.0,0.0,0.0,0.0,0.0,0.0,1.0,0.0,15.720000000000047,15.760000000000046,15.760000000000046,15.490000000000045,-0.011385322225125352,-0.008844024796452772,-0.0025412974286725325,0.017280430000955912,0.023609054829100928,1.0,0.026081424936386988,2025-06-27 07:00:00
2025-06-24 07:00:00,15.9,16.13,15.81,15.85,14279900,0.0,0.0,0.0,0.0,0.0,0.0,0.0,0.0,1.0,0.0,15.85000000000005,15.90000000000005,16.13000000000005,15.81000000000005,0.00823571332222936,0.011385322225125429,-0.00314960890289622,0.02003824091573665,0.022559140712445323,1.0,0.023343848580441806,2025-06-30 07:00:00
2025-06-25 07:00:00,15.95,16.13,15.81,15.81,8885700,0.0,0.0,0.0,0.0,0.0,0.0,0.0,0.0,1.0,0.0,15.81000000000005,15.950000000000049,16.13000000000005,15.81000000000005,-0.002526849101908911,0.006289328907563918,-0.008816178009472772,0.02003824091573665,0.02149726647672292,1.0,0.025932953826691918,2025-06-30 07:00:00
2025-06-26 07:00:00,15.81,15.95,15.67,15.85,8866800,0.0,0.0,0.0,0.0,0.0,0.0,0.0,0.0,1.0,0.0,15.85000000000005,15.81000000000005,15.950000000000049,15.670000000000048,0.002526849101908891,0.0,0.002526849101908891,0.01771077286292414,0.020450928622220626,1.0,0.023343848580441806,2025-06-30 07:00:00
2025-06-27 07:00:00,16.04,16.59,16.04,16.13,23661700,0.0,0.0,0.0,0.0,0.0,0.0,0.0,0.0,1.0,0.0,16.130000000000052,16.040000000000052,16.590000000000057,16.040000000000052,0.017511391813827895,0.011916102115078918,0.005595289698748958,0.033714501763984744,0.02004268454369758,-1.0,-0.028518288902665945,2025-07-01 07:00:00
2025-06-30 07:00:00,16.36,16.36,16.13,16.22,9268000,0.0,0.0,0.0,0.0,0.0,0.0,0.0,0.0,1.0,0.0,16.220000000000052,16.360000000000053,16.360000000000053,16.130000000000052,0.005564156550149368,0.0141584390374835,-0.008594282487334145,0.0141584390374835,0.01907990944907538,-1.0,-0.03390875462392118,2025-07-01 07:00:00
2025-07-01 07:00:00,16.36,16.36,15.63,15.67,19066700,0.0,0.0,0.0,0.0,0.0,0.0,0.0,0.0,1.0,0.0,15.67000000000005,16.36000000000005,16.36000000000005,15.630000000000049,-0.0344969923193375,0.008594282487333973,-0.04309127480667141,0.04564718674121572,0.021415664882413785,1.0,0.03254626675175509,2025-07-03 07:00:00
2025-07-02 07:00:00,15.85,15.99,15.67,15.95,11122300,0.0,0.0,0.0,0.0,0.0,0.0,0.0,0.0,1.0,0.0,15.95000000000005,15.850000000000053,15.990000000000054,15.670000000000051,0.01771077286292414,0.01142144395536038,0.006289328907563697,0.020215470477933525,0.021083457362791966,1.0,0.04890282131661472,2025-07-04 07:00:00
2025-07-03 07:00:00,15.95,16.36,15.9,16.18,22281000,0.0,0.0,0.0,0.0,0.0,0.0,0.0,0.0,1.0,0.0,16.180000000000053,15.950000000000053,16.360000000000053,15.900000000000054,0.014317082399492061,2.2204460492503128e-16,0.014317082399492061,0.028520221948414932,0.020429511486280316,1.0,0.03399258343634126,2025-07-04 07:00:00
2025-07-04 07:00:00,16.27,17.05,16.27,16.73,28487800,0.0,0.0,0.0,0.0,0.0,0.0,0.0,0.0,1.0,0.0,16.730000000000057,16.270000000000053,17.050000000000058,16.270000000000053,0.03342760336838707,0.005547009600600683,0.02788059376778645,0.04682728249857954,0.021535109198673255,0.0,-0.011356843992827548,2025-07-11 07:00:00
2025-07-07 07:00:00,16.95,17.32,16.63,17.05,21636600,0.0,0.0,0.0,0.0,0.0,0.0,0.0,0.0,1.0,0.0,17.05000000000006,16.95000000000006,17.32000000000006,16.63000000000006,0.018946688730793273,0.013064318827726868,0.005882369903066613,0.040653609929452814,0.020877854057808242,-1.0,-0.029912023460410997,2025-07-11 07:00:00
2025-07-08 07:00:00,17.23,17.23,16.68,16.95,22383400,0.0,0.0,0.0,0.0,0.0,0.0,0.0,0.0,1.0,0.0,16.950000000000056,17.230000000000057,17.230000000000057,16.680000000000057,-0.005882369903066748,0.010501846810312184,-0.016384216713378977,0.03244165360923757,0.02022397792317289,-1.0,-0.024188790560472073,2025-07-11 07:00:00
2025-07-09 07:00:00,17.18,17.5,16.91,17.09,25733600,0.0,0.0,0.0,0.0,0.0,0.0,0.0,0.0,1.0,0.0,17.090000000000057,17.180000000000057,17.500000000000057,16.910000000000057,0.008225663301040282,0.01347808272964995,-0.005252419428609809,0.03429571801897929,0.019252948232140247,-1.0,-0.032182562902282164,2025-07-11 07:00:00
2025-07-10 07:00:00,17.14,17.32,16.73,16.86,22927600,0.0,0.0,0.0,0.0,0.0,0.0,0.0,0.0,1.0,0.0,16.860000000000056,17.140000000000057,17.320000000000057,16.730000000000057,-0.013549544553790059,0.0029214160421341903,-0.016470960595924296,0.03465838813555629,0.01922354690349071,1.0,0.03262158956109129,2025-07-16 07:00:00
2025-07-11 07:00:00,16.91,17.0,16.54,16.54,21406400,0.0,0.0,0.0,0.0,0.0,0.0,0.0,0.0,1.0,0.0,16.540000000000052,16.910000000000057,17.000000000000057,16.540000000000056,-0.019162262978164306,0.0029612103367794677,-0.02212347331494385,0.02743165446067076,0.019571923903467937,1.0,0.03869407496977062,2025-07-14 07:00:00
2025-07-14 07:00:00,16.59,17.28,16.22,17.18,29638500,0.0,0.0,0.0,0.0,0.0,0.0,0.0,0.0,1.0,0.0,17.18000000000006,16.59000000000006,17.28000000000006,16.220000000000056,0.03796422696056441,0.003018414606808404,0.034945812353756045,0.06330471468864274,0.021567894140150395,1.0,0.08265424912689157,2025-07-17 07:00:00
2025-07-15 07:00:00,17.32,17.5,16.86,16.86,23276500,0.0,0.0,0.0,0.0,0.0,0.0,0.0,0.0,1.0,0.0,16.860000000000056,17.320000000000057,17.500000000000057,16.860000000000056,-0.01880196398240009,0.008115986578179591,-0.026917950560579714,0.037256928355758855,0.021756287891698874,1.0,0.03262158956109129,2025-07-16 07:00:00
2025-07-16 07:00:00,16.86,17.64,16.77,17.41,29706100,0.0,0.0,0.0,0.0,0.0,0.0,0.0,0.0,1.0,0.0,17.410000000000057,16.860000000000056,17.64000000000006,16.770000000000056,0.03210080120638823,0.0,0.03210080120638823,0.050577474743527764,0.022478687916047152,1.0,0.06835152211372786,2025-07-17 07:00:00
2025-07-17 07:00:00,17.69,18.6,17.46,18.6,51670900,0.0,0.0,0.0,0.0,0.0,0.0,0.0,0.0,1.0,0.0,18.600000000000062,17.69000000000006,18.600000000000062,17.460000000000058,0.066116826939058,0.015954754391596465,0.0501620725474614,0.0632490303076994,0.02806930499320966,0.0,0.019892473118279463,2025-07-24 07:00:00
2025-07-18 07:00:00,19.2,19.84,18.79,18.83,31490800,0.0,0.0,0.0,0.0,0.0,0.0,0.0,0.0,1.0,0.0,18.83000000000006,19.20000000000006,19.84000000000006,18.790000000000056,0.012289761949905338,0.031748698314580055,-0.019458936364674835,0.054375288431352836,0.02670033695503676,1.0,0.061072756240042825,2025-07-25 07:00:00
2025-07-21 07:00:00,19.2,19.2,18.42,18.42,32367300,0.0,0.0,0.0,0.0,0.0,0.0,0.0,0.0,1.0,0.0,18.420000000000062,19.200000000000063,19.200000000000063,18.420000000000062,-0.02201431184190005,0.019458936364675085,-0.041473248206574984,0.041473248206575095,0.02733607549233764,1.0,0.029858849077090133,2025-07-24 07:00:00
2025-07-22 07:00:00,18.33,18.79,18.1,18.79,25530400,0.0,0.0,0.0,0.0,0.0,0.0,0.0,0.0,1.0,0.0,18.79000000000006,18.330000000000055,18.790000000000056,18.10000000000006,0.01988778259821295,-0.004897968975547477,0.024785751573760402,0.03741287515359357,0.026232421985423554,1.0,0.06333155934007473,2025-07-25 07:00:00
2025-07-23 07:00:00,19.06,19.52,18.56,18.6,29350100,0.0,0.0,0.0,0.0,0.0,0.0,0.0,0.0,1.0,0.0,18.600000000000062,19.060000000000063,19.520000000000064,18.56000000000006,-0.010163232706218281,0.01426708480068232,-0.024430317506900414,0.050430853626891904,0.025642404774111546,1.0,0.0741935483870968,2025-07-25 07:00:00
2025-07-24 07:00:00,18.79,19.34,18.56,18.97,25979600,0.0,0.0,0.0,0.0,0.0,0.0,0.0,0.0,1.0,0.0,18.970000000000063,18.790000000000063,19.340000000000064,18.56000000000006,0.01969720322776717,0.01016323270621842,0.009533970521548887,0.04116676266709397,0.02466175659120318,1.0,0.05324196099103862,2025-07-25 07:00:00
2025-07-25 07:00:00,19.06,19.98,18.97,19.98,34914800,0.0,0.0,0.0,0.0,0.0,0.0,0.0,0.0,1.0,0.0,19.980000000000068,19.060000000000063,19.980000000000068,18.970000000000063,0.05187298927348475,0.004733114279133279,0.047139874994351474,0.05187298927348475,0.02681398178622297,1.0,0.06856856856856863,2025-07-28 07:00:00
2025-07-28 07:00:00,20.76,21.35,20.44,21.35,31017400,0.0,0.0,0.0,0.0,0.0,0.0,0.0,0.0,1.0,0.0,21.350000000000072,20.76000000000007,21.350000000000072,20.44000000000007,0.06631996645422616,0.03829628507728033,0.028023681376945653,0.04355797433912994,0.030163156244831072,-1.0,-0.06838407494145216,2025-07-29 07:00:00
2025-07-29 07:00:00,22.0,22.09,19.89,19.89,63159200,0.0,0.0,0.0,0.0,0.0,0.0,0.0,0.0,1.0,0.0,19.890000000000065,22.000000000000068,22.090000000000067,19.89000000000006,-0.07083464680875291,0.029990713683681895,-0.10082536049243482,0.10490792456614502,0.03921813096378453,0.0,-0.020613373554550174,2025-08-05 07:00:00
2025-07-30 07:00:00,19.89,20.44,19.38,20.21,30232200,0.0,0.0,0.0,0.0,0.0,0.0,0.0,0.0,1.0,0.0,20.210000000000065,19.89000000000006,20.440000000000065,19.38000000000006,0.015960438549648754,-2.2204460492503136e-16,0.015960438549648973,0.05325215887288355,0.0373547591851711,-1.0,-0.05442850074220695,2025-08-01 07:00:00
2025-07-31 07:00:00,20.25,20.39,19.02,19.93,39800100,0.0,0.0,0.0,0.0,0.0,0.0,0.0,0.0,1.0,0.0,19.930000000000064,20.250000000000064,20.390000000000065,19.02000000000006,-0.013951397190826255,0.0019772621370184045,-0.015928659327844735,0.06955352746911955,0.03626262527181334,-1.0,-0.041144004014049274,2025-08-01 07:00:00
2025-08-01 07:00:00,20.07,20.12,19.11,19.11,26945400,0.0,0.0,0.0,0.0,0.0,0.0,0.0,0.0,1.0,0.0,19.11000000000006,20.070000000000064,20.120000000000065,19.11000000000006,-0.042014375972521785,0.007000028583543356,-0.04901440455606517,0.05150258697935694,0.03761580835819298,1.0,0.057561486132914785,2025-08-07 07:00:00
2025-08-04 07:00:00,18.74,19.7,18.74,19.7,16931500,0.0,0.0,0.0,0.0,0.0,0.0,0.0,0.0,1.0,0.0,19.700000000000063,18.740000000000062,19.700000000000063,18.740000000000062,0.03040687749176117,-0.019551481441905293,0.049958358933666555,0.049958358933666555,0.03671485594421599,1.0,0.060913705583756306,2025-08-08 07:00:00
2025-08-05 07:00:00,19.98,20.62,18.33,19.48,48416200,0.0,0.0,0.0,0.0,0.0,0.0,0.0,0.0,1.0,0.0,19.48000000000006,19.98000000000006,20.620000000000065,18.330000000000055,-0.011230337529553882,0.014113137476464505,-0.025343475006018294,0.11772241673720027,0.035291864596595425,1.0,0.03747433264887068,2025-08-07 07:00:00
2025-08-06 07:00:00,19.57,19.8,19.43,19.75,13923900,0.0,0.0,0.0,0.0,0.0,0.0,0.0,0.0,1.0,0.0,19.750000000000064,19.570000000000064,19.800000000000068,19.430000000000064,0.01376519313274205,0.004609483193596041,0.009155709939145985,0.01886367431114103,0.03369619985244232,1.0,0.05822784810126569,2025-08-08 07:00:00
2025-08-07 07:00:00,20.35,20.53,19.98,20.21,24068700,0.0,0.0,0.0,0.0,0.0,0.0,0.0,0.0,1.0,0.0,20.210000000000065,20.350000000000065,20.530000000000065,19.98000000000006,0.023024040068398626,0.02992742054147306,-0.006903380473074343,0.02715545781043495,0.032508570188969334,1.0,0.03414151410192967,2025-08-08 07:00:00
2025-08-08 07:00:00,20.3,21.31,19.84,20.9,45271500,0.0,0.0,0.0,0.0,0.0,0.0,0.0,0.0,1.0,0.0,20.900000000000066,20.300000000000068,21.31000000000007,19.840000000000067,0.033571627555235614,0.004443354632212113,0.029128272923023422,0.07147634425379894,0.031962976767845486,1.0,0.06124401913875621,2025-08-13 07:00:00
2025-08-11 07:00:00,21.31,22.13,21.22,21.4,29234900,0.0,0.0,0.0,0.0,0.0,0.0,0.0,0.0,1.0,0.0,21.40000000000007,21.31000000000007,22.130000000000074,21.22000000000007,0.023641763057040494,0.01942728713976065,0.0042144759172799825,0.041990020877121184,0.03070969758444807,1.0,0.036448598130841114,2025-08-13 07:00:00
2025-08-12 07:00:00,21.49,22.0,20.44,21.22,37268700,0.0,0.0,0.0,0.0,0.0,0.0,0.0,0.0,1.0,0.0,21.220000000000066,21.490000000000066,22.000000000000068,20.440000000000065,-0.008446788841968825,0.0041967886266130105,-0.012643577468582004,0.073548688022812,0.029770558036504958,1.0,0.045240339302544896,2025-08-13 07:00:00
2025-08-13 07:00:00,21.54,22.41,21.22,22.18,43143100,0.0,0.0,0.0,0.0,0.0,0.0,0.0,0.0,1.0,0.0,22.180000000000074,21.54000000000007,22.410000000000075,21.22000000000007,0.04424684873638402,0.014967538542405618,0.029279310193978537,0.05456315462699863,0.030261262785845663,-1.0,-0.0374211000901713,2025-08-15 07:00:00
2025-08-14 07:00:00,22.68,22.68,21.67,22.32,32689200,0.0,0.0,0.0,0.0,0.0,0.0,0.0,0.0,1.0,0.0,22.320000000000075,22.680000000000074,22.680000000000074,21.670000000000073,0.006292155590889272,0.022292496937330274,-0.016000341346441075,0.045554663311283494,0.028838955793739792,-1.0,-0.04345878136200709,2025-08-15 07:00:00
2025-08-15 07:00:00,22.32,22.32,21.08,21.35,34254000,0.0,0.0,0.0,0.0,0.0,0.0,0.0,0.0,1.0,0.0,21.350000000000072,22.320000000000075,22.320000000000075,21.08000000000007,-0.04443139783847655,0.0,-0.04443139783847655,0.05715841383994862,0.0322106886784183,1.0,0.07728337236533944,2025-08-19 07:00:00
2025-08-18 07:00:00,21.26,22.09,20.71,21.54,32933200,0.0,0.0,0.0,0.0,0.0,0.0,0.0,0.0,1.0,0.0,21.540000000000074,21.260000000000076,22.090000000000078,20.710000000000075,0.008859932053608867,-0.004224366760831494,0.013084298814440475,0.06450834202453282,0.030648256355825205,1.0,0.06778087279480016,2025-08-19 07:00:00
2025-08-19 07:00:00,21.67,23.0,21.67,23.0,52275900,0.0,0.0,0.0,0.0,0.0,0.0,0.0,0.0,1.0,0.0,23.000000000000075,21.670000000000073,23.000000000000078,21.670000000000073,0.06558254420090699,0.00601714382002516,0.059565400380881886,0.059565400380882094,0.034148390901462815,-1.0,-0.09565217391304326,2025-08-22 07:00:00
2025-08-20 07:00:00,23.28,23.65,21.95,22.91,47224600,0.0,0.0,0.0,0.0,0.0,0.0,0.0,0.0,1.0,0.0,22.91000000000008,23.28000000000008,23.650000000000077,21.950000000000074,-0.003920719463745381,0.012100406934087489,-0.016021126397832864,0.07459597541676155,0.03284056295952678,-1.0,-0.09209951986032294,2025-08-22 07:00:00
2025-08-21 07:00:00,23.05,23.32,22.32,22.32,25845500,0.0,0.0,0.0,0.0,0.0,0.0,0.0,0.0,1.0,0.0,22.320000000000075,23.05000000000008,23.32000000000008,22.320000000000075,-0.026090358952294033,0.006092272977253328,-0.03218263192954742,0.04382822396918147,0.033137095261501534,-1.0,-0.06810035842293893,2025-08-22 07:00:00
2025-08-22 07:00:00,21.72,21.95,20.76,20.8,49567100,0.0,0.0,0.0,0.0,0.0,0.0,0.0,0.0,1.0,0.0,20.80000000000007,21.72000000000007,21.950000000000074,20.76000000000007,-0.07053015080583776,-0.02724964244737559,-0.04328050835846217,0.05573908122349249,0.0392494923610225,-1.0,-0.061538461538461764,2025-08-25 07:00:00
2025-08-25 07:00:00,21.03,21.45,19.52,19.52,25390100,0.0,0.0,0.0,0.0,0.0,0.0,0.0,0.0,1.0,0.0,19.520000000000064,21.030000000000072,21.45000000000007,19.520000000000064,-0.0635134057223261,0.010997003007336196,-0.07451040872966211,0.09428506438907959,0.04191220781788873,1.0,0.06813524590163955,2025-08-26 07:00:00
2025-08-26 07:00:00,19.57,20.85,19.52,20.85,18943000,0.0,0.0,0.0,0.0,0.0,0.0,0.0,0.0,1.0,0.0,20.850000000000072,19.570000000000064,20.850000000000072,19.520000000000064,0.06591436725986421,0.002558200423038569,0.06335616683682588,0.06591436725986421,0.04541158973986849,1.0,0.0944844124700237,2025-09-03 07:00:00
2025-08-27 07:00:00,21.08,22.0,20.99,21.17,20722600,0.0,0.0,0.0,0.0,0.0,0.0,0.0,0.0,1.0,0.0,21.170000000000073,21.08000000000007,22.000000000000075,20.99000000000007,0.015231136901963326,0.010970775428350966,0.0042603614736123245,0.04699631952577435,0.04341962409752518,1.0,0.07794048181388735,2025-09-03 07:00:00
2025-08-28 07:00:00,21.17,21.26,20.71,21.22,13406900,0.0,0.0,0.0,0.0,0.0,0.0,0.0,0.0,1.0,0.0,21.220000000000066,21.17000000000007,21.26000000000007,20.710000000000065,0.002359048039063053,-2.2204460492503136e-16,0.002359048039063053,0.026210697506309194,0.04130045727419553,1.0,0.07540056550424135,2025-09-03 07:00:00
2025-08-29 07:00:00,21.54,22.0,21.31,21.35,18809500,0.0,0.0,0.0,0.0,0.0,0.0,0.0,0.0,1.0,0.0,21.35000000000007,21.540000000000067,22.000000000000068,21.310000000000066,0.006107606488796575,0.014967538542405399,-0.008859932053608773,0.0318660072477901,0.03930388082537958,1.0,0.06885245901639347,2025-09-03 07:00:00
2025-09-03 07:00:00,21.72,22.82,21.67,22.82,30216300,0.0,0.0,0.0,0.0,0.0,0.0,0.0,0.0,1.0,0.0,22.820000000000075,21.72000000000007,22.820000000000075,21.670000000000073,0.06658560475929605,0.017181755391101103,0.049403849368194926,0.051708528885661825,0.042086453248214986,-1.0,-0.05433829973707294,2025-09-10 07:00:00
2025-09-04 07:00:00,23.55,24.1,23.1,23.28,33214700,0.0,0.0,0.0,0.0,0.0,0.0,0.0,0.0,1.0,0.0,23.280000000000072,23.550000000000075,24.100000000000076,23.100000000000072,0.019957278429307255,0.031488476028497116,-0.011531197599189792,0.04237922296886154,0.040180145313471305,-1.0,-0.054982817869415834,2025-09-08 07:00:00
2025-09-05 07:00:00,23.65,24.74,23.23,23.28,47285300,0.0,0.0,0.0,0.0,0.0,0.0,0.0,0.0,1.0,0.0,23.280000000000072,23.650000000000073,24.740000000000077,23.23000000000007,0.0,0.015768492074704845,-0.015768492074704946,0.06297682018202408,0.038328336574337984,-1.0,-0.054982817869415834,2025-09-08 07:00:00
2025-09-08 07:00:00,23.0,23.42,22.0,22.0,40651400,0.0,0.0,0.0,0.0,0.0,0.0,0.0,0.0,1.0,0.0,22.000000000000068,23.00000000000007,23.420000000000073,22.000000000000068,-0.05655216950492125,-0.01210040693408734,-0.04445176257083381,0.06254790481125556,0.04141583277013748,1.0,0.04772727272727284,2025-09-15 07:00:00
2025-09-09 07:00:00,22.04,22.32,21.45,22.22,24656800,0.0,0.0,0.0,0.0,0.0,0.0,0.0,0.0,1.0,0.0,22.220000000000066,22.040000000000067,22.32000000000007,21.450000000000067,0.009950330853168092,0.0018165309263977853,0.008133799926770185,0.03975849213908436,0.039458516026134524,0.0,0.006300630063006407,2025-09-16 07:00:00
2025-09-10 07:00:00,22.36,22.36,21.45,21.58,23607800,0.0,0.0,0.0,0.0,0.0,0.0,0.0,0.0,1.0,0.0,21.580000000000066,22.36000000000007,22.36000000000007,21.450000000000067,-0.029225824381495215,0.00628086407541458,-0.03550668845690987,0.04154900291287248,0.03878152181792559,1.0,0.042632066728452545,2025-09-12 07:00:00
2025-09-11 07:00:00,21.35,22.0,20.71,22.0,21409800,0.0,0.0,0.0,0.0,0.0,0.0,0.0,0.0,1.0,0.0,22.00000000000007,21.350000000000072,22.000000000000075,20.71000000000007,0.01927549352832739,-0.010715220155354716,0.02999071368368211,0.06042577795082324,0.037337733615440086,1.0,0.04772727272727284,2025-09-15 07:00:00
2025-09-12 07:00:00,22.36,23.23,22.32,22.5,24392400,0.0,0.0,0.0,0.0,0.0,0.0,0.0,0.0,1.0,0.0,22.500000000000075,22.360000000000074,23.23000000000008,22.320000000000075,0.022472855852058576,0.016231194928582552,0.006241660923476134,0.039961409269207514,0.03605015086235817,-1.0,-0.03688888888888897,2025-09-17 07:00:00
2025-09-15 07:00:00,22.82,23.6,22.55,23.05,21591400,0.0,0.0,0.0,0.0,0.0,0.0,0.0,0.0,1.0,0.0,23.050000000000075,22.820000000000075,23.60000000000008,22.550000000000075,0.024150460232283122,0.014122035223555048,0.010028425008727825,0.04551164608287709,0.03482940457679603,-1.0,-0.05986984815618224,2025-09-17 07:00:00
2025-09-16 07:00:00,23.46,23.46,22.18,22.36,25769100,0.0,0.0,0.0,0.0,0.0,0.0,0.0,0.0,1.0,0.0,22.36000000000007,23.460000000000075,23.460000000000075,22.180000000000067,-0.030392121155759184,0.017631073782671744,-0.0480231949384311,0.056105861303108615,0.03487792266767381,0.0,-0.008050089445438058,2025-09-23 07:00:00
2025-09-17 07:00:00,22.18,22.59,21.67,21.67,21850400,0.0,0.0,0.0,0.0,0.0,0.0,0.0,0.0,1.0,0.0,21.67000000000007,22.180000000000067,22.59000000000007,21.67000000000007,-0.03134483273863068,-0.008082666364677544,-0.02326216637395316,0.0415785149316442,0.03469440630316496,1.0,0.035994462390401605,2025-09-19 07:00:00
2025-09-18 07:00:00,21.81,22.45,21.45,22.13,15519800,0.0,0.0,0.0,0.0,0.0,0.0,0.0,0.0,1.0,0.0,22.13000000000007,21.810000000000066,22.45000000000007,21.450000000000067,0.021005338514690493,0.006439764665269865,0.014565573849420688,0.0455659688142373,0.033650571408564714,1.0,0.05603253502033456,2025-09-24 07:00:00
2025-09-19 07:00:00,22.36,23.05,22.13,22.45,18921000,0.0,0.0,0.0,0.0,0.0,0.0,0.0,0.0,1.0,0.0,22.450000000000074,22.360000000000074,23.05000000000008,22.130000000000074,0.014356460125305132,0.010339494223940243,0.004016965901364778,0.040731615379699285,0.032251002628489324,1.0,0.04097995545657018,2025-09-24 07:00:00
2025-09-22 07:00:00,22.68,23.28,22.36,22.73,30058600,0.0,0.0,0.0,0.0,0.0,0.0,0.0,0.0,1.0,0.0,22.730000000000075,22.680000000000074,23.28000000000008,22.360000000000074,0.01239502367618845,0.010192864671287974,0.0022021590049005574,0.04032097457633881,0.030821606706355763,0.0,-0.01627804663440402,2025-09-29 07:00:00
2025-09-23 07:00:00,23.0,23.1,22.09,22.18,11680800,0.0,0.0,0.0,0.0,0.0,0.0,0.0,0.0,1.0,0.0,22.180000000000074,23.000000000000078,23.10000000000008,22.090000000000074,-0.024494655942230815,0.011808578064698058,-0.03630323400692878,0.044707600095722194,0.030499681681554893,1.0,0.0536519386834986,2025-09-24 07:00:00
2025-09-24 07:00:00,21.95,23.37,21.81,23.37,28252500,0.0,0.0,0.0,0.0,0.0,0.0,0.0,0.0,1.0,0.0,23.370000000000076,21.950000000000067,23.370000000000072,21.810000000000066,0.05226216662854557,-0.010423842401040927,0.0626860090295865,0.06908456833722901,0.032895592484171454,-1.0,-0.043217800599058664,2025-09-29 07:00:00
2025-09-25 07:00:00,23.55,24.19,23.19,23.19,28473700,0.0,0.0,0.0,0.0,0.0,0.0,0.0,0.0,1.0,0.0,23.190000000000076,23.550000000000075,24.190000000000076,23.190000000000072,-0.007731997283326209,0.007672671911660186,-0.015404669194986354,0.04221817335449558,0.03154940201278975,-1.0,-0.035791289348857336,2025-09-29 07:00:00
2025-09-26 07:00:00,23.23,23.69,22.87,23.05,21695400,0.0,0.0,0.0,0.0,0.0,0.0,0.0,0.0,1.0,0.0,23.050000000000075,23.23000000000008,23.69000000000008,22.870000000000076,-0.006055381824782767,0.0017233955148775854,-0.007778777339660343,0.03522701013600443,0.030174159784109398,-1.0,-0.07375271149674623,2025-09-30 07:00:00
2025-09-29 07:00:00,23.42,23.78,22.36,22.36,31418300,0.0,0.0,0.0,0.0,0.0,0.0,0.0,0.0,1.0,0.0,22.36000000000007,23.420000000000073,23.780000000000076,22.36000000000007,-0.030392121155759184,0.01592458872691361,-0.04631670988267281,0.061571242975737385,0.03045255375945048,-1.0,-0.045169946332736965,2025-09-30 07:00:00
2025-09-30 07:00:00,22.36,22.59,20.99,21.35,36919300,0.0,0.0,0.0,0.0,0.0,0.0,0.0,0.0,1.0,0.0,21.35000000000007,22.36000000000007,22.59000000000007,20.990000000000062,-0.04622190861226478,0.0,-0.04622190861226478,0.07346119664737054,0.03216159906361584,-1.0,-0.03653395784543334,2025-10-02 07:00:00
2025-10-01 07:00:00,21.54,21.63,21.26,21.31,13237300,0.0,0.0,0.0,0.0,0.0,0.0,0.0,0.0,1.0,0.0,21.310000000000066,21.540000000000067,21.630000000000067,21.26000000000007,-0.0018752935641079252,0.008859932053608867,-0.01073522561771672,0.017253867051165394,0.030600040137596415,-1.0,-0.034725480994838076,2025-10-02 07:00:00
2025-10-02 07:00:00,21.35,21.49,20.57,20.57,19696800,0.0,0.0,0.0,0.0,0.0,0.0,0.0,0.0,1.0,0.0,20.570000000000064,21.35000000000007,21.490000000000066,20.570000000000064,-0.03534274244565994,0.0018752935641080156,-0.03721803600976785,0.04375400698955321,0.030597836274414973,-1.0,-0.04229460379192995,2025-10-03 07:00:00
2025-10-03 07:00:00,20.39,20.44,19.7,19.7,27402800,0.0,0.0,0.0,0.0,0.0,0.0,0.0,0.0,1.0,0.0,19.700000000000063,20.390000000000068,20.44000000000007,19.700000000000063,-0.04321506792092293,-0.008789119078501733,-0.034425948842421124,0.036875129591560994,0.031081461983166705,1.0,0.07005076142131972,2025-10-06 07:00:00
2025-10-06 07:00:00,19.89,21.08,19.89,21.08,15008000,0.0,0.0,0.0,0.0,0.0,0.0,0.0,0.0,1.0,0.0,21.080000000000066,19.89000000000006,21.080000000000062,19.89000000000006,0.06770608792921869,0.009598457121937893,0.058107630807280757,0.05810763080728055,0.03778913363960187,-1.0,-0.04127134724857673,2025-10-07 07:00:00
2025-10-07 07:00:00,21.12,21.12,20.16,20.21,16184300,0.0,0.0,0.0,0.0,0.0,0.0,0.0,0.0,1.0,0.0,20.210000000000065,21.120000000000065,21.120000000000065,20.160000000000064,-0.042147192257631805,0.0018957351648991973,-0.04404292742253097,0.0465200156348927,0.037828684085461264,1.0,0.05888174171202354,2025-10-10 07:00:00
2025-10-08 07:00:00,20.53,20.62,19.52,19.75,38832300,0.0,0.0,0.0,0.0,0.0,0.0,0.0,0.0,1.0,0.0,19.750000000000064,20.53000000000007,20.62000000000007,19.520000000000064,-0.02302404006839872,0.015709699615312645,-0.038733739683711466,0.05482189760386751,0.03631535794884334,1.0,0.05316455696202538,2025-10-09 07:00:00
2025-10-09 07:00:00,20.5,20.95,20.25,20.8,13013600,0.0,0.0,0.0,0.0,0.0,0.0,0.0,0.0,1.0,0.0,20.800000000000068,20.500000000000068,20.95000000000007,20.250000000000068,0.05179949536014147,0.0372713947972316,0.014528100562909808,0.03398385281559857,0.03899508675558342,1.0,0.08173076923076916,2025-10-13 07:00:00
2025-10-10 07:00:00,21.0,21.55,20.95,21.4,10732900,0.0,0.0,0.0,0.0,0.0,0.0,0.0,0.0,1.0,0.0,21.400000000000066,21.000000000000064,21.550000000000068,20.950000000000063,0.02843793532053341,0.009569451016150454,0.018868484304382954,0.0282371701816102,0.03824848911627806,1.0,0.05140186915887868,2025-10-13 07:00:00
2025-10-13 07:00:00,20.95,22.5,20.9,22.5,25956000,0.0,0.0,0.0,0.0,0.0,0.0,0.0,0.0,1.0,0.0,22.500000000000075,20.95000000000007,22.500000000000075,20.90000000000007,0.050124387182568814,-0.021252275659658752,0.07137666284222759,0.07376615023960909,0.039343982372813294,1.0,0.09333333333333349,2025-10-16 07:00:00
2025-10-14 07:00:00,22.8,23.2,22.35,22.6,26843000,0.0,0.0,0.0,0.0,0.0,0.0,0.0,0.0,1.0,0.0,22.600000000000072,22.80000000000007,23.20000000000007,22.350000000000072,0.004434597067865554,0.013245226750020505,-0.008810629682154807,0.03732595761268613,0.03742417642990034,1.0,0.08849557522123908,2025-10-16 07:00:00
2025-10-15 07:00:00,22.6,23.0,22.35,23.0,17682600,0.0,0.0,0.0,0.0,0.0,0.0,0.0,0.0,1.0,0.0,23.000000000000075,22.600000000000076,23.000000000000078,22.350000000000076,0.017544309650909525,2.2204460492503128e-16,0.017544309650909307,0.028667894869571848,0.035795413951719625,1.0,0.06956521739130439,2025-10-16 07:00:00
2025-10-16 07:00:00,23.25,24.6,23.25,24.6,43774400,0.0,0.0,0.0,0.0,0.0,0.0,0.0,0.0,1.0,0.0,24.600000000000083,23.250000000000078,24.600000000000083,23.250000000000078,0.06725222700916747,0.010810916104215676,0.05644131090495184,0.05644131090495184,0.03868842814206554,-1.0,-0.06910569105691056,2025-10-20 07:00:00
2025-10-17 07:00:00,24.6,25.1,24.25,24.6,24105900,0.0,0.0,0.0,0.0,0.0,0.0,0.0,0.0,1.0,0.0,24.600000000000083,24.600000000000083,25.100000000000087,24.25000000000008,0.0,0.0,0.0,0.0344512287542461,0.03697887762676871,-1.0,-0.06910569105691056,2025-10-20 07:00:00
2025-10-20 07:00:00,24.1,24.8,22.9,22.9,35152700,0.0,0.0,0.0,0.0,0.0,0.0,0.0,0.0,1.0,0.0,22.900000000000077,24.100000000000083,24.800000000000082,22.900000000000073,-0.07160953237812315,-0.020534602441707753,-0.051074929936415395,0.0797067426107426,0.04306834212420244,-1.0,-0.04366812227074257,2025-10-21 07:00:00
2025-10-21 07:00:00,22.9,22.9,21.6,21.9,33230200,0.0,0.0,0.0,0.0,0.0,0.0,0.0,0.0,1.0,0.0,21.90000000000007,22.900000000000073,22.900000000000073,21.600000000000072,-0.04465027373773905,-1.1102230246251565e-16,-0.04465027373773882,0.05844359587007458,0.043412357634649804,-1.0,-0.06849315068493156,2025-10-27 07:00:00
2025-10-22 07:00:00,22.1,22.5,21.0,22.5,20270900,0.0,0.0,0.0,0.0,0.0,0.0,0.0,0.0,1.0,0.0,22.500000000000075,22.100000000000076,22.500000000000075,21.00000000000007,0.02702867238791942,0.009090971701252325,0.01793770068666725,0.06899287148695142,0.04217716948628559,-1.0,-0.0933333333333336,2025-10-27 07:00:00
2025-10-23 07:00:00,22.6,22.9,21.85,21.85,14273800,0.0,0.0,0.0,0.0,0.0,0.0,0.0,0.0,1.0,0.0,21.850000000000072,22.600000000000076,22.900000000000073,21.850000000000072,-0.029314387668775255,0.004434597067865775,-0.033748984736641036,0.04693598901859476,0.04115937341009473,-1.0,-0.06636155606407346,2025-10-27 07:00:00
2025-10-24 07:00:00,21.6,22.4,21.25,21.9,15011500,0.0,0.0,0.0,0.0,0.0,0.0,0.0,0.0,1.0,0.0,21.900000000000066,21.60000000000007,22.40000000000007,21.250000000000068,0.0022857152808556393,-0.011507606851479914,0.01379332213233555,0.05270406349056819,0.039168609894876236,-1.0,-0.06849315068493145,2025-10-27 07:00:00
2025-10-27 07:00:00,22.1,22.2,20.4,20.4,17398300,0.0,0.0,0.0,0.0,0.0,0.0,0.0,0.0,1.0,0.0,20.400000000000063,22.10000000000007,22.200000000000067,20.400000000000063,-0.07095173597228437,0.009090971701252105,-0.0800427076735365,0.08455738802806297,0.04275561902290009,-1.0,-0.05392156862745101,2025-11-03 07:00:00
2025-10-28 07:00:00,19.9,20.95,19.5,20.95,18966400,0.0,0.0,0.0,0.0,0.0,0.0,0.0,0.0,1.0,0.0,20.950000000000063,19.90000000000006,20.950000000000063,19.50000000000006,0.026603745517975938,-0.024815169119724135,0.05141891463769998,0.07172418079844559,0.041978112424646566,-1.0,-0.07875894988066834,2025-11-03 07:00:00
2025-10-29 07:00:00,21.1,21.45,21.1,21.15,7710600,0.0,0.0,0.0,0.0,0.0,0.0,0.0,0.0,1.0,0.0,21.150000000000063,21.100000000000065,21.450000000000067,21.100000000000065,0.009501259124140215,0.007134394113874111,0.0023668650102660225,0.01645160489200528,0.04015589353542934,-1.0,-0.08747044917257685,2025-11-03 07:00:00
2025-10-30 07:00:00,21.2,21.65,21.0,21.25,8212000,0.0,0.0,0.0,0.0,0.0,0.0,0.0,0.0,1.0,0.0,21.250000000000064,21.200000000000067,21.650000000000066,21.000000000000064,0.004716989878138867,0.002361276185679907,0.0023557136924589835,0.030483016725075966,0.03827211850669593,-1.0,-0.09176470588235297,2025-11-03 07:00:00
2025-10-31 07:00:00,21.25,21.25,20.55,20.6,7672100,0.0,0.0,0.0,0.0,0.0,0.0,0.0,0.0,1.0,0.0,20.600000000000062,21.25000000000006,21.25000000000006,20.55000000000006,-0.031065819574890487,-2.2204460492503136e-16,-0.03106581957489026,0.033495954428182186,0.037404248561388784,-1.0,-0.06310679611650483,2025-11-03 07:00:00
2025-11-03 07:00:00,20.55,20.75,19.3,19.3,16513300,0.0,0.0,0.0,0.0,0.0,0.0,0.0,0.0,1.0,0.0,19.300000000000058,20.55000000000006,20.75000000000006,19.300000000000058,-0.0651859798846955,-0.002430134853291782,-0.06275584503140379,0.07244115076586727,0.039895162211136585,1.0,0.06994818652849721,2025-11-04 07:00:00
2025-11-04 07:00:00,19.25,20.65,18.6,20.65,17529300,0.0,0.0,0.0,0.0,0.0,0.0,0.0,0.0,1.0,0.0,20.65000000000006,19.250000000000057,20.65000000000006,18.600000000000055,0.06761022349620172,-0.0025940351770466466,0.07020425867324835,0.10455373868788612,0.04472135980702236,-1.0,-0.04600484261501192,2025-11-07 07:00:00
2025-11-05 07:00:00,20.65,20.65,20.05,20.15,5482000,0.0,0.0,0.0,0.0,0.0,0.0,0.0,0.0,1.0,0.0,20.150000000000055,20.65000000000006,20.65000000000006,20.050000000000058,-0.02451103101434992,0.0,-0.02451103101434992,0.029486165654463485,0.04300752441901432,0.0,0.022332506203474045,2025-11-12 07:00:00
2025-11-06 07:00:00,20.2,20.55,19.75,20.3,8907900,0.0,0.0,0.0,0.0,0.0,0.0,0.0,0.0,1.0,0.0,20.30000000000006,20.200000000000056,20.55000000000006,19.750000000000057,0.0074165976550498395,0.0024783160144672216,0.004938281640582797,0.03970744959511273,0.04109233903525689,0.0,-0.014778325123152913,2025-11-13 07:00:00
2025-11-07 07:00:00,20.3,20.35,19.5,19.7,8163900,0.0,0.0,0.0,0.0,0.0,0.0,0.0,0.0,1.0,0.0,19.70000000000006,20.300000000000065,20.350000000000065,19.50000000000006,-0.03000225030379879,2.2204460492503128e-16,-0.03000225030379902,0.04266644631890294,0.03984845979862705,1.0,0.04568527918781706,2025-11-12 07:00:00
2025-11-10 07:00:00,19.6,19.95,19.05,19.65,7745700,0.0,0.0,0.0,0.0,0.0,0.0,0.0,0.0,1.0,0.0,19.65000000000006,19.600000000000062,19.95000000000006,19.05000000000006,-0.002541297428672644,-0.005089069507471181,0.0025477720787985617,0.0461620417631622,0.03792418933850168,1.0,0.04834605597964359,2025-11-12 07:00:00
2025-11-11 07:00:00,19.7,20.2,19.6,20.15,9886500,0.0,0.0,0.0,0.0,0.0,0.0,0.0,0.0,1.0,0.0,20.150000000000055,19.700000000000056,20.200000000000056,19.60000000000006,0.025126950077421426,0.0025412974286723265,0.02258565264874907,0.030153038170687242,0.03729481201066842,1.0,0.05955334987593064,2025-11-17 07:00:00
2025-11-12 07:00:00,20.25,20.85,20.05,20.6,12044100,0.0,0.0,0.0,0.0,0.0,0.0,0.0,0.0,1.0,0.0,20.60000000000006,20.250000000000053,20.85000000000006,20.050000000000054,0.022086787402843505,0.0049505051598559835,0.017136282242987456,0.03912479449223243,0.03628998143726396,1.0,0.03640776699029136,2025-11-17 07:00:00
2025-11-13 07:00:00,20.65,20.65,20.0,20.0,8758300,0.0,0.0,0.0,0.0,0.0,0.0,0.0,0.0,1.0,0.0,20.000000000000057,20.65000000000006,20.65000000000006,20.000000000000057,-0.02955880224154439,0.0024242436115064756,-0.031983045853050764,0.03198304585305074,0.03558167884465678,1.0,0.06750000000000012,2025-11-17 07:00:00
2025-11-14 07:00:00,20.1,20.6,20.0,20.45,11956700,0.0,0.0,0.0,0.0,0.0,0.0,0.0,0.0,1.0,0.0,20.450000000000056,20.10000000000006,20.600000000000062,20.000000000000057,0.022250608934819723,0.004987541511039188,0.017263067423780552,0.029558802241544644,0.03473056674044125,1.0,0.044009779951100336,2025-11-17 07:00:00
2025-11-17 07:00:00,20.6,21.65,20.6,21.35,16821600,0.0,0.0,0.0,0.0,0.0,0.0,0.0,0.0,1.0,0.0,21.350000000000062,20.600000000000062,21.650000000000063,20.600000000000062,0.043068857185822894,0.007308193306724843,0.03576066387909804,0.04971437865296333,0.03561990396252663,0.0,-0.030444964871194524,2025-11-24 07:00:00
2025-11-18 07:00:00,21.4,21.4,20.85,21.0,9901400,0.0,0.0,0.0,0.0,0.0,0.0,0.0,0.0,1.0,0.0,21.00000000000006,21.40000000000006,21.40000000000006,20.850000000000062,-0.016529301951210582,0.0023391823531720194,-0.01886848430438269,0.026036973782995184,0.034390644666451836,-1.0,-0.04523809523809508,2025-11-25 07:00:00
2025-11-19 07:00:00,21.1,21.6,20.75,21.1,14748300,0.0,0.0,0.0,0.0,0.0,0.0,0.0,0.0,1.0,0.0,21.10000000000006,21.10000000000006,21.60000000000006,20.750000000000057,0.004750602758597799,0.004750602758597799,0.0,0.040147068013411946,0.03272963620218735,-1.0,-0.04976303317535513,2025-11-25 07:00:00
2025-11-20 07:00:00,21.25,21.25,20.5,21.1,8136400,0.0,0.0,0.0,0.0,0.0,0.0,0.0,0.0,1.0,0.0,21.10000000000006,21.250000000000057,21.250000000000057,20.500000000000053,0.0,0.007083854888405042,-0.007083854888404932,0.03593200922606337,0.031135484925329904,-1.0,-0.04976303317535513,2025-11-25 07:00:00
2025-11-21 07:00:00,20.85,21.15,20.55,21.0,10267400,0.0,0.0,0.0,0.0,0.0,0.0,0.0,0.0,1.0,0.0,21.00000000000006,20.850000000000062,21.15000000000006,20.55000000000006,-0.004750602758597753,-0.0119190922372102,0.007168489478612497,0.028778964550043112,0.029673260195027598,-1.0,-0.04523809523809508,2025-11-25 07:00:00
2025-11-24 07:00:00,21.0,21.05,20.6,20.7,7233000,0.0,0.0,0.0,0.0,0.0,0.0,0.0,0.0,1.0,0.0,20.700000000000056,21.000000000000057,21.050000000000058,20.600000000000055,-0.01438873745209978,-2.2204460492503136e-16,-0.014388737452099556,0.021609484332855127,0.028593014018314274,-1.0,-0.031400966183574575,2025-11-25 07:00:00
2025-11-25 07:00:00,20.7,21.0,19.8,20.05,11951400,0.0,0.0,0.0,0.0,0.0,0.0,0.0,0.0,1.0,0.0,20.05000000000006,20.700000000000063,21.000000000000064,19.80000000000006,-0.03190454651874488,4.440892098500625e-16,-0.031904546518745226,0.058840500022933395,0.028780241218105216,1.0,0.034912718204488824,2025-11-26 07:00:00
2025-11-26 07:00:00,20.15,20.85,20.0,20.75,7851300,0.0,0.0,0.0,0.0,0.0,0.0,0.0,0.0,1.0,0.0,20.750000000000064,20.150000000000063,20.850000000000065,20.000000000000064,0.034317092924129156,0.004975134640113929,0.029341958284015375,0.04162167469081945,0.029664822033215948,-1.0,-0.03614457831325302,2025-12-02 07:00:00
2025-11-27 07:00:00,20.8,20.85,20.25,20.25,7447800,0.0,0.0,0.0,0.0,0.0,0.0,0.0,0.0,1.0,0.0,20.25000000000006,20.80000000000006,20.850000000000062,20.250000000000057,-0.02439145312415924,0.0024067400305648376,-0.026798193154724047,0.029199154692262565,0.029156457776575766,0.0,0.027160493827160348,2025-12-04 07:00:00
2025-11-28 07:00:00,20.25,20.8,20.05,20.65,8816000,0.0,0.0,0.0,0.0,0.0,0.0,0.0,0.0,1.0,0.0,20.650000000000063,20.250000000000064,20.800000000000065,20.050000000000065,0.019560525854493572,2.2204460492503128e-16,0.019560525854493572,0.036723832954693884,0.028506478691316815,-1.0,-0.03147699757869249,2025-12-02 07:00:00
2025-12-01 07:00:00,20.7,20.7,20.15,20.2,6984500,0.0,0.0,0.0,0.0,0.0,0.0,0.0,0.0,1.0,0.0,20.20000000000006,20.70000000000006,20.70000000000006,20.150000000000055,-0.022032714999882803,0.002418380864281431,-0.024451095864164194,0.026929411878631543,0.027897444896325414,1.0,0.02970297029702973,2025-12-04 07:00:00
2025-12-02 07:00:00,20.2,20.2,19.5,20.0,11349800,0.0,0.0,0.0,0.0,0.0,0.0,0.0,0.0,1.0,0.0,20.00000000000006,20.200000000000063,20.200000000000063,19.50000000000006,-0.00995033085316798,2.2204460492503128e-16,-0.009950330853168203,0.03526813883745805,0.026634982900369697,1.0,0.039999999999999813,2025-12-04 07:00:00
2025-12-03 07:00:00,20.05,20.3,19.75,20.2,6339900,0.0,0.0,0.0,0.0,0.0,0.0,0.0,0.0,1.0,0.0,20.20000000000006,20.050000000000058,20.300000000000058,19.750000000000057,0.009950330853168092,0.002496880198587146,0.007453450654580972,0.0274673947006107,0.02563568346564584,1.0,0.02970297029702973,2025-12-04 07:00:00
2025-12-04 07:00:00,20.25,20.95,20.25,20.8,12488100,0.0,0.0,0.0,0.0,0.0,0.0,0.0,0.0,1.0,0.0,20.80000000000006,20.250000000000057,20.95000000000006,20.250000000000057,0.029270382300113237,0.002472189145388851,0.026798193154724217,0.03398385281559857,0.026119504200488374,-1.0,-0.038461538461538436,2025-12-08 07:00:00
2025-12-05 07:00:00,20.8,20.8,20.4,20.55,8014600,0.0,0.0,0.0,0.0,0.0,0.0,0.0,0.0,1.0,0.0,20.55000000000006,20.80000000000006,20.80000000000006,20.40000000000006,-0.012092045765028633,0.0,-0.012092045765028633,0.01941808585710173,0.02516257060213974,-1.0,-0.02676399026763987,2025-12-08 07:00:00
2025-12-08 07:00:00,20.55,20.65,19.9,20.0,10980900,0.0,0.0,0.0,0.0,0.0,0.0,0.0,0.0,1.0,0.0,20.00000000000006,20.550000000000065,20.650000000000063,19.90000000000006,-0.027128667388252585,2.2204460492503128e-16,-0.0271286673882527,0.03699558767659505,0.025279533243517668,-1.0,-0.03000000000000036,2025-12-10 07:00:00
2025-12-09 07:00:00,20.0,20.0,19.0,19.8,14415200,0.0,0.0,0.0,0.0,0.0,0.0,0.0,0.0,1.0,0.0,19.800000000000058,20.000000000000057,20.000000000000057,19.000000000000053,-0.010050335853501562,-2.2204460492503136e-16,-0.010050335853501338,0.05129329438755048,0.02414771108159521,-1.0,-0.08838383838383845,2025-12-12 07:00:00
2025-12-10 07:00:00,19.9,19.9,19.25,19.4,5924700,0.0,0.0,0.0,0.0,0.0,0.0,0.0,0.0,1.0,0.0,19.400000000000052,19.900000000000052,19.900000000000052,19.25000000000005,-0.020408871631207352,0.00503779402995686,-0.025446665661164148,0.0332086709966536,0.023534183381319233,-1.0,-0.06958762886597925,2025-12-12 07:00:00
2025-12-11 07:00:00,19.5,19.6,19.15,19.4,5308900,0.0,0.0,0.0,0.0,0.0,0.0,0.0,0.0,1.0,0.0,19.400000000000052,19.500000000000053,19.600000000000055,19.15000000000005,0.0,0.005141399500418652,-0.005141399500418764,0.02322685060981677,0.02243623120749446,-1.0,-0.06958762886597925,2025-12-12 07:00:00
2025-12-12 07:00:00,19.4,19.45,18.05,18.05,14734100,0.0,0.0,0.0,0.0,0.0,0.0,0.0,0.0,1.0,0.0,18.05000000000005,19.400000000000052,19.450000000000053,18.05000000000005,-0.07212738129039238,0.0,-0.07212738129039238,0.0747013852855653,0.02949383481728826,-1.0,-0.033240997229917135,2025-12-15 07:00:00
2025-12-15 07:00:00,18.05,18.15,17.15,17.45,15045900,0.0,0.0,0.0,0.0,0.0,0.0,0.0,0.0,1.0,0.0,17.450000000000045,18.05000000000005,18.15000000000005,17.150000000000045,-0.033806036130454,0.0,-0.033806036130454,0.056672387098910836,0.028885020062121843,1.0,0.05730659025787954,2025-12-22 07:00:00
2025-12-16 07:00:00,17.3,18.65,16.85,17.95,15698600,0.0,0.0,0.0,0.0,0.0,0.0,0.0,0.0,1.0,0.0,17.950000000000045,17.300000000000047,18.65000000000005,16.850000000000048,0.028250466285851653,-0.008633147144702778,0.036883613430554414,0.10149548929145354,0.03017121515550439,0.0,0.005571030640668662,2025-12-23 07:00:00
2025-12-17 07:00:00,18.1,18.35,17.75,17.9,6211700,0.0,0.0,0.0,0.0,0.0,0.0,0.0,0.0,1.0,0.0,17.900000000000045,18.10000000000005,18.35000000000005,17.750000000000046,-0.0027894020875786365,0.008321823337492498,-0.011111225425071059,0.03324405857915465,0.02876345179441557,1.0,0.030726256983240274,2025-12-22 07:00:00
2025-12-18 07:00:00,17.95,18.05,17.5,17.9,5423200,0.0,0.0,0.0,0.0,0.0,0.0,0.0,0.0,1.0,0.0,17.900000000000045,17.950000000000045,18.05000000000005,17.500000000000046,0.0,0.0027894020875785922,-0.0027894020875786365,0.030944803849421706,0.02748156624360543,1.0,0.030726256983240274,2025-12-22 07:00:00
2025-12-19 07:00:00,18.0,18.2,17.65,17.95,8098700,0.0,0.0,0.0,0.0,0.0,0.0,0.0,0.0,1.0,0.0,17.950000000000045,18.00000000000005,18.20000000000005,17.650000000000045,0.0027894020875785922,0.00557104504945565,-0.0027816429618770255,0.030685810703444102,0.026333019637497127,1.0,0.027855153203342642,2025-12-22 07:00:00
2025-12-22 07:00:00,18.05,18.45,18.0,18.45,6347700,0.0,0.0,0.0,0.0,0.0,0.0,0.0,0.0,1.0,0.0,18.450000000000045,18.050000000000043,18.450000000000045,18.000000000000043,0.027474255552248337,0.005555569844601964,0.021918685707646275,0.02469261259037163,0.027087487659880997,-1.0,-0.035230352303522894,2025-12-25 07:00:00
2025-12-23 07:00:00,18.5,18.5,17.75,18.05,6686700,0.0,0.0,0.0,0.0,0.0,0.0,0.0,0.0,1.0,0.0,18.050000000000047,18.50000000000005,18.50000000000005,17.750000000000046,-0.02191868570764616,0.0027063615977430673,-0.024625047305389294,0.04138521616285449,0.026355346068618387,-1.0,-0.030470914127423754,2025-12-26 07:00:00
2025-12-24 07:00:00,18.15,18.7,18.1,18.2,10263500,0.0,0.0,0.0,0.0,0.0,0.0,0.0,0.0,1.0,0.0,18.200000000000045,18.15000000000004,18.700000000000045,18.100000000000044,0.008275909303859661,0.005524875931969586,0.0027510333718900187,0.032611585588760796,0.02539820131298367,-1.0,-0.038461538461538325,2025-12-26 07:00:00
2025-12-25 07:00:00,18.35,18.45,17.8,17.8,8928300,0.0,0.0,0.0,0.0,0.0,0.0,0.0,0.0,1.0,0.0,17.800000000000047,18.35000000000005,18.45000000000005,17.800000000000047,-0.022223136784710124,0.008207980417829802,-0.030431117202539926,0.035865913188496655,0.024776049842607815,-1.0,-0.042134831460674094,2025-12-30 07:00:00
2025-12-26 07:00:00,17.6,17.9,17.05,17.5,10865900,0.0,0.0,0.0,0.0,0.0,0.0,0.0,0.0,1.0,0.0,17.500000000000046,17.600000000000048,17.900000000000045,17.050000000000047,-0.016997576368571136,-0.011299555253933282,-0.005698021114637779,0.048650509117183265,0.02381070384245847,-1.0,-0.02571428571428558,2025-12-30 07:00:00
2025-12-29 07:00:00,17.6,17.75,17.3,17.4,6202200,0.0,0.0,0.0,0.0,0.0,0.0,0.0,0.0,1.0,0.0,17.40000000000004,17.600000000000044,17.750000000000043,17.300000000000043,-0.005730674708985318,0.005698021114637575,-0.011428695823622857,0.025679014417691447,0.02265071771193258,-1.0,-0.03735632183908033,2025-12-31 07:00:00
2025-12-30 07:00:00,17.45,17.5,17.05,17.05,8231200,0.0,0.0,0.0,0.0,0.0,0.0,0.0,0.0,1.0,0.0,17.050000000000047,17.450000000000045,17.500000000000046,17.050000000000047,-0.020320002490957154,0.0028694424279529607,-0.023189444918910212,0.02605067719994255,0.021933062000388838,0.0,-0.0029325513196483133,2026-01-08 07:00:00
2025-12-31 07:00:00,17.05,17.2,16.75,16.75,9557000,0.0,0.0,0.0,0.0,0.0,0.0,0.0,0.0,1.0,0.0,16.750000000000043,17.050000000000043,17.200000000000042,16.750000000000043,-0.017751945458450567,-2.2204460492503136e-16,-0.01775194545845034,0.026511125548331863,0.021068968130619183,1.0,0.032835820895522394,2026-01-05 07:00:00
2026-01-05 07:00:00,17.0,17.5,16.95,17.3,10998600,0.0,0.0,0.0,0.0,0.0,0.0,0.0,0.0,1.0,0.0,17.300000000000043,17.000000000000043,17.500000000000043,16.950000000000042,0.03230824323265783,0.014815085785140682,0.01749315744751712,0.03193304710300901,0.02357422853473231,-1.0,-0.07514450867052014,2026-01-09 07:00:00
2026-01-06 07:00:00,17.45,17.5,16.6,17.0,8531700,0.0,0.0,0.0,0.0,0.0,0.0,0.0,0.0,1.0,0.0,17.000000000000043,17.450000000000042,17.500000000000043,16.60000000000004,-0.01749315744751723,0.008633147144702875,-0.026126304592220036,0.05279818556697083,0.022737696135435425,-1.0,-0.05882352941176461,2026-01-09 07:00:00
2026-01-07 07:00:00,17.1,17.25,16.85,17.15,6508700,0.0,0.0,0.0,0.0,0.0,0.0,0.0,0.0,1.0,0.0,17.150000000000045,17.100000000000048,17.250000000000046,16.850000000000048,0.00878482955573303,0.005865119452398279,0.0029197101033346246,0.023461486678997966,0.02209233926617974,-1.0,-0.06705539358600576,2026-01-09 07:00:00
2026-01-08 07:00:00,17.15,17.5,16.8,17.0,16548000,0.0,0.0,0.0,0.0,0.0,0.0,0.0,0.0,1.0,0.0,17.000000000000043,17.15000000000004,17.500000000000043,16.800000000000043,-0.008784829555732915,-2.2204460492503136e-16,-0.008784829555732692,0.040821994520254985,0.02104906064006559,-1.0,-0.05882352941176461,2026-01-09 07:00:00
2026-01-09 07:00:00,16.95,17.0,15.85,16.0,30057000,0.0,0.0,0.0,0.0,0.0,0.0,0.0,0.0,1.0,0.0,16.000000000000043,16.950000000000045,17.000000000000046,15.850000000000042,-0.060624621816434736,-0.0029455102297566917,-0.057679111586678045,0.07004384373292645,0.02607931241826615,1.0,0.03750000000000009,2026-01-12 07:00:00
2026-01-12 07:00:00,16.0,16.85,15.6,16.6,17134500,0.0,0.0,0.0,0.0,0.0,0.0,0.0,0.0,1.0,0.0,16.600000000000044,16.000000000000043,16.850000000000048,15.60000000000004,0.0368139731227164,0.0,0.0368139731227164,0.07707974254287951,0.02859600156916431,0.0,-0.021084337349397853,2026-01-19 07:00:00
2026-01-13 07:00:00,16.95,17.05,16.5,16.75,17243400,0.0,0.0,0.0,0.0,0.0,0.0,0.0,0.0,1.0,0.0,16.750000000000043,16.950000000000042,17.050000000000043,16.50000000000004,0.008995562908577783,0.02086513846396154,-0.011869575555383769,0.03278982282299097,0.027568802520755026,-1.0,-0.03582089552238832,2026-01-16 07:00:00
2026-01-14 07:00:00,16.75,17.0,16.3,16.7,15200400,0.0,0.0,0.0,0.0,0.0,0.0,0.0,0.0,1.0,0.0,16.700000000000042,16.750000000000043,17.000000000000043,16.30000000000004,-0.0029895388483660483,0.0,-0.0029895388483660483,0.042048236243499404,0.026227117945353776,-1.0,-0.03293413173652715,2026-01-16 07:00:00
2026-01-15 07:00:00,16.45,17.0,16.3,16.5,13607500,0.0,0.0,0.0,0.0,0.0,0.0,0.0,0.0,1.0,0.0,16.500000000000043,16.450000000000042,17.000000000000046,16.300000000000043,-0.012048338516174368,-0.015083242211328476,0.003034903695154111,0.042048236243499404,0.025054248666550063,-1.0,-0.027272727272727337,2026-01-20 07:00:00
2026-01-16 07:00:00,16.6,16.65,16.1,16.15,12654800,0.0,0.0,0.0,0.0,0.0,0.0,0.0,0.0,1.0,0.0,16.150000000000038,16.60000000000004,16.650000000000038,16.10000000000004,-0.021440331237869634,0.0060423144559624406,-0.02748264569383212,0.033590944436035206,0.024334742098724004,-1.0,-0.03715170278637758,2026-01-21 07:00:00
2026-01-19 07:00:00,16.15,16.5,16.1,16.25,5961900,0.0,0.0,0.0,0.0,0.0,0.0,0.0,0.0,1.0,0.0,16.25000000000004,16.150000000000038,16.50000000000004,16.10000000000004,0.006172859107081016,0.0,0.006172859107081016,0.024541108916117445,0.023466780579730784,-1.0,-0.04307692307692301,2026-01-21 07:00:00
2026-01-20 07:00:00,16.25,16.4,15.9,16.05,9453700,0.0,0.0,0.0,0.0,0.0,0.0,0.0,0.0,1.0,0.0,16.05000000000004,16.25000000000004,16.400000000000038,15.90000000000004,-0.012384059199721555,0.0,-0.012384059199721555,0.030962225603966675,0.022419495823235026,-1.0,-0.031152647975077885,2026-01-21 07:00:00
2026-01-21 07:00:00,16.05,16.2,15.35,15.55,15787100,0.0,0.0,0.0,0.0,0.0,0.0,0.0,0.0,1.0,0.0,15.550000000000038,16.05000000000004,16.20000000000004,15.350000000000037,-0.031648210950781734,0.0,-0.031648210950781734,0.053895768205132255,0.022671941291144932,1.0,0.067524115755627,2026-01-22 07:00:00
2026-01-22 07:00:00,15.7,16.6,15.5,16.6,23064500,0.0,0.0,0.0,0.0,0.0,0.0,0.0,0.0,1.0,0.0,16.60000000000004,15.700000000000038,16.60000000000004,15.500000000000037,0.0653420567372544,0.009600073729019137,0.055741983008235164,0.06856267143729668,0.030983017045174515,-1.0,-0.063253012048193,2026-01-26 07:00:00
2026-01-23 07:00:00,16.6,16.6,16.05,16.1,7287100,0.0,0.0,0.0,0.0,0.0,0.0,0.0,0.0,1.0,0.0,16.100000000000037,16.600000000000037,16.600000000000037,16.050000000000036,-0.030583423372080393,-2.2204460492503136e-16,-0.030583423372080164,0.033693845786472575,0.03074580976104489,-1.0,-0.034161490683229934,2026-01-26 07:00:00
2026-01-26 07:00:00,16.2,16.3,15.35,15.55,10352300,0.0,0.0,0.0,0.0,0.0,0.0,0.0,0.0,1.0,0.0,15.550000000000034,16.200000000000035,16.300000000000036,15.350000000000033,-0.0347586333651743,0.00619197024792098,-0.0409506036130952,0.06004963377951052,0.030653668523206144,1.0,0.04180064308681675,2026-01-30 07:00:00
2026-01-27 07:00:00,15.6,15.85,15.4,15.6,6371600,0.0,0.0,0.0,0.0,0.0,0.0,0.0,0.0,1.0,0.0,15.600000000000035,15.600000000000033,15.850000000000035,15.400000000000034,0.0032102756302481894,0.0032102756302481894,2.2204460492503128e-16,0.028801990903706182,0.02932438349114743,1.0,0.038461538461538325,2026-01-30 07:00:00
2026-01-28 07:00:00,15.65,16.2,15.1,15.95,11728700,0.0,0.0,0.0,0.0,0.0,0.0,0.0,0.0,1.0,0.0,15.950000000000035,15.650000000000036,16.200000000000035,15.100000000000033,0.022187914975362138,0.0032000027306708497,0.018987912244691162,0.07031649841745968,0.02917181289250197,0.0,0.021943573667711602,2026-02-04 07:00:00
2026-01-29 07:00:00,16.1,16.2,15.85,16.0,3284600,0.0,0.0,0.0,0.0,0.0,0.0,0.0,0.0,1.0,0.0,16.000000000000036,16.100000000000037,16.200000000000035,15.850000000000035,0.003129893008927787,0.009360442759563893,-0.0062305497506361975,0.021841741915048635,0.02781913365789098,0.0,-0.006249999999999978,2026-02-05 07:00:00
2026-01-30 07:00:00,16.15,16.5,15.95,16.2,13135200,0.0,0.0,0.0,0.0,0.0,0.0,0.0,0.0,1.0,0.0,16.200000000000035,16.150000000000034,16.500000000000036,15.950000000000035,0.01242251999855711,0.009331327428884222,0.0030911925696728796,0.033901551675681416,0.026857844306238325,-1.0,-0.05555555555555536,2026-02-06 07:00:00
2026-02-02 07:00:00,16.4,16.4,15.9,16.2,7595100,0.0,0.0,0.0,0.0,0.0,0.0,0.0,0.0,1.0,0.0,16.200000000000035,16.400000000000034,16.400000000000034,15.900000000000036,0.0,0.012270092591814183,-0.012270092591814247,0.030962225603966675,0.02555034357060256,-1.0,-0.05555555555555536,2026-02-06 07:00:00
2026-02-03 07:00:00,16.3,16.5,16.1,16.3,7661400,0.0,0.0,0.0,0.0,0.0,0.0,0.0,0.0,1.0,0.0,16.300000000000036,16.300000000000036,16.500000000000036,16.100000000000037,0.006153865574378286,0.006153865574378286,0.0,0.024541108916117445,0.024405553811878616,-1.0,-0.024539877300613466,2026-02-05 07:00:00
2026-02-04 07:00:00,16.3,16.45,16.05,16.3,10014300,0.0,0.0,0.0,0.0,0.0,0.0,0.0,0.0,1.0,0.0,16.300000000000036,16.300000000000036,16.450000000000035,16.050000000000036,0.0,0.0,0.0,0.02461662763535581,0.023214909851035647,-1.0,-0.024539877300613466,2026-02-05 07:00:00
2026-02-05 07:00:00,16.35,16.5,15.9,15.9,9650000,0.0,0.0,0.0,0.0,0.0,0.0,0.0,0.0,1.0,0.0,15.900000000000036,16.350000000000037,16.500000000000036,15.900000000000036,-0.024845998586530776,0.003062789530545731,-0.027908788117076616,0.037041271680349076,0.023267259625807765,-1.0,-0.037735849056603654,2026-02-06 07:00:00
2026-02-06 07:00:00,15.6,15.75,15.3,15.3,12010500,0.0,0.0,0.0,0.0,0.0,0.0,0.0,0.0,1.0,0.0,15.300000000000036,15.600000000000033,15.750000000000036,15.300000000000034,-0.03846628082779594,-0.019048194970694588,-0.019418085857101402,0.028987536873252187,0.024598072400095906,1.0,0.0555555555555558,2026-02-11 07:00:00
2026-02-09 07:00:00,15.5,15.6,15.2,15.5,7976400,0.0,0.0,0.0,0.0,0.0,0.0,0.0,0.0,1.0,0.0,15.500000000000037,15.500000000000037,15.600000000000037,15.200000000000037,0.012987195526811112,0.012987195526811112,0.0,0.02597548640326052,0.024101471903779068,1.0,0.041935483870967794,2026-02-11 07:00:00
2026-02-10 07:00:00,15.55,15.6,15.3,15.35,3885200,0.0,0.0,0.0,0.0,0.0,0.0,0.0,0.0,1.0,0.0,15.350000000000037,15.550000000000038,15.600000000000037,15.300000000000038,-0.009724549891994744,0.003220614700042157,-0.012945164592036963,0.019418085857101516,0.022981397401417417,1.0,0.052117263843648454,2026-02-11 07:00:00
2026-02-11 07:00:00,15.4,16.4,15.4,16.15,14805700,0.0,0.0,0.0,0.0,0.0,0.0,0.0,0.0,1.0,0.0,16.15000000000004,15.400000000000041,16.40000000000004,15.400000000000041,0.05080457563545962,0.003252035386377537,0.04755254024908185,0.06291382541056918,0.027554204293146922,-1.0,-0.03405572755417974,2026-02-24 07:00:00
2026-02-12 07:00:00,16.15,16.2,15.75,15.8,6036000,0.0,0.0,0.0,0.0,0.0,0.0,0.0,0.0,1.0,0.0,15.80000000000004,16.150000000000038,16.20000000000004,15.750000000000039,-0.021910109635744458,-2.2204460492503136e-16,-0.02191010963574423,0.028170876966696224,0.0270576480017615,-1.0,-0.028481012658228,2026-02-25 07:00:00
2026-02-13 07:00:00,15.8,15.95,15.55,15.85,10646700,0.0,0.0,0.0,0.0,0.0,0.0,0.0,0.0,1.0,0.0,15.85000000000004,15.800000000000043,15.950000000000042,15.550000000000042,0.003159560290368518,2.2204460492503128e-16,0.0031595602903682967,0.025398190605610403,0.02577879367683625,-1.0,-0.03154574132492127,2026-02-25 07:00:00
2026-02-23 07:00:00,15.95,16.05,15.7,16.0,5777200,0.0,0.0,0.0,0.0,0.0,0.0,0.0,0.0,1.0,0.0,16.00000000000004,15.950000000000038,16.05000000000004,15.700000000000038,0.009419221916491558,0.006289328907563697,0.003129893008927787,0.0220481372217626,0.024730194756739054,-1.0,-0.025000000000000022,2026-02-24 07:00:00
2026-02-24 07:00:00,15.95,16.1,15.55,15.6,14427900,0.0,0.0,0.0,0.0,0.0,0.0,0.0,0.0,1.0,0.0,15.600000000000037,15.950000000000038,16.10000000000004,15.550000000000038,-0.025317807984289897,-0.0031298930089277044,-0.022187914975362218,0.034758633365174256,0.0247063541769067,-1.0,-0.04166666666666674,2026-02-27 07:00:00
2026-02-25 07:00:00,15.7,15.75,15.35,15.35,12231800,0.0,0.0,0.0,0.0,0.0,0.0,0.0,0.0,1.0,0.0,15.350000000000037,15.700000000000038,15.750000000000039,15.350000000000037,-0.016155440222285145,0.006389798098770988,-0.022545238321056208,0.02572489123843592,0.023851189168389655,-1.0,-0.026058631921824227,2026-02-27 07:00:00
2026-02-26 07:00:00,15.45,15.55,15.2,15.35,9065300,0.0,0.0,0.0,0.0,0.0,0.0,0.0,0.0,1.0,0.0,15.350000000000037,15.450000000000037,15.550000000000038,15.200000000000037,0.0,0.0064935293105483115,-0.006493529310548231,0.022765210773012426,0.022717581495994354,-1.0,-0.026058631921824227,2026-02-27 07:00:00
2026-02-27 07:00:00,15.35,15.4,14.95,14.95,15970800,0.0,0.0,0.0,0.0,0.0,0.0,0.0,0.0,1.0,0.0,14.950000000000035,15.350000000000037,15.400000000000038,14.950000000000037,-0.026404174196510852,0.0,-0.026404174196510852,0.029656209582888022,0.02267940807456068,-1.0,-0.0635451505016722,2026-03-02 07:00:00
2026-03-02 07:00:00,14.1,14.6,13.95,14.0,20783700,0.0,0.0,0.0,0.0,0.0,0.0,0.0,0.0,1.0,0.0,14.000000000000034,14.100000000000033,14.600000000000035,13.950000000000033,-0.06565397022143678,-0.058536502452572796,-0.0071174677688639896,0.04554202044691622,0.028128489802808267,-1.0,-0.03214285714285725,2026-03-06 07:00:00
2026-03-03 07:00:00,14.0,14.35,13.95,14.05,18009200,0.0,0.0,0.0,0.0,0.0,0.0,0.0,0.0,1.0,0.0,14.050000000000033,14.000000000000032,14.350000000000032,13.95000000000003,0.0035650661644961446,-1.1102230246251565e-16,0.0035650661644961446,0.028270433938255526,0.027133758538580757,-1.0,-0.03558718861209964,2026-03-06 07:00:00
2026-03-04 07:00:00,14.05,14.25,13.25,14.05,13361000,0.0,0.0,0.0,0.0,0.0,0.0,0.0,0.0,1.0,0.0,14.050000000000033,14.050000000000033,14.250000000000032,13.25000000000003,0.0,0.0,0.0,0.0727593542824283,0.02598439892612585,-1.0,-0.03558718861209964,2026-03-06 07:00:00
2026-03-05 07:00:00,14.25,14.35,13.75,13.75,12327500,0.0,0.0,0.0,0.0,0.0,0.0,0.0,0.0,1.0,0.0,13.750000000000032,14.250000000000032,14.350000000000032,13.75000000000003,-0.021583571667174516,0.014134510934904716,-0.035718082602079114,0.04271111809304987,0.025002875258168345,-1.0,-0.07999999999999996,2026-03-09 07:00:00
2026-03-06 07:00:00,13.95,14.0,13.5,13.55,7937500,0.0,0.0,0.0,0.0,0.0,0.0,0.0,0.0,1.0,0.0,13.550000000000031,13.95000000000003,14.000000000000032,13.50000000000003,-0.014652276786870488,0.01444068415479421,-0.02909296094166455,0.03636764417087479,0.023819578372644763,-1.0,-0.06642066420664194,2026-03-09 07:00:00
2026-03-09 07:00:00,12.65,12.95,12.65,12.65,9282100,0.0,0.0,0.0,0.0,0.0,0.0,0.0,0.0,1.0,0.0,12.65000000000003,12.65000000000003,12.950000000000031,12.65000000000003,-0.06872933215218054,-0.06872933215218054,0.0,0.023438572972017596,0.028621527871662163,1.0,0.05533596837944654,2026-03-11 07:00:00
2026-03-10 07:00:00,12.45,12.95,12.35,12.6,27165600,0.0,0.0,0.0,0.0,0.0,0.0,0.0,0.0,1.0,0.0,12.60000000000003,12.45000000000003,12.950000000000031,12.35000000000003,-0.003960401216097017,-0.01593659226281264,0.01197619104671562,0.047439725071560565,0.027472536167566886,1.0,0.05952380952380931,2026-03-11 07:00:00
2026-03-11 07:00:00,12.65,13.45,12.65,13.35,13446400,0.0,0.0,0.0,0.0,0.0,0.0,0.0,0.0,1.0,0.0,13.35000000000003,12.650000000000029,13.45000000000003,12.650000000000029,0.05781957088882602,0.003960401216096914,0.053859169672729204,0.06132189087431874,0.03411991113555069,0.0,0.0074906367041198685,2026-03-18 07:00:00
2026-03-12 07:00:00,13.3,13.55,13.0,13.45,12249600,0.0,0.0,0.0,0.0,0.0,0.0,0.0,0.0,1.0,0.0,13.450000000000031,13.300000000000033,13.550000000000034,13.000000000000032,0.007462721201589594,-0.0037523496185502413,0.011215070820140003,0.04143718986417324,0.03279068997275943,0.0,0.011152416356877026,2026-03-19 07:00:00
2026-03-13 07:00:00,13.35,13.9,13.25,13.55,13098000,0.0,0.0,0.0,0.0,0.0,0.0,0.0,0.0,1.0,0.0,13.550000000000031,13.35000000000003,13.90000000000003,13.25000000000003,0.007407441277861818,-0.007462721201589712,0.014870162479451407,0.04789128770441485,0.03147444893104269,0.0,-0.01476014760147637,2026-03-20 07:00:00
2026-03-16 07:00:00,13.7,14.0,13.6,13.7,10052000,0.0,0.0,0.0,0.0,0.0,0.0,0.0,0.0,1.0,0.0,13.70000000000003,13.70000000000003,14.000000000000032,13.60000000000003,0.011009285508369175,0.011009285508369175,0.0,0.028987536873252406,0.030337081353925103,-1.0,-0.06569343065693445,2026-03-23 07:00:00
2026-03-17 07:00:00,13.85,13.85,13.45,13.45,7124000,0.0,0.0,0.0,0.0,0.0,0.0,0.0,0.0,1.0,0.0,13.45000000000003,13.85000000000003,13.85000000000003,13.45000000000003,-0.01841672678623104,0.010889399799268317,-0.02930612658549936,0.029306126585499272,0.02919373444680956,-1.0,-0.04832713754646856,2026-03-23 07:00:00
2026-03-18 07:00:00,13.45,13.55,13.1,13.45,7578400,0.0,0.0,0.0,0.0,0.0,0.0,0.0,0.0,1.0,0.0,13.45000000000003,13.45000000000003,13.550000000000031,13.100000000000028,0.0,0.0,0.0,0.03377431711860426,0.02781157986313106,-1.0,-0.04832713754646856,2026-03-23 07:00:00
2026-03-19 07:00:00,13.25,13.9,13.2,13.6,9710200,0.0,0.0,0.0,0.0,0.0,0.0,0.0,0.0,1.0,0.0,13.600000000000028,13.250000000000027,13.900000000000029,13.200000000000026,0.011090686694158138,-0.014981553615617059,0.026072240309775105,0.05167201054432107,0.026874615619874524,-1.0,-0.05882352941176472,2026-03-23 07:00:00
2026-03-20 07:00:00,13.55,13.8,13.35,13.35,7088400,0.0,0.0,0.0,0.0,0.0,0.0,0.0,0.0,1.0,0.0,13.350000000000026,13.550000000000027,13.80000000000003,13.350000000000026,-0.018553407895747834,-0.0036832454162965163,-0.014870162479451393,0.03315220731690055,0.025981142660031417,-1.0,-0.041198501872659166,2026-03-23 07:00:00
2026-03-23 07:00:00,13.3,13.4,12.7,12.8,14134100,0.0,0.0,0.0,0.0,0.0,0.0,0.0,0.0,1.0,0.0,12.800000000000026,13.300000000000027,13.400000000000027,12.700000000000024,-0.042071213920687044,-0.0037523496185503527,-0.03831886430213666,0.05365271349232022,0.02716723496640993,1.0,0.0546875,2026-03-24 07:00:00
2026-03-24 07:00:00,13.25,13.65,13.0,13.5,8186500,0.0,0.0,0.0,0.0,0.0,0.0,0.0,0.0,1.0,0.0,13.500000000000027,13.250000000000027,13.650000000000027,13.000000000000027,0.053244514518812285,0.034552381506659735,0.018692133012152546,0.048790164169431834,0.03177898044919655,1.0,0.07037037037037064,2026-03-27 07:00:00
2026-03-25 07:00:00,13.7,14.0,13.5,13.8,11696900,0.0,0.0,0.0,0.0,0.0,0.0,0.0,0.0,1.0,0.0,13.800000000000031,13.70000000000003,14.000000000000032,13.50000000000003,0.0219789067187756,0.014706147389695707,0.007272759329079878,0.03636764417087479,0.031101304139590825,1.0,0.047101449275362306,2026-03-27 07:00:00
2026-03-26 07:00:00,13.85,14.0,13.5,13.55,8624500,0.0,0.0,0.0,0.0,0.0,0.0,0.0,0.0,1.0,0.0,13.55000000000003,13.850000000000028,14.000000000000028,13.500000000000027,-0.018282044837449184,0.0036166404701882936,-0.02189868530763746,0.036367644170875006,0.03009077869121962,1.0,0.06642066420664205,2026-03-27 07:00:00
2026-03-27 07:00:00,13.6,14.45,13.6,14.45,24713800,0.0,0.0,0.0,0.0,0.0,0.0,0.0,0.0,1.0,0.0,14.450000000000031,13.60000000000003,14.450000000000031,13.60000000000003,0.06430786723273126,0.003683245416296368,0.06062462181643484,0.06062462181643484,0.03485692883607227,0.0,-0.02076124567474036,2026-04-03 07:00:00
2026-03-30 07:00:00,14.1,14.6,14.05,14.2,13413500,0.0,0.0,0.0,0.0,0.0,0.0,0.0,0.0,1.0,0.0,14.20000000000003,14.100000000000032,14.600000000000032,14.050000000000033,-0.017452449951226166,-0.024519617174318498,0.007067167223092353,0.03839913293453576,0.03381078135612168,-1.0,-0.042253521126760396,2026-04-06 07:00:00
2026-03-31 07:00:00,14.3,14.5,14.1,14.25,11416400,0.0,0.0,0.0,0.0,0.0,0.0,0.0,0.0,1.0,0.0,14.250000000000032,14.300000000000033,14.500000000000032,14.100000000000032,0.003514942107444592,0.007017572658646761,-0.003502630551202112,0.027973852042406162,0.03216207528495848,-1.0,-0.04561403508771933,2026-04-06 07:00:00
2026-04-01 07:00:00,14.5,14.65,14.25,14.3,12468600,0.0,0.0,0.0,0.0,0.0,0.0,0.0,0.0,1.0,0.0,14.300000000000033,14.500000000000032,14.650000000000032,14.250000000000032,0.0035026305512020745,0.01739174271186924,-0.013889112160667037,0.027683428748416648,0.030593583850717764,-1.0,-0.04895104895104907,2026-04-06 07:00:00
2026-04-02 07:00:00,14.25,14.35,13.95,14.25,8485800,0.0,0.0,0.0,0.0,0.0,0.0,0.0,0.0,1.0,0.0,14.250000000000032,14.250000000000032,14.350000000000032,13.95000000000003,-0.003502630551202112,-0.003502630551202112,0.0,0.028270433938255526,0.02915904367470953,-1.0,-0.04561403508771933,2026-04-06 07:00:00
2026-04-03 07:00:00,14.25,14.4,14.1,14.15,12857300,0.0,0.0,0.0,0.0,0.0,0.0,0.0,0.0,1.0,0.0,14.150000000000032,14.250000000000032,14.400000000000032,14.100000000000032,-0.007042282625412811,0.0,-0.007042282625412811,0.021053409197832263,0.027870773296014915,-1.0,-0.03886925795053009,2026-04-06 07:00:00
2026-04-06 07:00:00,14.1,14.35,13.55,13.6,9972700,0.0,0.0,0.0,0.0,0.0,0.0,0.0,0.0,1.0,0.0,13.60000000000003,14.100000000000032,14.350000000000032,13.550000000000031,-0.03964483134724036,-0.0035398267051240623,-0.03610500464211632,0.05736339487992008,0.029223878453183947,1.0,0.0625,2026-04-08 07:00:00
2026-04-07 07:00:00,13.65,13.8,13.4,13.6,10008600,0.0,0.0,0.0,0.0,0.0,0.0,0.0,0.0,1.0,0.0,13.60000000000003,13.65000000000003,13.800000000000031,13.40000000000003,0.0,0.0036697288889624017,-0.003669728888962513,0.02941388520629319,0.027809348057781347,1.0,0.0625,2026-04-08 07:00:00
2026-04-08 07:00:00,14.05,14.5,14.05,14.45,17760200,0.0,0.0,0.0,0.0,0.0,0.0,0.0,0.0,1.0,0.0,14.450000000000031,14.050000000000033,14.500000000000032,14.050000000000033,0.06062462181643484,0.03255260303774855,0.028072018778686307,0.031526253646773736,0.03256505334068923,0.0,0.01384083044982698,2026-04-15 07:00:00
2026-04-09 07:00:00,14.4,15.15,14.25,14.55,16838800,0.0,0.0,0.0,0.0,0.0,0.0,0.0,0.0,1.0,0.0,14.550000000000033,14.400000000000032,15.150000000000034,14.250000000000032,0.006896579059060459,-0.0034662079764861725,0.010362787035546658,0.061243625240718594,0.030991808279535595,0.0,-1.1102230246251565e-16,2026-04-16 07:00:00
2026-04-10 07:00:00,14.8,15.0,14.55,14.55,7862600,0.0,0.0,0.0,0.0,0.0,0.0,0.0,0.0,1.0,0.0,14.550000000000033,14.800000000000034,15.000000000000034,14.550000000000033,0.0,0.01703618715256802,-0.017036187152567966,0.030459207484708654,0.029502248825926437,0.0,-0.013745704467354125,2026-04-17 07:00:00
2026-04-13 07:00:00,14.45,15.1,14.35,14.65,14085800,0.0,0.0,0.0,0.0,0.0,0.0,0.0,0.0,1.0,0.0,14.650000000000034,14.450000000000031,15.100000000000033,14.350000000000032,0.006849341845574768,-0.0068965790590604405,0.013745920904635354,0.050944801615248544,0.028080240158569948,0.0,-0.020477815699658897,2026-04-20 07:00:00
2026-04-14 07:00:00,14.9,14.95,14.55,14.75,6880300,0.0,0.0,0.0,0.0,0.0,0.0,0.0,0.0,1.0,0.0,14.750000000000032,14.900000000000034,14.950000000000033,14.550000000000033,0.0068027473227524,0.016920877488337177,-0.010118130165584778,0.02712030621919382,0.026724646954248317,-1.0,-0.027118644067796738,2026-04-17 07:00:00
2026-04-15 07:00:00,14.75,15.0,14.65,14.65,12867500,0.0,0.0,0.0,0.0,0.0,0.0,0.0,0.0,1.0,0.0,14.650000000000032,14.750000000000032,15.000000000000034,14.650000000000032,-0.006802747322752523,0.0,-0.006802747322752523,0.023609865639133885,0.02563187679919621,-1.0,-0.03412969283276468,2026-04-21 07:00:00
2026-04-16 07:00:00,14.7,14.7,14.3,14.55,8068000,0.0,0.0,0.0,0.0,0.0,0.0,0.0,0.0,1.0,0.0,14.550000000000031,14.70000000000003,14.70000000000003,14.30000000000003,-0.006849341845574895,0.0034071583216141346,-0.010256500167188997,0.027587956518828963,0.024563219854538507,-1.0,-0.027491408934708028,2026-04-21 07:00:00
2026-04-17 07:00:00,14.65,14.7,14.3,14.35,6684400,0.0,0.0,0.0,0.0,0.0,0.0,0.0,0.0,1.0,0.0,14.35000000000003,14.650000000000029,14.70000000000003,14.30000000000003,-0.013841051411871468,0.006849341845574548,-0.020690393257446055,0.027587956518828963,0.02385412289521894,0.0,-0.0034843205574910385,2026-04-24 07:00:00
2026-04-20 07:00:00,14.35,14.6,14.3,14.35,5230400,0.0,0.0,0.0,0.0,0.0,0.0,0.0,0.0,1.0,0.0,14.35000000000003,14.350000000000028,14.600000000000028,14.30000000000003,0.0,-1.1102230246251565e-16,2.2204460492503128e-16,0.020761991448429006,0.02269053295547247,0.0,-0.017421602787456303,2026-04-28 07:00:00
2026-04-21 07:00:00,14.4,14.6,14.15,14.15,9680000,0.0,0.0,0.0,0.0,0.0,0.0,0.0,0.0,1.0,0.0,14.150000000000029,14.400000000000029,14.600000000000028,14.150000000000029,-0.01403531811638348,0.0034782643763247925,-0.017513582492708242,0.03130690462504391,0.02202541689944387,1.0,0.03886925795053031,2026-04-29 07:00:00
2026-04-22 07:00:00,14.25,14.4,14.1,14.15,4446400,0.0,0.0,0.0,0.0,0.0,0.0,0.0,0.0,1.0,0.0,14.150000000000029,14.250000000000028,14.400000000000029,14.100000000000028,0.0,0.007042282625412951,-0.007042282625412811,0.021053409197832263,0.02095187732444908,1.0,0.03886925795053031,2026-04-29 07:00:00
2026-04-23 07:00:00,14.2,14.4,13.85,14.05,11906200,0.0,0.0,0.0,0.0,0.0,0.0,0.0,0.0,1.0,0.0,14.050000000000031,14.200000000000031,14.400000000000032,13.85000000000003,-0.0070922283094916865,0.003527340517968662,-0.010619568827460261,0.038942973948607545,0.020020251758490575,1.0,0.0462633451957295,2026-04-29 07:00:00
2026-04-24 07:00:00,14.05,14.4,13.95,14.3,6594800,0.0,0.0,0.0,0.0,0.0,0.0,0.0,0.0,1.0,0.0,14.300000000000033,14.050000000000033,14.400000000000032,13.95000000000003,0.017637141486106876,2.2204460492503128e-16,0.017637141486106876,0.031748698314580485,0.01988422032613081,1.0,0.027972027972027913,2026-04-29 07:00:00
2026-04-28 07:00:00,14.3,14.5,14.1,14.1,5558400,0.0,0.0,0.0,0.0,0.0,0.0,0.0,0.0,1.0,0.0,14.100000000000032,14.300000000000033,14.500000000000032,14.100000000000032,-0.014084739881739085,0.0,-0.014084739881739085,0.027973852042406162,0.01941338414073672,1.0,0.042553191489361764,2026-04-29 07:00:00
2026-04-29 07:00:00,14.1,14.9,14.1,14.7,15546200,0.0,0.0,0.0,0.0,0.0,0.0,0.0,0.0,1.0,0.0,14.700000000000033,14.100000000000032,14.900000000000034,14.100000000000032,0.04167269640056808,0.0,0.04167269640056808,0.05518641556729094,0.022487065308450734,-1.0,-0.027210884353741305,2026-05-05 07:00:00
2026-05-04 07:00:00,14.8,15.1,14.6,14.65,10535100,0.0,0.0,0.0,0.0,0.0,0.0,0.0,0.0,1.0,0.0,14.650000000000036,14.800000000000036,15.100000000000037,14.600000000000035,-0.003407158321614086,0.006779686985378989,-0.010186845306993018,0.03367321510658802,0.021479627365875897,-1.0,-0.023890784982935176,2026-05-05 07:00:00
2026-05-05 07:00:00,14.6,14.7,14.15,14.3,8762200,0.0,0.0,0.0,0.0,0.0,0.0,0.0,0.0,1.0,0.0,14.300000000000034,14.600000000000035,14.700000000000035,14.150000000000034,-0.02418079819721474,-0.003418806748785609,-0.020761991448429128,0.038132869695444035,0.021954441670450055,1.0,0.03146853146853146,2026-05-06 07:00:00
2026-05-06 07:00:00,14.55,14.9,14.45,14.75,10481200,0.0,0.0,0.0,0.0,0.0,0.0,0.0,0.0,1.0,0.0,14.750000000000036,14.550000000000036,14.900000000000036,14.450000000000035,0.030983545519967227,0.01733145635163994,0.013652089168327263,0.030666798392972323,0.022877974757892727,0.0,-0.006779661016949046,2026-05-13 07:00:00
2026-05-07 07:00:00,14.85,15.0,14.5,14.5,8825100,0.0,0.0,0.0,0.0,0.0,0.0,0.0,0.0,1.0,0.0,14.500000000000037,14.850000000000039,15.000000000000039,14.500000000000039,-0.017094433359299954,0.006756782462879907,-0.02385121582217991,0.0339015516756812,0.02258011774739755,1.0,0.024137931034482696,2026-05-14 07:00:00
2026-05-08 07:00:00,14.55,14.6,14.35,14.45,8140500,0.0,0.0,0.0,0.0,0.0,0.0,0.0,0.0,1.0,0.0,14.450000000000037,14.55000000000004,14.600000000000039,14.350000000000039,-0.0034542348680875576,0.0034423441909729197,-0.006896579059060552,0.017271586508660498,0.021519968328493094,1.0,0.02768166089965396,2026-05-14 07:00:00
2026-05-11 07:00:00,14.55,14.75,14.3,14.45,10269200,0.0,0.0,0.0,0.0,0.0,0.0,0.0,0.0,1.0,0.0,14.450000000000037,14.55000000000004,14.750000000000039,14.300000000000038,0.0,0.006896579059060459,-0.006896579059060552,0.030983545519967227,0.020470324664732153,1.0,0.02768166089965396,2026-05-14 07:00:00
2026-05-12 07:00:00,14.45,14.95,14.45,14.65,14794700,0.0,0.0,0.0,0.0,0.0,0.0,0.0,0.0,1.0,0.0,14.650000000000038,14.450000000000035,14.950000000000037,14.450000000000035,0.013745920904635136,-1.1102230246251565e-16,0.013745920904635354,0.03401688527825435,0.019873990716359136,1.0,0.020477815699658786,2026-05-15 07:00:00
2026-05-13 07:00:00,14.65,14.8,14.5,14.65,5426900,0.0,0.0,0.0,0.0,0.0,0.0,0.0,0.0,1.0,0.0,14.650000000000038,14.650000000000036,14.800000000000036,14.500000000000036,0.0,-1.1102230246251565e-16,2.2204460492503128e-16,0.0204785313435407,0.018911586628855028,1.0,0.020477815699658786,2026-05-15 07:00:00
2026-05-14 07:00:00,14.8,15.2,14.7,14.85,12869700,0.0,0.0,0.0,0.0,0.0,0.0,0.0,0.0,1.0,0.0,14.850000000000039,14.80000000000004,15.20000000000004,14.700000000000038,0.013559529785632294,0.010186845306993217,0.003372684478639156,0.033447934067540125,0.018344623707787045,-1.0,-0.06734006734006726,2026-05-20 07:00:00
2026-05-15 07:00:00,14.9,15.05,14.75,14.95,8152500,0.0,0.0,0.0,0.0,0.0,0.0,0.0,0.0,1.0,0.0,14.950000000000038,14.90000000000004,15.050000000000042,14.750000000000039,0.006711434587986778,0.0033613477027049274,0.0033500868852818057,0.020134908409056025,0.017489887706365396,-1.0,-0.0200668896321069,2026-05-19 07:00:00
2026-05-18 07:00:00,14.9,14.9,14.55,14.85,8178600,0.0,0.0,0.0,0.0,0.0,0.0,0.0,0.0,1.0,0.0,14.850000000000039,14.90000000000004,14.90000000000004,14.55000000000004,-0.006711434587986804,-0.003350086885281863,-0.003361347702704883,0.02377021933391185,0.016898187060724455,-1.0,-0.06734006734006726,2026-05-20 07:00:00
2026-05-19 07:00:00,14.9,15.0,14.45,14.65,12151800,0.0,0.0,0.0,0.0,0.0,0.0,0.0,0.0,1.0,0.0,14.65000000000004,14.90000000000004,15.000000000000039,14.450000000000038,-0.013559529785632251,0.0033613477027049274,-0.016920877488337063,0.03735578654376882,0.016758905091092943,-1.0,-0.05460750853242324,2026-05-20 07:00:00
2026-05-20 07:00:00,14.65,14.65,13.65,13.85,26783300,0.0,0.0,0.0,0.0,0.0,0.0,0.0,0.0,1.0,0.0,13.850000000000037,14.65000000000004,14.65000000000004,13.650000000000036,-0.05615510282972885,0.0,-0.05615510282972885,0.07070081383210754,0.023393060805916854,-1.0,-0.02527075812274371,2026-05-22 07:00:00
2026-05-21 07:00:00,13.85,13.95,13.6,13.6,5646200,0.0,0.0,0.0,0.0,0.0,0.0,0.0,0.0,1.0,0.0,13.600000000000035,13.850000000000037,13.950000000000037,13.600000000000035,-0.018215439891341216,0.0,-0.018215439891341216,0.02540971552536844,0.022619325766477037,0.0,-0.007352941176470562,2026-05-28 07:00:00
2026-05-22 07:00:00,13.7,13.7,13.45,13.5,6160600,0.0,0.0,0.0,0.0,0.0,0.0,0.0,0.0,1.0,0.0,13.500000000000036,13.700000000000037,13.700000000000037,13.450000000000035,-0.007380107297622534,0.0073260400920731016,-0.014706147389695562,0.018416726786231286,0.0215192473847463,1.0,0.022222222222222143,2026-05-26 07:00:00
2026-05-25 07:00:00,13.6,13.85,13.55,13.6,4744900,0.0,0.0,0.0,0.0,0.0,0.0,0.0,0.0,1.0,0.0,13.600000000000033,13.600000000000033,13.850000000000033,13.550000000000034,0.00738010729762246,0.00738010729762246,0.0,0.021898685307637524,0.02086980048042946,-1.0,-0.0404411764705882,2026-05-29 07:00:00
2026-05-26 07:00:00,13.7,14.15,13.65,13.8,7859600,0.0,0.0,0.0,0.0,0.0,0.0,0.0,0.0,1.0,0.0,13.800000000000036,13.700000000000037,14.150000000000038,13.650000000000036,0.014598799421152851,0.0073260400920731016,0.007272759329079657,0.03597510245827798,0.020697255067967907,,,
2026-05-27 07:00:00,13.85,13.9,13.75,13.75,3128400,0.0,0.0,0.0,0.0,0.0,0.0,0.0,0.0,1.0,0.0,13.750000000000036,13.850000000000037,13.900000000000038,13.750000000000037,-0.0036297680505787237,0.003616640470188515,-0.00724640852076731,0.010850016024065844,0.01968793691413426,,,
2026-05-28 07:00:00,13.8,13.85,13.5,13.5,4324500,0.0,0.0,0.0,0.0,0.0,0.0,0.0,0.0,1.0,0.0,13.500000000000036,13.800000000000038,13.850000000000037,13.500000000000036,-0.01834913866819654,0.0036297680505789523,-0.02197890671877534,0.025595547188963723,0.019284906594965547,,,
2026-05-29 07:00:00,13.45,13.55,13.05,13.05,5852300,0.0,0.0,0.0,0.0,0.0,0.0,0.0,0.0,1.0,0.0,13.050000000000033,13.450000000000031,13.550000000000034,13.050000000000033,-0.03390155167568146,-0.003710579396535936,-0.030190972279145568,0.03759841355700759,0.020367144379069505,,,
2026-06-01 07:00:00,13.25,13.4,13.1,13.2,5152700,0.0,0.0,0.0,0.0,0.0,0.0,0.0,0.0,1.0,0.0,13.200000000000031,13.250000000000032,13.400000000000032,13.100000000000032,0.01142869582362263,0.015209418663528708,-0.0037807228399060443,0.022642476749759752,0.020178534497076798,,,
